frequency,channel,power,log_power,patient
0.0,Fp1,2.7486760914950274e-09,-8.560876435116342,Healthy
0.244140625,Fp1,2.3436561507382733e-08,-7.63010610544876,Healthy
0.48828125,Fp1,4.858844267596377e-09,-8.313467020428126,Healthy
0.732421875,Fp1,1.2741395627981862e-09,-8.894782998975959,Healthy
0.9765625,Fp1,6.62644193261769e-10,-9.178719603392633,Healthy
1.220703125,Fp1,4.69105873339177e-10,-9.328729129528163,Healthy
1.46484375,Fp1,3.928654253344768e-10,-9.405756190193449,Healthy
1.708984375,Fp1,2.73370170072362e-10,-9.56324887703872,Healthy
1.953125,Fp1,1.6642977581567527e-10,-9.778768971821776,Healthy
2.197265625,Fp1,1.5157536993687956e-10,-9.819371363146768,Healthy
2.44140625,Fp1,1.4319873825985798e-10,-9.84406080862869,Healthy
2.685546875,Fp1,1.4197714105516236e-10,-9.84778157331236,Healthy
2.9296875,Fp1,1.24181831452467e-10,-9.90594193940198,Healthy
3.173828125,Fp1,9.6465870090561e-11,-10.015626314149866,Healthy
3.41796875,Fp1,6.810602100292037e-11,-10.16681449201153,Healthy
3.662109375,Fp1,6.798787393922951e-11,-10.167568539512718,Healthy
3.90625,Fp1,5.475849672882746e-11,-10.261548482951056,Healthy
4.150390625,Fp1,4.7359615072194265e-11,-10.324591836114134,Healthy
4.39453125,Fp1,3.6526143955364655e-11,-10.437396173594282,Healthy
4.638671875,Fp1,3.0823068024663343e-11,-10.51112413525203,Healthy
4.8828125,Fp1,2.8700890918977648e-11,-10.542104621900489,Healthy
5.126953125,Fp1,2.8170751128276767e-11,-10.550201573088176,Healthy
5.37109375,Fp1,2.5920530362010343e-11,-10.586356116576985,Healthy
5.615234375,Fp1,2.0746013371548155e-11,-10.683065346522037,Healthy
5.859375,Fp1,1.4731203473334693e-11,-10.831761771794286,Healthy
6.103515625,Fp1,1.61004219801059e-11,-10.793162741283068,Healthy
6.34765625,Fp1,1.6435350722259868e-11,-10.784221023853917,Healthy
6.591796875,Fp1,1.2264612366554532e-11,-10.911346173485049,Healthy
6.8359375,Fp1,1.0437101692928456e-11,-10.98142008500429,Healthy
7.080078125,Fp1,1.0346956085770531e-11,-10.98518739412818,Healthy
7.32421875,Fp1,1.0303469614260492e-11,-10.987016505334465,Healthy
7.568359375,Fp1,9.134161044315804e-12,-11.039331335619195,Healthy
7.8125,Fp1,7.739536272718993e-12,-11.11128506001899,Healthy
8.056640625,Fp1,7.755393897165932e-12,-11.110396139433709,Healthy
8.30078125,Fp1,8.058635273108917e-12,-11.093738499577226,Healthy
8.544921875,Fp1,8.56063434417203e-12,-11.06749405285015,Healthy
8.7890625,Fp1,1.155272029137351e-11,-10.93731574144888,Healthy
9.033203125,Fp1,1.202049816123425e-11,-10.920077533648415,Healthy
9.27734375,Fp1,1.2888277972362172e-11,-10.889805105692412,Healthy
9.521484375,Fp1,1.5421354455754888e-11,-10.811877480576412,Healthy
9.765625,Fp1,1.1756924698967062e-11,-10.929706263373028,Healthy
10.009765625,Fp1,9.522396365209814e-12,-11.021253745184469,Healthy
10.25390625,Fp1,6.209490894148977e-12,-11.206944005447484,Healthy
10.498046875,Fp1,5.038112670031323e-12,-11.297732124367537,Healthy
10.7421875,Fp1,4.4342478962607026e-12,-11.353180031345868,Healthy
10.986328125,Fp1,3.792786577814858e-12,-11.421041594598838,Healthy
11.23046875,Fp1,3.2046815729429663e-12,-11.494215116842216,Healthy
11.474609375,Fp1,2.7926980134657835e-12,-11.553976023903768,Healthy
11.71875,Fp1,2.4703154894222213e-12,-11.60724757849518,Healthy
11.962890625,Fp1,2.375146493932526e-12,-11.624309598862496,Healthy
12.20703125,Fp1,1.9891222889232083e-12,-11.701338516135513,Healthy
12.451171875,Fp1,2.2600171184150747e-12,-11.645888271292842,Healthy
12.6953125,Fp1,1.766072445674077e-12,-11.752991485293464,Healthy
12.939453125,Fp1,1.8221906663727925e-12,-11.739406182236108,Healthy
13.18359375,Fp1,1.870191312918644e-12,-11.728113964642615,Healthy
13.427734375,Fp1,1.9585811811584568e-12,-11.708058422687232,Healthy
13.671875,Fp1,1.7289210965104569e-12,-11.762224826351316,Healthy
13.916015625,Fp1,1.6359301154004625e-12,-11.786235252708831,Healthy
14.16015625,Fp1,1.5829604911154433e-12,-11.800529924496251,Healthy
14.404296875,Fp1,1.6412030898722426e-12,-11.784837674063642,Healthy
14.6484375,Fp1,1.3829934368529308e-12,-11.859179880877903,Healthy
14.892578125,Fp1,1.3170695979031589e-12,-11.880391275010377,Healthy
15.13671875,Fp1,1.4853298040393364e-12,-11.828177104480424,Healthy
15.380859375,Fp1,1.3782957177517257e-12,-11.860657593161768,Healthy
15.625,Fp1,1.5483277409811785e-12,-11.810137105000594,Healthy
15.869140625,Fp1,1.4799394758740897e-12,-11.829756045301924,Healthy
16.11328125,Fp1,1.3432247475420097e-12,-11.8718513153647,Healthy
16.357421875,Fp1,1.384675177893913e-12,-11.858652093020584,Healthy
16.6015625,Fp1,1.287766479616885e-12,-11.890162883721985,Healthy
16.845703125,Fp1,1.237110822367149e-12,-11.907591393833531,Healthy
17.08984375,Fp1,1.2483509808064832e-12,-11.903663293181346,Healthy
17.333984375,Fp1,1.2074162543361502e-12,-11.918142981935436,Healthy
17.578125,Fp1,1.4422816448426076e-12,-11.840949923488036,Healthy
17.822265625,Fp1,1.3777080583222285e-12,-11.860842801363262,Healthy
18.06640625,Fp1,1.4372083709094153e-12,-11.842480261945276,Healthy
18.310546875,Fp1,1.3867765060618149e-12,-11.857993524510697,Healthy
18.5546875,Fp1,1.2974383069107469e-12,-11.886913283656945,Healthy
18.798828125,Fp1,1.3334903745380697e-12,-11.875010114807315,Healthy
19.04296875,Fp1,1.344354084618531e-12,-11.871486328943808,Healthy
19.287109375,Fp1,1.2224066620884269e-12,-11.912784291866917,Healthy
19.53125,Fp1,1.1192397802104049e-12,-11.951076862473656,Healthy
19.775390625,Fp1,1.1676986740925625e-12,-11.932669212927578,Healthy
20.01953125,Fp1,1.1055795117258813e-12,-11.95641001811282,Healthy
20.263671875,Fp1,1.077515342056346e-12,-11.967576537480014,Healthy
20.5078125,Fp1,9.536965257629825e-13,-12.02058979946131,Healthy
20.751953125,Fp1,1.0764533227723025e-12,-11.968004797333224,Healthy
20.99609375,Fp1,9.416969626659216e-13,-12.0260888303444,Healthy
21.240234375,Fp1,1.1248516973493138e-12,-11.948904732013448,Healthy
21.484375,Fp1,9.949603684465653e-13,-12.002194217855031,Healthy
21.728515625,Fp1,9.043979792971366e-13,-12.043640416672856,Healthy
21.97265625,Fp1,8.25863489981273e-13,-12.083091732882222,Healthy
22.216796875,Fp1,9.144426785710185e-13,-12.038843512889075,Healthy
22.4609375,Fp1,9.21773164588837e-13,-12.035375939562153,Healthy
22.705078125,Fp1,8.026144292184737e-13,-12.09549303688522,Healthy
22.94921875,Fp1,7.4178079947158e-13,-12.129724412300831,Healthy
23.193359375,Fp1,6.88437137816166e-13,-12.162135709649547,Healthy
23.4375,Fp1,7.801945890674487e-13,-12.107797066003588,Healthy
23.681640625,Fp1,8.239263240526776e-13,-12.084111621419298,Healthy
23.92578125,Fp1,7.824901893193333e-13,-12.106521098830957,Healthy
24.169921875,Fp1,7.022379771527176e-13,-12.153515687513966,Healthy
24.4140625,Fp1,7.790890258699781e-13,-12.108412913014249,Healthy
24.658203125,Fp1,6.726909313724148e-13,-12.17218442705403,Healthy
24.90234375,Fp1,6.879284690990481e-13,-12.162456717419444,Healthy
25.146484375,Fp1,6.452624282323828e-13,-12.190263621870086,Healthy
25.390625,Fp1,6.104801202831618e-13,-12.214328473884366,Healthy
25.634765625,Fp1,6.126468445307708e-13,-12.212789799002818,Healthy
25.87890625,Fp1,6.546675433607676e-13,-12.1839791896855,Healthy
26.123046875,Fp1,6.730624966144856e-13,-12.17194460787907,Healthy
26.3671875,Fp1,7.342307061912384e-13,-12.134167456864777,Healthy
26.611328125,Fp1,6.509670368446059e-13,-12.18644100233648,Healthy
26.85546875,Fp1,6.39452642256255e-13,-12.194191613762914,Healthy
27.099609375,Fp1,6.538408463049485e-13,-12.184527951955811,Healthy
27.34375,Fp1,5.12465701602585e-13,-12.290335195839411,Healthy
27.587890625,Fp1,5.56667643299534e-13,-12.254404021633349,Healthy
27.83203125,Fp1,5.120770892507643e-13,-12.290664654422493,Healthy
28.076171875,Fp1,5.27579881332138e-13,-12.277711774143546,Healthy
28.3203125,Fp1,5.314883621384089e-13,-12.2745062406692,Healthy
28.564453125,Fp1,4.95223473099921e-13,-12.30519877837371,Healthy
28.80859375,Fp1,4.724881458741494e-13,-12.3256090829135,Healthy
29.052734375,Fp1,5.319016224317097e-13,-12.274168684971649,Healthy
29.296875,Fp1,5.494857526354912e-13,-12.260043563717296,Healthy
29.541015625,Fp1,5.056177216996972e-13,-12.296177712610346,Healthy
29.78515625,Fp1,4.796090903452436e-13,-12.319112594027391,Healthy
30.029296875,Fp1,4.4088395245343173e-13,-12.355675708585242,Healthy
30.2734375,Fp1,5.135465584771361e-13,-12.289420176851328,Healthy
30.517578125,Fp1,4.490224898694115e-13,-12.347731906253742,Healthy
30.76171875,Fp1,5.052301829652748e-13,-12.296510712147374,Healthy
31.005859375,Fp1,5.172398362816463e-13,-12.286308034427648,Healthy
31.25,Fp1,5.154858728852678e-13,-12.287783232246698,Healthy
31.494140625,Fp1,4.28700761303414e-13,-12.367845745251724,Healthy
31.73828125,Fp1,4.388320604920316e-13,-12.357701650955711,Healthy
31.982421875,Fp1,4.845816337196313e-13,-12.314633050217854,Healthy
32.2265625,Fp1,4.663564274126286e-13,-12.33128203333106,Healthy
32.470703125,Fp1,4.36973883219278e-13,-12.359544518893877,Healthy
32.71484375,Fp1,4.844787036776905e-13,-12.314725308558598,Healthy
32.958984375,Fp1,4.2395665281801843e-13,-12.372678545304217,Healthy
33.203125,Fp1,3.882240057036033e-13,-12.410917613661018,Healthy
33.447265625,Fp1,4.131185390667795e-13,-12.3839253152298,Healthy
33.69140625,Fp1,4.3166633748148413e-13,-12.36485181749165,Healthy
33.935546875,Fp1,4.283215499593376e-13,-12.368230074580822,Healthy
34.1796875,Fp1,4.3656213444883943e-13,-12.359953935857934,Healthy
34.423828125,Fp1,3.85974934993704e-13,-12.413440897264431,Healthy
34.66796875,Fp1,3.5211591817182e-13,-12.453314341252115,Healthy
34.912109375,Fp1,3.74065298926688e-13,-12.42705257831251,Healthy
35.15625,Fp1,3.808630038177778e-13,-12.419231211687,Healthy
35.400390625,Fp1,3.887982439102782e-13,-12.410275705324462,Healthy
35.64453125,Fp1,3.4651864216676414e-13,-12.460273396052546,Healthy
35.888671875,Fp1,3.285755322595869e-13,-12.483364779915815,Healthy
36.1328125,Fp1,4.0113006516442374e-13,-12.39671478592244,Healthy
36.376953125,Fp1,5.103669435812454e-13,-12.292117462588564,Healthy
36.62109375,Fp1,4.1892710376286253e-13,-12.377861540727675,Healthy
36.865234375,Fp1,3.926518400708213e-13,-12.405992362987588,Healthy
37.109375,Fp1,3.965530853817266e-13,-12.401698666744478,Healthy
37.353515625,Fp1,3.6967495266891224e-13,-12.43217997405818,Healthy
37.59765625,Fp1,3.728419999579613e-13,-12.428475171096562,Healthy
37.841796875,Fp1,3.68207567428705e-13,-12.433907290088506,Healthy
38.0859375,Fp1,3.353579212516692e-13,-12.47449143104016,Healthy
38.330078125,Fp1,3.534476944010156e-13,-12.451674846969672,Healthy
38.57421875,Fp1,4.714156406767936e-13,-12.3265960125055,Healthy
38.818359375,Fp1,4.059920903675754e-13,-12.391482427366594,Healthy
39.0625,Fp1,4.384902586208719e-13,-12.358040050357676,Healthy
39.306640625,Fp1,3.2641743376209533e-13,-12.48622665388729,Healthy
39.55078125,Fp1,3.4128440962478725e-13,-12.466883550480734,Healthy
39.794921875,Fp1,3.771585999107554e-13,-12.423475985121032,Healthy
0.0,Fp2,2.874061155321986e-09,-8.541503995027018,Healthy
0.244140625,Fp2,2.3559399893293232e-08,-7.627835776123925,Healthy
0.48828125,Fp2,5.1804747093317395e-09,-8.285630442147207,Healthy
0.732421875,Fp2,1.2849319099171844e-09,-8.891119885508353,Healthy
0.9765625,Fp2,6.671055340522545e-10,-9.175805456591627,Healthy
1.220703125,Fp2,4.804324642963745e-10,-9.31836765366629,Healthy
1.46484375,Fp2,4.037212930057433e-10,-9.3939183444935,Healthy
1.708984375,Fp2,2.7841689107751877e-10,-9.555304420357334,Healthy
1.953125,Fp2,1.7031937147645243e-10,-9.76873595422833,Healthy
2.197265625,Fp2,1.5248425900830762e-10,-9.816774986341276,Healthy
2.44140625,Fp2,1.4194637243443527e-10,-9.84787570177735,Healthy
2.685546875,Fp2,1.4256649741167703e-10,-9.845982520057088,Healthy
2.9296875,Fp2,1.2610352083244926e-10,-9.89927278767943,Healthy
3.173828125,Fp2,9.486956157338736e-11,-10.022873106446816,Healthy
3.41796875,Fp2,6.585607946767197e-11,-10.181404127195878,Healthy
3.662109375,Fp2,6.708465278482686e-11,-10.173376823694156,Healthy
3.90625,Fp2,5.32677334739396e-11,-10.273535781921806,Healthy
4.150390625,Fp2,4.749703323702357e-11,-10.323333516459943,Healthy
4.39453125,Fp2,3.710829638097782e-11,-10.430528983385624,Healthy
4.638671875,Fp2,2.992380761148385e-11,-10.52398314612022,Healthy
4.8828125,Fp2,2.801717328525464e-11,-10.552575683773396,Healthy
5.126953125,Fp2,2.7831789463522816e-11,-10.555458869513991,Healthy
5.37109375,Fp2,2.5840619339583168e-11,-10.58769708152293,Healthy
5.615234375,Fp2,1.9830275934934893e-11,-10.702671242618408,Healthy
5.859375,Fp2,1.4591306460408457e-11,-10.835905820982193,Healthy
6.103515625,Fp2,1.5776569251024196e-11,-10.801987431883187,Healthy
6.34765625,Fp2,1.6305559092137388e-11,-10.787664305323691,Healthy
6.591796875,Fp2,1.2306898146539518e-11,-10.909851393664324,Healthy
6.8359375,Fp2,1.021362456886211e-11,-10.990820109929484,Healthy
7.080078125,Fp2,9.793417659160787e-12,-11.00906572377422,Healthy
7.32421875,Fp2,1.0324413440736806e-11,-10.986134612474215,Healthy
7.568359375,Fp2,9.530904903618239e-12,-11.020865863685788,Healthy
7.8125,Fp2,7.883994928160301e-12,-11.103253663777767,Healthy
8.056640625,Fp2,7.791752531571146e-12,-11.108364849235162,Healthy
8.30078125,Fp2,8.30298875851607e-12,-11.080765550071176,Healthy
8.544921875,Fp2,7.982168728194685e-12,-11.097879096277705,Healthy
8.7890625,Fp2,1.0963234793857746e-11,-10.960061284734376,Healthy
9.033203125,Fp2,1.1853657166786156e-11,-10.926147637644164,Healthy
9.27734375,Fp2,1.2400877288903966e-11,-10.90654758997866,Healthy
9.521484375,Fp2,1.4081158456520925e-11,-10.851361614328956,Healthy
9.765625,Fp2,1.1133978448986098e-11,-10.95334962365199,Healthy
10.009765625,Fp2,8.779797900255701e-12,-11.056515480883638,Healthy
10.25390625,Fp2,5.642225512903855e-12,-11.24854955961056,Healthy
10.498046875,Fp2,4.669254961452017e-12,-11.33075241107058,Healthy
10.7421875,Fp2,4.252970384062777e-12,-11.371307641523666,Healthy
10.986328125,Fp2,3.701849632572735e-12,-11.431581226066692,Healthy
11.23046875,Fp2,3.166530292992468e-12,-11.499416352886453,Healthy
11.474609375,Fp2,2.5933724025659143e-12,-11.586135115021367,Healthy
11.71875,Fp2,2.4295850801165297e-12,-11.614467888048532,Healthy
11.962890625,Fp2,2.287564387770032e-12,-11.64062667306056,Healthy
12.20703125,Fp2,2.027481951203853e-12,-11.693043003221597,Healthy
12.451171875,Fp2,2.3176531686085722e-12,-11.63495155466637,Healthy
12.6953125,Fp2,1.996684414999972e-12,-11.69969057191184,Healthy
12.939453125,Fp2,1.9055009979629232e-12,-11.719990819439872,Healthy
13.18359375,Fp2,1.944478002590393e-12,-11.711196965557225,Healthy
13.427734375,Fp2,1.9813297085846018e-12,-11.703043248487576,Healthy
13.671875,Fp2,1.832227654038092e-12,-11.737020566284954,Healthy
13.916015625,Fp2,1.6571145469646892e-12,-11.780647470219604,Healthy
14.16015625,Fp2,1.768832691524099e-12,-11.752313243734791,Healthy
14.404296875,Fp2,1.870556045250675e-12,-11.728029275020727,Healthy
14.6484375,Fp2,1.6266368403364488e-12,-11.78870939595223,Healthy
14.892578125,Fp2,1.640192508772955e-12,-11.785105175982029,Healthy
15.13671875,Fp2,1.7017845604495366e-12,-11.769095420826131,Healthy
15.380859375,Fp2,1.48845716249962e-12,-11.827263659746006,Healthy
15.625,Fp2,1.6120653911038086e-12,-11.792617345645343,Healthy
15.869140625,Fp2,1.6891245892165226e-12,-11.772338315844218,Healthy
16.11328125,Fp2,1.5020642149314305e-12,-11.82331150035832,Healthy
16.357421875,Fp2,1.4487928468062176e-12,-11.838993706951491,Healthy
16.6015625,Fp2,1.500488196972056e-12,-11.82376741644044,Healthy
16.845703125,Fp2,1.4650386780644229e-12,-11.834150909474914,Healthy
17.08984375,Fp2,1.5508673907396809e-12,-11.809425335604937,Healthy
17.333984375,Fp2,1.6887031094334937e-12,-11.77244669694668,Healthy
17.578125,Fp2,1.642191448450638e-12,-11.784576213745856,Healthy
17.822265625,Fp2,1.5825518502280308e-12,-11.800642051990527,Healthy
18.06640625,Fp2,1.7515255760460813e-12,-11.75658351666511,Healthy
18.310546875,Fp2,1.656508620184265e-12,-11.780806299782794,Healthy
18.5546875,Fp2,1.5029675085783464e-12,-11.823050407967754,Healthy
18.798828125,Fp2,1.4833835668426656e-12,-11.828746536480407,Healthy
19.04296875,Fp2,1.5654773075064172e-12,-11.805353223349634,Healthy
19.287109375,Fp2,1.7082586537733264e-12,-11.767446370531232,Healthy
19.53125,Fp2,1.4491084508489262e-12,-11.838899110841632,Healthy
19.775390625,Fp2,1.5063331517220766e-12,-11.82207896574923,Healthy
20.01953125,Fp2,1.5562036157488933e-12,-11.807933579961482,Healthy
20.263671875,Fp2,1.3661487092243325e-12,-11.86450202387531,Healthy
20.5078125,Fp2,1.1575033050456213e-12,-11.936477760257286,Healthy
20.751953125,Fp2,1.4209553273840096e-12,-11.847419575398064,Healthy
20.99609375,Fp2,1.2607560567855802e-12,-11.899368936774035,Healthy
21.240234375,Fp2,1.4435399226268708e-12,-11.840571200742874,Healthy
21.484375,Fp2,1.2029284622541504e-12,-11.919760199237102,Healthy
21.728515625,Fp2,1.3009590524798638e-12,-11.885736372586686,Healthy
21.97265625,Fp2,1.1141090882625277e-12,-11.953072283030384,Healthy
22.216796875,Fp2,1.0693619990584792e-12,-11.97087525308816,Healthy
22.4609375,Fp2,1.0605587959878592e-12,-11.97446524976386,Healthy
22.705078125,Fp2,1.0441673038239112e-12,-11.981229910044258,Healthy
22.94921875,Fp2,1.0075823725792466e-12,-11.996719438989055,Healthy
23.193359375,Fp2,9.814084080454236e-13,-12.008150225596912,Healthy
23.4375,Fp2,9.67225927086931e-13,-12.014472070460076,Healthy
23.681640625,Fp2,9.620108033244812e-13,-12.01682005083343,Healthy
23.92578125,Fp2,9.445335408837384e-13,-12.024782615442424,Healthy
24.169921875,Fp2,8.513173511319473e-13,-12.069908514940687,Healthy
24.4140625,Fp2,9.663208823855204e-13,-12.014878635169527,Healthy
24.658203125,Fp2,8.48181657574992e-13,-12.071511123647236,Healthy
24.90234375,Fp2,8.602940394526798e-13,-12.065353086098217,Healthy
25.146484375,Fp2,9.474115909240095e-13,-12.023461306283654,Healthy
25.390625,Fp2,9.48077954093929e-13,-12.023155952070203,Healthy
25.634765625,Fp2,8.57090786581639e-13,-12.066973173382324,Healthy
25.87890625,Fp2,8.58827195687147e-13,-12.066094211616024,Healthy
26.123046875,Fp2,8.359150375293536e-13,-12.077837862043404,Healthy
26.3671875,Fp2,9.495169490587533e-13,-12.022497278618388,Healthy
26.611328125,Fp2,8.110161650624799e-13,-12.090970489404787,Healthy
26.85546875,Fp2,7.54399466696447e-13,-12.12239862728408,Healthy
27.099609375,Fp2,8.165781442798133e-13,-12.088002248152549,Healthy
27.34375,Fp2,7.373460475962199e-13,-12.132328643361948,Healthy
27.587890625,Fp2,7.186367377222851e-13,-12.143490584818206,Healthy
27.83203125,Fp2,7.351718398937892e-13,-12.133611136568843,Healthy
28.076171875,Fp2,7.105026308498444e-13,-12.148434309627495,Healthy
28.3203125,Fp2,6.673498876194287e-13,-12.17564640833071,Healthy
28.564453125,Fp2,6.80456729105017e-13,-12.167199486784549,Healthy
28.80859375,Fp2,6.838699777417145e-13,-12.165026461608836,Healthy
29.052734375,Fp2,7.171460464746908e-13,-12.144392391446338,Healthy
29.296875,Fp2,7.223740075921869e-13,-12.141237889165165,Healthy
29.541015625,Fp2,6.666927306759216e-13,-12.176074280204489,Healthy
29.78515625,Fp2,7.382818366331749e-13,-12.13177781605135,Healthy
30.029296875,Fp2,7.23352209098949e-13,-12.140650187874972,Healthy
30.2734375,Fp2,7.105725839559722e-13,-12.148391552920897,Healthy
30.517578125,Fp2,6.183414921296233e-13,-12.20877161036941,Healthy
30.76171875,Fp2,6.054947661849362e-13,-12.21788960648761,Healthy
31.005859375,Fp2,6.321565127475763e-13,-12.199175383414753,Healthy
31.25,Fp2,6.618828013334168e-13,-12.179218903672387,Healthy
31.494140625,Fp2,6.113755609269971e-13,-12.213691925712451,Healthy
31.73828125,Fp2,6.208075490616174e-13,-12.207043010667602,Healthy
31.982421875,Fp2,6.687307209311247e-13,-12.174748725215828,Healthy
32.2265625,Fp2,5.746906392712249e-13,-12.2405658767239,Healthy
32.470703125,Fp2,5.894798961142705e-13,-12.229531001689365,Healthy
32.71484375,Fp2,7.076625585271447e-13,-12.150173781723003,Healthy
32.958984375,Fp2,6.489391119153869e-13,-12.18779604988634,Healthy
33.203125,Fp2,6.467379392138662e-13,-12.189271661539452,Healthy
33.447265625,Fp2,6.613022158148189e-13,-12.179600022109966,Healthy
33.69140625,Fp2,6.993110791470158e-13,-12.155329591201635,Healthy
33.935546875,Fp2,5.785993970211819e-13,-12.237622023281382,Healthy
34.1796875,Fp2,6.015535814786327e-13,-12.220725683196765,Healthy
34.423828125,Fp2,6.230467193665317e-13,-12.205479386402889,Healthy
34.66796875,Fp2,5.828312121111029e-13,-12.234457198692276,Healthy
34.912109375,Fp2,5.91741914860446e-13,-12.227867667248448,Healthy
35.15625,Fp2,5.878843053855039e-13,-12.230708133917831,Healthy
35.400390625,Fp2,6.319749698007997e-13,-12.199300122180686,Healthy
35.64453125,Fp2,5.895422547598482e-13,-12.229485061898194,Healthy
35.888671875,Fp2,5.709501021955558e-13,-12.243401844973128,Healthy
36.1328125,Fp2,5.984717828870535e-13,-12.22295632115621,Healthy
36.376953125,Fp2,6.74872577458721e-13,-12.170778218473393,Healthy
36.62109375,Fp2,6.013229426047942e-13,-12.22089222596228,Healthy
36.865234375,Fp2,5.938935828870084e-13,-12.226291367317383,Healthy
37.109375,Fp2,6.037492109869599e-13,-12.219143423800238,Healthy
37.353515625,Fp2,5.947055934688993e-13,-12.225697976750002,Healthy
37.59765625,Fp2,5.918564515933596e-13,-12.227783613953603,Healthy
37.841796875,Fp2,5.957685808251388e-13,-12.22492240399789,Healthy
38.0859375,Fp2,5.15700849284623e-13,-12.287602153372571,Healthy
38.330078125,Fp2,5.877460449089645e-13,-12.230810284670044,Healthy
38.57421875,Fp2,6.104986260953139e-13,-12.214315309081744,Healthy
38.818359375,Fp2,5.514718365125671e-13,-12.258476661935488,Healthy
39.0625,Fp2,5.939928749386888e-13,-12.226218764435254,Healthy
39.306640625,Fp2,5.403446976623616e-13,-12.267329105854824,Healthy
39.55078125,Fp2,5.410609184117465e-13,-12.266753834633482,Healthy
39.794921875,Fp2,6.018392517236501e-13,-12.220519491153796,Healthy
0.0,F3,2.656724106809278e-09,-8.575653543486423,Healthy
0.244140625,F3,2.376777140865502e-08,-7.624011538099257,Healthy
0.48828125,F3,4.8047165651981555e-09,-8.318332226684523,Healthy
0.732421875,F3,1.1940963275048e-09,-8.922960637347057,Healthy
0.9765625,F3,6.165459502840696e-10,-9.210034550518127,Healthy
1.220703125,F3,4.4589328347479455e-10,-9.350769069412678,Healthy
1.46484375,F3,3.6576036837628445e-10,-9.436803353884038,Healthy
1.708984375,F3,2.518203383145349e-10,-9.59890919694034,Healthy
1.953125,F3,1.560733146195999e-10,-9.806671346163514,Healthy
2.197265625,F3,1.3914008922826855e-10,-9.856547722472316,Healthy
2.44140625,F3,1.2992963379710184e-10,-9.88629178559515,Healthy
2.685546875,F3,1.3059560163477975e-10,-9.88407144953806,Healthy
2.9296875,F3,1.1550362275130539e-10,-9.93740439398632,Healthy
3.173828125,F3,8.802664075516962e-11,-10.05538587123619,Healthy
3.41796875,F3,6.444230907702968e-11,-10.190828906467504,Healthy
3.662109375,F3,6.432482658025549e-11,-10.191621375974044,Healthy
3.90625,F3,5.064328389056733e-11,-10.295478140879476,Healthy
4.150390625,F3,4.6246406909396254e-11,-10.33492200389879,Healthy
4.39453125,F3,3.547414938226314e-11,-10.450088009486228,Healthy
4.638671875,F3,2.9088767143966e-11,-10.536274684869086,Healthy
4.8828125,F3,2.6422525696987623e-11,-10.578025671057697,Healthy
5.126953125,F3,2.6476310439452206e-11,-10.577142535373884,Healthy
5.37109375,F3,2.4025682347648694e-11,-10.619324269190722,Healthy
5.615234375,F3,1.9240283034748308e-11,-10.715788543549492,Healthy
5.859375,F3,1.3518748127239075e-11,-10.869063523379925,Healthy
6.103515625,F3,1.5186094909715597e-11,-10.8185538902057,Healthy
6.34765625,F3,1.5053815427402372e-11,-10.822353413089315,Healthy
6.591796875,F3,1.1383837716429756e-11,-10.943711304013144,Healthy
6.8359375,F3,9.370948785196379e-12,-11.02821643565278,Healthy
7.080078125,F3,9.181021127349259e-12,-11.03710901320938,Healthy
7.32421875,F3,9.49807936984944e-12,-11.022364205595904,Healthy
7.568359375,F3,8.419417764907814e-12,-11.074717940594256,Healthy
7.8125,F3,6.881219323636956e-12,-11.162334599757544,Healthy
8.056640625,F3,6.716343818466622e-12,-11.17286707985965,Healthy
8.30078125,F3,6.873313716158705e-12,-11.162833833293432,Healthy
8.544921875,F3,7.175946299148104e-12,-11.144120819973846,Healthy
8.7890625,F3,8.756517328218817e-12,-11.057668588566658,Healthy
9.033203125,F3,8.408869869137245e-12,-11.075262368361164,Healthy
9.27734375,F3,8.737428150792155e-12,-11.058616382501516,Healthy
9.521484375,F3,1.0255267311702792e-11,-10.989053014916829,Healthy
9.765625,F3,8.418868435646781e-12,-11.074746277286488,Healthy
10.009765625,F3,7.40824112850914e-12,-11.130284890381647,Healthy
10.25390625,F3,5.318168475154093e-12,-11.274237908698549,Healthy
10.498046875,F3,4.090549535479615e-12,-11.38821834377883,Healthy
10.7421875,F3,4.00641751254001e-12,-11.39724379444734,Healthy
10.986328125,F3,3.3330627524443158e-12,-11.477156509686685,Healthy
11.23046875,F3,3.004914869154533e-12,-11.52216782728192,Healthy
11.474609375,F3,2.5273743136249584e-12,-11.597330432673209,Healthy
11.71875,F3,2.3303102066983964e-12,-11.63258626262632,Healthy
11.962890625,F3,2.2231398812024334e-12,-11.653033210390031,Healthy
12.20703125,F3,1.912468634754679e-12,-11.71840567871796,Healthy
12.451171875,F3,2.1334484553285762e-12,-11.670917845345937,Healthy
12.6953125,F3,1.7750058884689326e-12,-11.750800201862226,Healthy
12.939453125,F3,1.7088865056393937e-12,-11.76728677964982,Healthy
13.18359375,F3,1.8137137161219522e-12,-11.741431262656558,Healthy
13.427734375,F3,1.7407720670168153e-12,-11.759258090753622,Healthy
13.671875,F3,1.4798152452250225e-12,-11.829792502840125,Healthy
13.916015625,F3,1.4168478484598805e-12,-11.848676784983423,Healthy
14.16015625,F3,1.4344027603384474e-12,-11.843328887696709,Healthy
14.404296875,F3,1.3594082321067717e-12,-11.866650104468398,Healthy
14.6484375,F3,1.2349083540753633e-12,-11.908365271389096,Healthy
14.892578125,F3,1.2305510377792317e-12,-11.909900368985786,Healthy
15.13671875,F3,1.2914745448029344e-12,-11.88891414942916,Healthy
15.380859375,F3,1.270773631177977e-12,-11.895931805453886,Healthy
15.625,F3,1.294548077770084e-12,-11.887881815818124,Healthy
15.869140625,F3,1.2983412938426138e-12,-11.886611129916735,Healthy
16.11328125,F3,1.1644872894515728e-12,-11.933865247490976,Healthy
16.357421875,F3,1.0840956107298396e-12,-11.964932413940366,Healthy
16.6015625,F3,1.1279419743789389e-12,-11.947713241536384,Healthy
16.845703125,F3,1.1335920268596498e-12,-11.945543217368073,Healthy
17.08984375,F3,1.111642100429819e-12,-11.95403501385749,Healthy
17.333984375,F3,1.0061366133149945e-12,-11.997343046734636,Healthy
17.578125,F3,1.1093642713608761e-12,-11.954925825297533,Healthy
17.822265625,F3,1.0388035395044553e-12,-11.98346657927316,Healthy
18.06640625,F3,1.119911654514228e-12,-11.950816235785426,Healthy
18.310546875,F3,1.0676529385954928e-12,-11.971569900255547,Healthy
18.5546875,F3,1.008541095505773e-12,-11.996306400685958,Healthy
18.798828125,F3,1.0331583602023345e-12,-11.98583310569149,Healthy
19.04296875,F3,1.0293513143212942e-12,-11.987436376615896,Healthy
19.287109375,F3,1.0167662338552944e-12,-11.992778884851583,Healthy
19.53125,F3,9.138726721291105e-13,-12.039114309346914,Healthy
19.775390625,F3,8.959798545123427e-13,-12.047701755039306,Healthy
20.01953125,F3,8.398278604971568e-13,-12.075809722149284,Healthy
20.263671875,F3,8.683604479623173e-13,-12.06129996599019,Healthy
20.5078125,F3,7.975146933227342e-13,-12.098261306803446,Healthy
20.751953125,F3,8.13571583246448e-13,-12.089604229031709,Healthy
20.99609375,F3,8.35591743568688e-13,-12.07800585990795,Healthy
21.240234375,F3,8.860690320440878e-13,-12.052532441693154,Healthy
21.484375,F3,8.160135573914318e-13,-12.088302625742,Healthy
21.728515625,F3,7.371820169685343e-13,-12.132425267629024,Healthy
21.97265625,F3,6.865539614969738e-13,-12.163325322579633,Healthy
22.216796875,F3,6.925889550622599e-13,-12.15952443856444,Healthy
22.4609375,F3,7.360106246221412e-13,-12.133115916394209,Healthy
22.705078125,F3,6.53491739323358e-13,-12.184759897890563,Healthy
22.94921875,F3,6.102895011683325e-13,-12.21446410116233,Healthy
23.193359375,F3,6.01873683757945e-13,-12.2204946452922,Healthy
23.4375,F3,6.335636766846214e-13,-12.19820972956823,Healthy
23.681640625,F3,6.0291929529147e-13,-12.219740817138929,Healthy
23.92578125,F3,5.711651997811521e-13,-12.243238261321917,Healthy
24.169921875,F3,5.487956770692014e-13,-12.260589318278685,Healthy
24.4140625,F3,6.293328873058354e-13,-12.201119572555308,Healthy
24.658203125,F3,5.803133476328158e-13,-12.23633744022883,Healthy
24.90234375,F3,5.57409570710589e-13,-12.25382557873159,Healthy
25.146484375,F3,5.431553465295411e-13,-12.265075941144616,Healthy
25.390625,F3,4.825971046851848e-13,-12.3164152879453,Healthy
25.634765625,F3,4.989188005964339e-13,-12.301970130373414,Healthy
25.87890625,F3,4.79160130414209e-13,-12.319519325555008,Healthy
26.123046875,F3,4.694613632910905e-13,-12.328400144398818,Healthy
26.3671875,F3,5.249545578382165e-13,-12.27987828923074,Healthy
26.611328125,F3,4.793818577154388e-13,-12.319318405936835,Healthy
26.85546875,F3,4.662978007109325e-13,-12.3313366328864,Healthy
27.099609375,F3,4.685055710482414e-13,-12.32928524050486,Healthy
27.34375,F3,4.063548798745993e-13,-12.391094520481383,Healthy
27.587890625,F3,4.1647445743768993e-13,-12.380411628912722,Healthy
27.83203125,F3,4.261278590760368e-13,-12.370460071883835,Healthy
28.076171875,F3,3.782331648213887e-13,-12.422240393345453,Healthy
28.3203125,F3,4.180682381445561e-13,-12.3787528258065,Healthy
28.564453125,F3,4.032763978929529e-13,-12.394397194716406,Healthy
28.80859375,F3,3.700540459024786e-13,-12.431734843167824,Healthy
29.052734375,F3,3.851570230318309e-13,-12.414362178716289,Healthy
29.296875,F3,4.235394532880077e-13,-12.37310612831508,Healthy
29.541015625,F3,3.92047345831877e-13,-12.406661481979842,Healthy
29.78515625,F3,3.6843718144363204e-13,-12.433636548722244,Healthy
30.029296875,F3,4.006784674032318e-13,-12.397203996072989,Healthy
30.2734375,F3,3.53772073006622e-13,-12.451276453556948,Healthy
30.517578125,F3,3.065129222526718e-13,-12.513551211374836,Healthy
30.76171875,F3,3.3886230084864697e-13,-12.469976744659556,Healthy
31.005859375,F3,3.5448339706108945e-13,-12.450404101055272,Healthy
31.25,F3,3.542095535965668e-13,-12.450739729373169,Healthy
31.494140625,F3,3.445546209360546e-13,-12.462741921243206,Healthy
31.73828125,F3,3.587954989987393e-13,-12.4451530137112,Healthy
31.982421875,F3,3.5881374727276054e-13,-12.445130926134278,Healthy
32.2265625,F3,3.536712170157495e-13,-12.4514002831309,Healthy
32.470703125,F3,3.1975150703431453e-13,-12.495187399952844,Healthy
32.71484375,F3,3.3966314072065254e-13,-12.468951578976766,Healthy
32.958984375,F3,2.963592912272213e-13,-12.52818145254692,Healthy
33.203125,F3,2.7637296632040056e-13,-12.55850444014033,Healthy
33.447265625,F3,3.020936446091688e-13,-12.519858411238475,Healthy
33.69140625,F3,3.407370743975317e-13,-12.46758060981258,Healthy
33.935546875,F3,3.074739278316663e-13,-12.512191704210158,Healthy
34.1796875,F3,3.0188947397129694e-13,-12.520152029328267,Healthy
34.423828125,F3,2.872027451076902e-13,-12.541811413387173,Healthy
34.66796875,F3,2.805550309674728e-13,-12.551981939037438,Healthy
34.912109375,F3,3.063448642977676e-13,-12.513789395977811,Healthy
35.15625,F3,2.683463331951469e-13,-12.57130433473131,Healthy
35.400390625,F3,2.733381994754037e-13,-12.563299670678004,Healthy
35.64453125,F3,2.556327748029091e-13,-12.592383465836246,Healthy
35.888671875,F3,2.631925500865446e-13,-12.579726407999171,Healthy
36.1328125,F3,2.950315640127085e-13,-12.530131518451537,Healthy
36.376953125,F3,3.398632577882582e-13,-12.468695783938047,Healthy
36.62109375,F3,3.017843002370614e-13,-12.520303357329691,Healthy
36.865234375,F3,2.849021926598128e-13,-12.54530420833724,Healthy
37.109375,F3,2.7406218750636016e-13,-12.562150880148724,Healthy
37.353515625,F3,2.716817435540265e-13,-12.565939544284111,Healthy
37.59765625,F3,2.4914503623988204e-13,-12.603547760931628,Healthy
37.841796875,F3,2.6318792288007137e-13,-12.579734043427694,Healthy
38.0859375,F3,2.9796584935056146e-13,-12.52583350870397,Healthy
38.330078125,F3,2.779393920149573e-13,-12.556049896827016,Healthy
38.57421875,F3,2.6459525895415454e-13,-12.57741794181328,Healthy
38.818359375,F3,2.804458976396752e-13,-12.552150908464172,Healthy
39.0625,F3,2.5400584862046254e-13,-12.595156283402304,Healthy
39.306640625,F3,2.227475446854872e-13,-12.652187074431026,Healthy
39.55078125,F3,2.566383243315237e-13,-12.590678489025406,Healthy
39.794921875,F3,2.689500258941979e-13,-12.570328409568765,Healthy
0.0,F4,3.0728516560768798e-09,-8.51245840508768,Healthy
0.244140625,F4,2.7489494636237043e-08,-7.560833244103822,Healthy
0.48828125,F4,5.448976663994897e-09,-8.263685052018802,Healthy
0.732421875,F4,1.2588628484022066e-09,-8.90002158317785,Healthy
0.9765625,F4,6.479724220780215e-10,-9.188443477453797,Healthy
1.220703125,F4,4.755708302065842e-10,-9.322784791288049,Healthy
1.46484375,F4,3.9400840054817515e-10,-9.404494518598728,Healthy
1.708984375,F4,2.776969370059936e-10,-9.556428910486442,Healthy
1.953125,F4,1.706850196655538e-10,-9.767804593484422,Healthy
2.197265625,F4,1.5398911862294163e-10,-9.812509966754288,Healthy
2.44140625,F4,1.444626994986151e-10,-9.840244273966944,Healthy
2.685546875,F4,1.5032347729844688e-10,-9.822973186645818,Healthy
2.9296875,F4,1.3577714358641448e-10,-9.867173332041853,Healthy
3.173828125,F4,1.0757536923306227e-10,-9.96828715460533,Healthy
3.41796875,F4,7.898943919407186e-11,-10.102430969549186,Healthy
3.662109375,F4,8.086686906036998e-11,-10.092229371234962,Healthy
3.90625,F4,6.539556041422418e-11,-10.184451734138271,Healthy
4.150390625,F4,6.074322094825077e-11,-10.21650218306372,Healthy
4.39453125,F4,4.856517418567304e-11,-10.313675049268536,Healthy
4.638671875,F4,3.9567544100278766e-11,-10.40266090492217,Healthy
4.8828125,F4,3.851703027774787e-11,-10.414347205028964,Healthy
5.126953125,F4,3.88139498623211e-11,-10.411012159472708,Healthy
5.37109375,F4,3.749322032146128e-11,-10.426047256090136,Healthy
5.615234375,F4,3.0438190310418824e-11,-10.51658117192651,Healthy
5.859375,F4,2.2068970005195968e-11,-10.65621793559676,Healthy
6.103515625,F4,2.302309551150832e-11,-10.637836284824983,Healthy
6.34765625,F4,2.5131918493143988e-11,-10.599774357440708,Healthy
6.591796875,F4,1.9588414199163445e-11,-10.708000721352349,Healthy
6.8359375,F4,1.5883896289494184e-11,-10.799042957231892,Healthy
7.080078125,F4,1.5285074000574884e-11,-10.815732454356043,Healthy
7.32421875,F4,1.6512418302450093e-11,-10.78218931810613,Healthy
7.568359375,F4,1.602515429596971e-11,-10.795197780244989,Healthy
7.8125,F4,1.328453470260436e-11,-10.876653652366254,Healthy
8.056640625,F4,1.2065211680642764e-11,-10.918465054117515,Healthy
8.30078125,F4,1.1519596986227744e-11,-10.938562714464808,Healthy
8.544921875,F4,1.0447283852119936e-11,-10.98099660537722,Healthy
8.7890625,F4,1.2522338362930617e-11,-10.902314565431247,Healthy
9.033203125,F4,1.2383843389977179e-11,-10.907144548852624,Healthy
9.27734375,F4,1.1877618610714552e-11,-10.925270623992605,Healthy
9.521484375,F4,1.2853345255539084e-11,-10.890983826655953,Healthy
9.765625,F4,1.1084861043485804e-11,-10.955269746701552,Healthy
10.009765625,F4,9.466394457557759e-12,-11.023815402765612,Healthy
10.25390625,F4,7.440962742142835e-12,-11.128370870025313,Healthy
10.498046875,F4,6.518435676334386e-12,-11.18585661571737,Healthy
10.7421875,F4,6.0188156013025036e-12,-11.220488961969036,Healthy
10.986328125,F4,5.066723475973957e-12,-11.295272797334686,Healthy
11.23046875,F4,4.911763121197512e-12,-11.308762586011316,Healthy
11.474609375,F4,4.0482918380393256e-12,-11.392728187106608,Healthy
11.71875,F4,3.742907027527579e-12,-11.426790960471262,Healthy
11.962890625,F4,3.271789762506149e-12,-11.485214610843297,Healthy
12.20703125,F4,3.370855097113689e-12,-11.472259916086715,Healthy
12.451171875,F4,3.2673723361919098e-12,-11.485801372307645,Healthy
12.6953125,F4,2.9444842943852697e-12,-11.53099075782589,Healthy
12.939453125,F4,2.787522533770547e-12,-11.5547816131805,Healthy
13.18359375,F4,2.703666718191618e-12,-11.56804684504222,Healthy
13.427734375,F4,2.445932093838215e-12,-11.61155560440551,Healthy
13.671875,F4,2.3597006711287496e-12,-11.627143083945905,Healthy
13.916015625,F4,2.220636841587292e-12,-11.653522459277012,Healthy
14.16015625,F4,2.2752967208987597e-12,-11.642961959074537,Healthy
14.404296875,F4,2.243540678397641e-12,-11.649066051718842,Healthy
14.6484375,F4,2.031441641524998e-12,-11.692195649403388,Healthy
14.892578125,F4,2.071333427896268e-12,-11.683749985973789,Healthy
15.13671875,F4,2.133966136495895e-12,-11.670812476593676,Healthy
15.380859375,F4,1.879195227833192e-12,-11.726028099108454,Healthy
15.625,F4,1.8916082829529915e-12,-11.723168792968671,Healthy
15.869140625,F4,2.072505946573291e-12,-11.683504214668998,Healthy
16.11328125,F4,1.879925438394675e-12,-11.72585937538308,Healthy
16.357421875,F4,1.788439916941516e-12,-11.74752564549492,Healthy
16.6015625,F4,1.788888998218138e-12,-11.747416606865253,Healthy
16.845703125,F4,1.5917388090678561e-12,-11.798128194818707,Healthy
17.08984375,F4,1.7467674962851761e-12,-11.757764897993727,Healthy
17.333984375,F4,1.720330947619818e-12,-11.76438799791842,Healthy
17.578125,F4,1.701389579274391e-12,-11.76919623150378,Healthy
17.822265625,F4,1.5927953622199238e-12,-11.79784001752436,Healthy
18.06640625,F4,1.6042667999442228e-12,-11.79472340406428,Healthy
18.310546875,F4,1.687128713105109e-12,-11.772851783291772,Healthy
18.5546875,F4,1.639394310906577e-12,-11.78531657635332,Healthy
18.798828125,F4,1.6210839356258445e-12,-11.790194497899538,Healthy
19.04296875,F4,1.608937963407955e-12,-11.7934607008786,Healthy
19.287109375,F4,1.6594395508838425e-12,-11.780038563198575,Healthy
19.53125,F4,1.50967764431799e-12,-11.821115776044172,Healthy
19.775390625,F4,1.500189703397175e-12,-11.823853819658105,Healthy
20.01953125,F4,1.5612548702984989e-12,-11.806526193844093,Healthy
20.263671875,F4,1.4701973585464432e-12,-11.83262436186783,Healthy
20.5078125,F4,1.2845408442141452e-12,-11.891252082028382,Healthy
20.751953125,F4,1.3634450630446493e-12,-11.865362356290172,Healthy
20.99609375,F4,1.4536812088431165e-12,-11.837530823477056,Healthy
21.240234375,F4,1.3562145495484534e-12,-11.867671600797593,Healthy
21.484375,F4,1.2447430913023394e-12,-11.904920275510504,Healthy
21.728515625,F4,1.263854713029391e-12,-11.89830284769618,Healthy
21.97265625,F4,1.1550552735758622e-12,-11.93739723271156,Healthy
22.216796875,F4,1.2095730293124774e-12,-11.91736790549974,Healthy
22.4609375,F4,1.2296195547936004e-12,-11.910229238813915,Healthy
22.705078125,F4,1.123314402641616e-12,-11.949498672748229,Healthy
22.94921875,F4,1.0153692331055718e-12,-11.993376000370958,Healthy
23.193359375,F4,1.0034547984419997e-12,-11.998502185936186,Healthy
23.4375,F4,1.0434918112434832e-12,-11.981510954692176,Healthy
23.681640625,F4,9.965458205144748e-13,-12.001502727932785,Healthy
23.92578125,F4,9.57350181752812e-13,-12.018929175927372,Healthy
24.169921875,F4,8.980755827504525e-13,-12.046687111227891,Healthy
24.4140625,F4,9.564490339201952e-13,-12.019338167170345,Healthy
24.658203125,F4,9.285902775399269e-13,-12.032175867765329,Healthy
24.90234375,F4,9.73727087369089e-13,-12.011562748519632,Healthy
25.146484375,F4,9.209795941965634e-13,-12.035749992198385,Healthy
25.390625,F4,8.921262432974358e-13,-12.04957368498705,Healthy
25.634765625,F4,8.882456657340223e-13,-12.051466903008226,Healthy
25.87890625,F4,8.205587052442058e-13,-12.085890342762518,Healthy
26.123046875,F4,8.42817346952969e-13,-12.074266534278436,Healthy
26.3671875,F4,9.086094952526421e-13,-12.041622728984876,Healthy
26.611328125,F4,8.5476390679552e-13,-12.068153824611011,Healthy
26.85546875,F4,8.026391439935523e-13,-12.09547966393204,Healthy
27.099609375,F4,7.707281163863017e-13,-12.113098797535734,Healthy
27.34375,F4,6.846917079447592e-13,-12.164504931685244,Healthy
27.587890625,F4,6.86813923583988e-13,-12.16316090909295,Healthy
27.83203125,F4,7.293279298022638e-13,-12.137077154698698,Healthy
28.076171875,F4,7.243368462014569e-13,-12.140059422165072,Healthy
28.3203125,F4,6.934447966501136e-13,-12.158988106277052,Healthy
28.564453125,F4,6.725076847873743e-13,-12.172302748586992,Healthy
28.80859375,F4,6.87850730934038e-13,-12.162505796888205,Healthy
29.052734375,F4,6.192108360560696e-13,-12.208161452198906,Healthy
29.296875,F4,6.577970583719481e-13,-12.181908072987277,Healthy
29.541015625,F4,6.84730014773913e-13,-12.164480634649133,Healthy
29.78515625,F4,6.408645178988573e-13,-12.193233772896056,Healthy
30.029296875,F4,5.867092923556021e-13,-12.231577033333346,Healthy
30.2734375,F4,5.707232206699069e-13,-12.243574457215102,Healthy
30.517578125,F4,5.354601660930452e-13,-12.271272831628472,Healthy
30.76171875,F4,5.272040970419903e-13,-12.27802122338405,Healthy
31.005859375,F4,5.982287804513938e-13,-12.223132697137938,Healthy
31.25,F4,6.039011173418352e-13,-12.21903416685642,Healthy
31.494140625,F4,5.657446970360315e-13,-12.247379508179744,Healthy
31.73828125,F4,4.716488803174522e-13,-12.326381192228183,Healthy
31.982421875,F4,5.209426318341294e-13,-12.283210100212324,Healthy
32.2265625,F4,5.708507553010097e-13,-12.243477419987668,Healthy
32.470703125,F4,4.885303175424061e-13,-12.31110847937037,Healthy
32.71484375,F4,5.104980108743318e-13,-12.292005945776843,Healthy
32.958984375,F4,5.150178816092285e-13,-12.288177691833766,Healthy
33.203125,F4,4.467261104162482e-13,-12.349958662978576,Healthy
33.447265625,F4,5.027633579714529e-13,-12.2986363817631,Healthy
33.69140625,F4,5.336632598184139e-13,-12.272732695280286,Healthy
33.935546875,F4,4.665910601976177e-13,-12.331063586468192,Healthy
34.1796875,F4,4.56889833979233e-13,-12.340188505099997,Healthy
34.423828125,F4,4.2765006782231734e-13,-12.36891145475878,Healthy
34.66796875,F4,4.2779011053638405e-13,-12.368769259477256,Healthy
34.912109375,F4,4.714908461723805e-13,-12.3265267345182,Healthy
35.15625,F4,4.842426083095357e-13,-12.314936999818723,Healthy
35.400390625,F4,4.700515577943516e-13,-12.32785450368653,Healthy
35.64453125,F4,4.146623983903164e-13,-12.38230534469864,Healthy
35.888671875,F4,4.028598861985872e-13,-12.394845974284271,Healthy
36.1328125,F4,4.4112033387190994e-13,-12.355442922532568,Healthy
36.376953125,F4,4.480943132894234e-13,-12.348630567630574,Healthy
36.62109375,F4,4.1497999618814713e-13,-12.381972837636075,Healthy
36.865234375,F4,4.284832548053109e-13,-12.368066145707532,Healthy
37.109375,F4,4.976197022803611e-13,-12.303102432934905,Healthy
37.353515625,F4,4.024924491074005e-13,-12.395242262729033,Healthy
37.59765625,F4,3.916589849436606e-13,-12.40709190597394,Healthy
37.841796875,F4,3.855436586118827e-13,-12.413926435717714,Healthy
38.0859375,F4,4.1205830235557783e-13,-12.385041331054422,Healthy
38.330078125,F4,3.9218764130884933e-13,-12.406506096022486,Healthy
38.57421875,F4,3.650431072771096e-13,-12.437655847469124,Healthy
38.818359375,F4,3.847978658459925e-13,-12.414767345298152,Healthy
39.0625,F4,4.003509540883221e-13,-12.39755913217542,Healthy
39.306640625,F4,3.923837877568422e-13,-12.406288944801762,Healthy
39.55078125,F4,3.7214273830513364e-13,-12.429290451063562,Healthy
39.794921875,F4,3.876389706418965e-13,-12.411572568349978,Healthy
0.0,C3,4.5315778521509526e-10,-9.343750554461918,Healthy
0.244140625,C3,4.463333616974859e-09,-8.350340650108562,Healthy
0.48828125,C3,2.041952863188572e-09,-8.689954287466238,Healthy
0.732421875,C3,9.99636365464266e-10,-9.000157953192657,Healthy
0.9765625,C3,6.042804751443436e-10,-9.21876143797736,Healthy
1.220703125,C3,4.362389041636583e-10,-9.3602756062718,Healthy
1.46484375,C3,3.6433780279647656e-10,-9.43849576509034,Healthy
1.708984375,C3,2.5394563248421943e-10,-9.59525925203922,Healthy
1.953125,C3,1.5953929746285243e-10,-9.797132324712258,Healthy
2.197265625,C3,1.4395026475528735e-10,-9.841787532024838,Healthy
2.44140625,C3,1.3221689525213575e-10,-9.87871304525928,Healthy
2.685546875,C3,1.3505400967928475e-10,-9.869492517320758,Healthy
2.9296875,C3,1.195560630696845e-10,-9.922428394529902,Healthy
3.173828125,C3,8.996156924424829e-11,-10.045942977556397,Healthy
3.41796875,C3,6.5081795030864e-11,-10.186540477227984,Healthy
3.662109375,C3,6.494764474856918e-11,-10.1874365934939,Healthy
3.90625,C3,5.299304004019097e-11,-10.27578116569403,Healthy
4.150390625,C3,4.7310998055498885e-11,-10.32503789013736,Healthy
4.39453125,C3,3.59055702490654e-11,-10.444838171455798,Healthy
4.638671875,C3,2.9029392307532588e-11,-10.537162055461735,Healthy
4.8828125,C3,2.6799230334688503e-11,-10.571877678590525,Healthy
5.126953125,C3,2.7684356562298083e-11,-10.557765565873945,Healthy
5.37109375,C3,2.554112014324436e-11,-10.59276006003414,Healthy
5.615234375,C3,2.0202398357875262e-11,-10.694597069575098,Healthy
5.859375,C3,1.3647191910924308e-11,-10.864956701227593,Healthy
6.103515625,C3,1.5017919327954825e-11,-10.823390232909862,Healthy
6.34765625,C3,1.4915495830023134e-11,-10.826362304979504,Healthy
6.591796875,C3,1.1439666649145011e-11,-10.941586630660666,Healthy
6.8359375,C3,8.742976976843148e-12,-11.05834066525145,Healthy
7.080078125,C3,8.881043991024146e-12,-11.051535978715687,Healthy
7.32421875,C3,9.29311889426832e-12,-11.031838506539437,Healthy
7.568359375,C3,8.333317383465111e-12,-11.07918207728119,Healthy
7.8125,C3,7.071341988827602e-12,-11.150498158616692,Healthy
8.056640625,C3,6.187785498681819e-12,-11.208464749651643,Healthy
8.30078125,C3,5.565950719657982e-12,-11.2544606431826,Healthy
8.544921875,C3,5.1563723819801195e-12,-11.287655726384708,Healthy
8.7890625,C3,5.803842093545977e-12,-11.236284412022473,Healthy
9.033203125,C3,5.044392933364369e-12,-11.297191091380204,Healthy
9.27734375,C3,4.568003504298146e-12,-11.340273571597418,Healthy
9.521484375,C3,4.142033775288673e-12,-11.38278636407084,Healthy
9.765625,C3,4.106789267290393e-12,-11.386497581636483,Healthy
10.009765625,C3,4.378034087004189e-12,-11.358720861374712,Healthy
10.25390625,C3,3.687473765160906e-12,-11.433271060827035,Healthy
10.498046875,C3,2.7709813659446595e-12,-11.557366394713842,Healthy
10.7421875,C3,2.846185931663808e-12,-11.54573673234098,Healthy
10.986328125,C3,2.696413980561818e-12,-11.569213429766034,Healthy
11.23046875,C3,2.407186158401436e-12,-11.61849032250425,Healthy
11.474609375,C3,2.2270536911443546e-12,-11.652269312608244,Healthy
11.71875,C3,1.7753073993128053e-12,-11.75072643682493,Healthy
11.962890625,C3,1.758697578272382e-12,-11.75480883443642,Healthy
12.20703125,C3,1.6231508255533217e-12,-11.789641123019033,Healthy
12.451171875,C3,1.7363272372035298e-12,-11.76036842206342,Healthy
12.6953125,C3,1.4764197781420433e-12,-11.830790145621856,Healthy
12.939453125,C3,1.5202509296491677e-12,-11.818084722339645,Healthy
13.18359375,C3,1.522344864219178e-12,-11.817486953569553,Healthy
13.427734375,C3,1.4415191513136333e-12,-11.841179583414808,Healthy
13.671875,C3,1.2624042126127122e-12,-11.89880156490192,Healthy
13.916015625,C3,1.316580055124531e-12,-11.880552728322604,Healthy
14.16015625,C3,1.2758554672085449e-12,-11.894198521029454,Healthy
14.404296875,C3,1.232758222261833e-12,-11.90912209212594,Healthy
14.6484375,C3,1.1243350213127669e-12,-11.94910426151777,Healthy
14.892578125,C3,1.1109132406045579e-12,-11.954319856988905,Healthy
15.13671875,C3,1.1364367109743557e-12,-11.944454745455904,Healthy
15.380859375,C3,1.1802495220891634e-12,-11.92802616675274,Healthy
15.625,C3,1.107656528481792e-12,-11.955594888443567,Healthy
15.869140625,C3,1.197494537278306e-12,-11.921726459070223,Healthy
16.11328125,C3,9.776897817921441e-13,-12.009798923768326,Healthy
16.357421875,C3,9.857640365747566e-13,-12.006227030167942,Healthy
16.6015625,C3,1.1185857691768999e-12,-11.951330710134949,Healthy
16.845703125,C3,1.1471033050859773e-12,-11.94039746892652,Healthy
17.08984375,C3,1.0978739229292794e-12,-11.959447530304804,Healthy
17.333984375,C3,9.65542814924377e-13,-12.01522846360066,Healthy
17.578125,C3,1.0331359604319377e-12,-11.985842521675057,Healthy
17.822265625,C3,9.566439989436818e-13,-12.019249648491218,Healthy
18.06640625,C3,9.829410131908826e-13,-12.007472543627024,Healthy
18.310546875,C3,1.0062060222915994e-12,-11.997313087685898,Healthy
18.5546875,C3,1.0018319659694765e-12,-11.999205115167298,Healthy
18.798828125,C3,9.252380287628142e-13,-12.033746525336753,Healthy
19.04296875,C3,8.437282610458694e-13,-12.07379740376619,Healthy
19.287109375,C3,9.038616047256026e-13,-12.043898061676416,Healthy
19.53125,C3,8.645280820208645e-13,-12.06322089519674,Healthy
19.775390625,C3,8.284041231943201e-13,-12.081757748170563,Healthy
20.01953125,C3,7.308650604732995e-13,-12.136162799377956,Healthy
20.263671875,C3,8.067959039238757e-13,-12.093236315352398,Healthy
20.5078125,C3,7.235820496345077e-13,-12.140512215501248,Healthy
20.751953125,C3,7.772541815912789e-13,-12.10943693279441,Healthy
20.99609375,C3,7.441197294340041e-13,-12.12835718051724,Healthy
21.240234375,C3,7.383498710605731e-13,-12.131737796625702,Healthy
21.484375,C3,7.462556764253559e-13,-12.127112352370672,Healthy
21.728515625,C3,7.030789163063532e-13,-12.15299592534597,Healthy
21.97265625,C3,6.317430983123266e-13,-12.1994594939767,Healthy
22.216796875,C3,5.74234133976889e-13,-12.240910995473778,Healthy
22.4609375,C3,6.04157504333738e-13,-12.21884982570693,Healthy
22.705078125,C3,5.255831948710173e-13,-12.279358529467045,Healthy
22.94921875,C3,5.376564237212671e-13,-12.26949516103877,Healthy
23.193359375,C3,5.691016402615735e-13,-12.244810162668738,Healthy
23.4375,C3,5.637306062531582e-13,-12.248928385676493,Healthy
23.681640625,C3,5.162648650578954e-13,-12.28712743030954,Healthy
23.92578125,C3,5.534135734810791e-13,-12.25695019319716,Healthy
24.169921875,C3,5.003253289872748e-13,-12.300747510386714,Healthy
24.4140625,C3,5.200743735134892e-13,-12.283934545409704,Healthy
24.658203125,C3,4.873831562909689e-13,-12.312129483883936,Healthy
24.90234375,C3,4.596420389389481e-13,-12.337580257520136,Healthy
25.146484375,C3,4.564953629877057e-13,-12.340563629606308,Healthy
25.390625,C3,4.1344047360739577e-13,-12.38358701052451,Healthy
25.634765625,C3,4.583452657932959e-13,-12.338807250079068,Healthy
25.87890625,C3,4.1142130830417444e-13,-12.385713219108784,Healthy
26.123046875,C3,3.988160024331125e-13,-12.399227424008911,Healthy
26.3671875,C3,4.399217103718969e-13,-12.356624604829102,Healthy
26.611328125,C3,4.202978752636634e-13,-12.376442805482544,Healthy
26.85546875,C3,4.135654485475542e-13,-12.383455751664457,Healthy
27.099609375,C3,4.049914336908016e-13,-12.39255416281042,Healthy
27.34375,C3,3.7337795304824583e-13,-12.42785132953683,Healthy
27.587890625,C3,3.6015810063960814e-13,-12.443506812669831,Healthy
27.83203125,C3,3.665284601273761e-13,-12.435892297703903,Healthy
28.076171875,C3,3.248133364746939e-13,-12.4883661474159,Healthy
28.3203125,C3,3.3124496061508045e-13,-12.479850720130488,Healthy
28.564453125,C3,3.4585761681321586e-13,-12.461102655424003,Healthy
28.80859375,C3,3.0418137111724385e-13,-12.516867386827135,Healthy
29.052734375,C3,3.0499725390897e-13,-12.51570407087469,Healthy
29.296875,C3,3.160137401064152e-13,-12.500294034082012,Healthy
29.541015625,C3,2.982874031912725e-13,-12.525365086698391,Healthy
29.78515625,C3,3.1687837663392913e-13,-12.499107395486156,Healthy
30.029296875,C3,3.106501185689458e-13,-12.507728476289303,Healthy
30.2734375,C3,2.830338306703989e-13,-12.548161650711217,Healthy
30.517578125,C3,2.40631275732875e-13,-12.618647926474734,Healthy
30.76171875,C3,2.658349470053657e-13,-12.575387926726874,Healthy
31.005859375,C3,2.6004475535824764e-13,-12.58495190075068,Healthy
31.25,C3,2.697589143295174e-13,-12.569024194911403,Healthy
31.494140625,C3,2.699722173447648e-13,-12.56868092648799,Healthy
31.73828125,C3,2.5582547209282345e-13,-12.592056215765863,Healthy
31.982421875,C3,2.6962417659352695e-13,-12.569241168181224,Healthy
32.2265625,C3,2.585854041199985e-13,-12.58739599256096,Healthy
32.470703125,C3,2.6665298572990224e-13,-12.574053549131822,Healthy
32.71484375,C3,2.5385568713227785e-13,-12.595413102645432,Healthy
32.958984375,C3,2.2969739084173104e-13,-12.63884393797639,Healthy
33.203125,C3,2.210383017462259e-13,-12.655532464795654,Healthy
33.447265625,C3,2.287902731913755e-13,-12.640562443118116,Healthy
33.69140625,C3,2.326838383028381e-13,-12.63323378078568,Healthy
33.935546875,C3,2.1720615967188746e-13,-12.66312786290649,Healthy
34.1796875,C3,2.2128243779281602e-13,-12.655053052734871,Healthy
34.423828125,C3,2.344446982265592e-13,-12.629959584025514,Healthy
34.66796875,C3,2.219492427449244e-13,-12.653746332378924,Healthy
34.912109375,C3,2.138230842237904e-13,-12.669945410400272,Healthy
35.15625,C3,2.072225473384154e-13,-12.68356299191954,Healthy
35.400390625,C3,2.3669174649518e-13,-12.625816885772204,Healthy
35.64453125,C3,2.246331068056015e-13,-12.648526236305194,Healthy
35.888671875,C3,2.1696243086087618e-13,-12.663615461922772,Healthy
36.1328125,C3,2.200263142756629e-13,-12.657525376171847,Healthy
36.376953125,C3,2.401099418405066e-13,-12.619589857447831,Healthy
36.62109375,C3,2.2211824084768522e-13,-12.653415774750924,Healthy
36.865234375,C3,2.234807057708314e-13,-12.650759965771272,Healthy
37.109375,C3,2.304436823032025e-13,-12.637435193716364,Healthy
37.353515625,C3,2.1826779812900932e-13,-12.661010332666786,Healthy
37.59765625,C3,2.0810847655011578e-13,-12.681710230004771,Healthy
37.841796875,C3,2.025791521559524e-13,-12.693405250829151,Healthy
38.0859375,C3,2.2348405451920882e-13,-12.65075345813098,Healthy
38.330078125,C3,1.9052455547904541e-13,-12.720049042971072,Healthy
38.57421875,C3,2.209433809404265e-13,-12.655719004575127,Healthy
38.818359375,C3,2.2443946722848472e-13,-12.648900770890002,Healthy
39.0625,C3,2.087656569950357e-13,-12.680340943429714,Healthy
39.306640625,C3,1.863844729243523e-13,-12.72959027011588,Healthy
39.55078125,C3,1.9521182933152323e-13,-12.70949386875055,Healthy
39.794921875,C3,1.885370271272752e-13,-12.724603345204097,Healthy
0.0,C4,4.335874980569111e-10,-9.362923248617207,Healthy
0.244140625,C4,4.413617390715292e-09,-8.355205317822112,Healthy
0.48828125,C4,2.0848260985355e-09,-8.680930164956985,Healthy
0.732421875,C4,1.056589826479917e-09,-8.976093575292941,Healthy
0.9765625,C4,6.406846980883125e-10,-9.193355648436995,Healthy
1.220703125,C4,4.6432829413541515e-10,-9.333174851521235,Healthy
1.46484375,C4,3.8702313919979085e-10,-9.41226306876308,Healthy
1.708984375,C4,2.688244176565753e-10,-9.57053128631803,Healthy
1.953125,C4,1.7170730553257994e-10,-9.765211226766915,Healthy
2.197265625,C4,1.5776513911559728e-10,-9.801988955260407,Healthy
2.44140625,C4,1.4621214177701401e-10,-9.835016561114092,Healthy
2.685546875,C4,1.4716079531266343e-10,-9.832207873742734,Healthy
2.9296875,C4,1.3329036269355248e-10,-9.87520125028844,Healthy
3.173828125,C4,1.0074849588931567e-10,-9.996761428877637,Healthy
3.41796875,C4,7.377291245692129e-11,-10.132103070831958,Healthy
3.662109375,C4,7.439441761430073e-11,-10.128459651688845,Healthy
3.90625,C4,5.976891393895987e-11,-10.223524635660414,Healthy
4.150390625,C4,5.5753498382320176e-11,-10.25372787661219,Healthy
4.39453125,C4,4.2877139206946515e-11,-10.36777419878366,Healthy
4.638671875,C4,3.4358159375861004e-11,-10.46397011010035,Healthy
4.8828125,C4,3.254254033030684e-11,-10.48754854825311,Healthy
5.126953125,C4,3.2819694194621853e-11,-10.48386546990715,Healthy
5.37109375,C4,3.1050561821223807e-11,-10.507930537398837,Healthy
5.615234375,C4,2.427768457595692e-11,-10.61479273538244,Healthy
5.859375,C4,1.689543634585513e-11,-10.772230587544012,Healthy
6.103515625,C4,1.854926506309636e-11,-10.731673292807145,Healthy
6.34765625,C4,1.895798581946788e-11,-10.722207805919764,Healthy
6.591796875,C4,1.4723541501694238e-11,-10.831987715158034,Healthy
6.8359375,C4,1.1230394947293168e-11,-10.949604970326789,Healthy
7.080078125,C4,1.1385544443653102e-11,-10.943646197089173,Healthy
7.32421875,C4,1.2269810721678424e-11,-10.911162136797415,Healthy
7.568359375,C4,1.0976846057099252e-11,-10.95952242643973,Healthy
7.8125,C4,9.214642250877704e-12,-11.03552152115958,Healthy
8.056640625,C4,7.776315006196261e-12,-11.109226155144295,Healthy
8.30078125,C4,7.359432426645014e-12,-11.13315567798328,Healthy
8.544921875,C4,6.733875098370467e-12,-11.17173494327783,Healthy
8.7890625,C4,7.2399100538075265e-12,-11.140266829297012,Healthy
9.033203125,C4,6.807731665147874e-12,-11.166997570820392,Healthy
9.27734375,C4,5.99817238893677e-12,-11.221981056667836,Healthy
9.521484375,C4,5.86064354638806e-12,-11.232054692292564,Healthy
9.765625,C4,5.3463298438617696e-12,-11.271944250788977,Healthy
10.009765625,C4,5.063710226934324e-12,-11.29553115497415,Healthy
10.25390625,C4,4.4191458712701916e-12,-11.35466166260559,Healthy
10.498046875,C4,3.346193779091494e-12,-11.475448912520871,Healthy
10.7421875,C4,3.1510751303828685e-12,-11.501541241915902,Healthy
10.986328125,C4,2.8280272918209828e-12,-11.548516403704678,Healthy
11.23046875,C4,2.847337831545035e-12,-11.545561001531816,Healthy
11.474609375,C4,2.381568771919715e-12,-11.62313687296658,Healthy
11.71875,C4,2.30828680829829e-12,-11.636710230385177,Healthy
11.962890625,C4,2.166818605163034e-12,-11.664177444044338,Healthy
12.20703125,C4,2.0720005426098783e-12,-11.683610135194929,Healthy
12.451171875,C4,1.8781043609853305e-12,-11.726280278874604,Healthy
12.6953125,C4,1.768228938323307e-12,-11.752461506170407,Healthy
12.939453125,C4,1.707561111541461e-12,-11.767623744495443,Healthy
13.18359375,C4,1.6853558520724956e-12,-11.77330838661771,Healthy
13.427734375,C4,1.5843501065577593e-12,-11.80014884260442,Healthy
13.671875,C4,1.4782504250940665e-12,-11.830251987440658,Healthy
13.916015625,C4,1.526282399784099e-12,-11.816365103785408,Healthy
14.16015625,C4,1.461838736033938e-12,-11.835100534295732,Healthy
14.404296875,C4,1.2404045998236141e-12,-11.906436631926562,Healthy
14.6484375,C4,1.2592798096393753e-12,-11.899877759740724,Healthy
14.892578125,C4,1.2761338893004345e-12,-11.894103757955056,Healthy
15.13671875,C4,1.3455691346826154e-12,-11.871093983489358,Healthy
15.380859375,C4,1.239220886531779e-12,-11.906851275341609,Healthy
15.625,C4,1.2430741598155158e-12,-11.90550296127153,Healthy
15.869140625,C4,1.3330120643842245e-12,-11.875165919999654,Healthy
16.11328125,C4,1.0737059546497754e-12,-11.969114638336393,Healthy
16.357421875,C4,1.1382931029662046e-12,-11.943745895576368,Healthy
16.6015625,C4,1.1722060043953022e-12,-11.930996058360416,Healthy
16.845703125,C4,1.1249543886923359e-12,-11.948865085677772,Healthy
17.08984375,C4,1.1357142132540717e-12,-11.944730939066403,Healthy
17.333984375,C4,1.1692352031212778e-12,-11.932098117458322,Healthy
17.578125,C4,1.1534506473766838e-12,-11.93800098287718,Healthy
17.822265625,C4,9.821287101277781e-13,-12.007831593236151,Healthy
18.06640625,C4,1.0254978562634372e-12,-11.98906524315903,Healthy
18.310546875,C4,9.87259265718662e-13,-12.005568781590808,Healthy
18.5546875,C4,9.849392290649366e-13,-12.006590564726704,Healthy
18.798828125,C4,1.0306333502069609e-12,-11.986895808336705,Healthy
19.04296875,C4,1.1141445727974488e-12,-11.953058450908864,Healthy
19.287109375,C4,1.097622036768351e-12,-11.959547182294374,Healthy
19.53125,C4,1.0319341592875021e-12,-11.986348011207166,Healthy
19.775390625,C4,8.509997511828853e-13,-12.070070566895335,Healthy
20.01953125,C4,8.697731101211743e-13,-12.060594023098036,Healthy
20.263671875,C4,7.57824388593368e-13,-12.120431422205543,Healthy
20.5078125,C4,8.12737183153635e-13,-12.090049870591653,Healthy
20.751953125,C4,7.881761957831529e-13,-12.10337668567967,Healthy
20.99609375,C4,8.191232599677628e-13,-12.086650741589995,Healthy
21.240234375,C4,7.835220544563427e-13,-12.105948774570136,Healthy
21.484375,C4,8.154837827315189e-13,-12.088584671215052,Healthy
21.728515625,C4,8.129445033458234e-13,-12.089939101039793,Healthy
21.97265625,C4,7.16177187723186e-13,-12.14497951661611,Healthy
22.216796875,C4,6.443420943309377e-13,-12.190883495631024,Healthy
22.4609375,C4,7.023018462944997e-13,-12.1534761898573,Healthy
22.705078125,C4,7.078791138812818e-13,-12.150040901430048,Healthy
22.94921875,C4,6.386132233471906e-13,-12.194762093051098,Healthy
23.193359375,C4,5.732752030897149e-13,-12.241636843144583,Healthy
23.4375,C4,5.842448592319705e-13,-12.23340510027422,Healthy
23.681640625,C4,6.266535019778836e-13,-12.202972528985368,Healthy
23.92578125,C4,6.366090194931394e-13,-12.196127212575917,Healthy
24.169921875,C4,5.853889380955552e-13,-12.232555488546318,Healthy
24.4140625,C4,6.12468639310681e-13,-12.21291614389895,Healthy
24.658203125,C4,5.501724324011791e-13,-12.259501174680604,Healthy
24.90234375,C4,5.895801755568296e-13,-12.229457127915325,Healthy
25.146484375,C4,5.203178914233112e-13,-12.283731240387212,Healthy
25.390625,C4,5.518992873584909e-13,-12.258140166718348,Healthy
25.634765625,C4,5.396812880530313e-13,-12.267862639626456,Healthy
25.87890625,C4,4.697017550323883e-13,-12.328177817079988,Healthy
26.123046875,C4,4.790386242405894e-13,-12.319629468593176,Healthy
26.3671875,C4,4.945435268311692e-13,-12.30579547832225,Healthy
26.611328125,C4,5.174306214032037e-13,-12.286147873429826,Healthy
26.85546875,C4,4.870547948782837e-13,-12.312422176825184,Healthy
27.099609375,C4,4.590212802280548e-13,-12.338167180102417,Healthy
27.34375,C4,4.258325394916689e-13,-12.370761155528667,Healthy
27.587890625,C4,4.465196498533775e-13,-12.35015942449074,Healthy
27.83203125,C4,4.2911024086363334e-13,-12.36743112075632,Healthy
28.076171875,C4,3.543816699043044e-13,-12.450528749723162,Healthy
28.3203125,C4,3.648776005722514e-13,-12.437852796669487,Healthy
28.564453125,C4,3.624706677129658e-13,-12.440727132171114,Healthy
28.80859375,C4,3.71398229528716e-13,-12.43016017089172,Healthy
29.052734375,C4,3.7934204567292e-13,-12.420969018115208,Healthy
29.296875,C4,3.740227028142504e-13,-12.427102035746822,Healthy
29.541015625,C4,3.3380586693433144e-13,-12.47650603447878,Healthy
29.78515625,C4,2.9545387217456e-13,-12.52951031384805,Healthy
30.029296875,C4,3.179630108595908e-13,-12.49762339924173,Healthy
30.2734375,C4,3.333761685951028e-13,-12.477065448951816,Healthy
30.517578125,C4,2.9373802288628897e-13,-12.532039832636595,Healthy
30.76171875,C4,2.706389923214653e-13,-12.567609632239147,Healthy
31.005859375,C4,3.099175487589294e-13,-12.508753831591022,Healthy
31.25,C4,3.222843188677337e-13,-12.491760825095454,Healthy
31.494140625,C4,2.8215212424640265e-13,-12.549516675696909,Healthy
31.73828125,C4,3.083050097408199e-13,-12.511019418234511,Healthy
31.982421875,C4,3.128988112196643e-13,-12.504596086843328,Healthy
32.2265625,C4,3.216301534963347e-13,-12.492643242003238,Healthy
32.470703125,C4,2.983763876820937e-13,-12.525235548173628,Healthy
32.71484375,C4,2.7070328350240405e-13,-12.567506476411516,Healthy
32.958984375,C4,2.63227471103752e-13,-12.579668788590764,Healthy
33.203125,C4,2.5589322228225733e-13,-12.591941216904518,Healthy
33.447265625,C4,2.751990979697444e-13,-12.56035299393727,Healthy
33.69140625,C4,2.785142990317153e-13,-12.55515250307138,Healthy
33.935546875,C4,2.66709214748085e-13,-12.573961979266585,Healthy
34.1796875,C4,2.293661367563606e-13,-12.639470700233485,Healthy
34.423828125,C4,2.22409468878604e-13,-12.6528467270082,Healthy
34.66796875,C4,2.4257736087143294e-13,-12.615149733178422,Healthy
34.912109375,C4,2.546838203178119e-13,-12.593998644238928,Healthy
35.15625,C4,2.4691872124529e-13,-12.607445980844536,Healthy
35.400390625,C4,2.426827333612424e-13,-12.61496112219585,Healthy
35.64453125,C4,2.362286355303668e-13,-12.626667458547075,Healthy
35.888671875,C4,2.2283535880961461e-13,-12.65201589555618,Healthy
36.1328125,C4,2.1209587776091125e-13,-12.673467772233494,Healthy
36.376953125,C4,2.2640905750063322e-13,-12.645106203173423,Healthy
36.62109375,C4,2.30742869913002e-13,-12.636871710043248,Healthy
36.865234375,C4,2.361611219829877e-13,-12.626791596553094,Healthy
37.109375,C4,2.5550880089081415e-13,-12.59259413618489,Healthy
37.353515625,C4,2.542522331587913e-13,-12.594735223875103,Healthy
37.59765625,C4,2.1346696798295729e-13,-12.670669318449711,Healthy
37.841796875,C4,2.1347758451424002e-13,-12.670647719856044,Healthy
38.0859375,C4,2.553663912561857e-13,-12.59283626076264,Healthy
38.330078125,C4,2.411036092845765e-13,-12.617796288251157,Healthy
38.57421875,C4,2.216137933763189e-13,-12.65440321235157,Healthy
38.818359375,C4,2.1679886770036154e-13,-12.66394299036598,Healthy
39.0625,C4,2.166090287179294e-13,-12.664323445029932,Healthy
39.306640625,C4,2.194878160957416e-13,-12.658589582707734,Healthy
39.55078125,C4,2.310030205218716e-13,-12.6363823413745,Healthy
39.794921875,C4,1.9349792084571945e-13,-12.713323697157122,Healthy
0.0,P3,5.458190940084572e-10,-9.262951275779598,Healthy
0.244140625,P3,5.2882150258704705e-09,-8.276690894170976,Healthy
0.48828125,P3,2.244412528394042e-09,-8.648897315713896,Healthy
0.732421875,P3,1.059875913881868e-09,-8.97474497725492,Healthy
0.9765625,P3,6.241162256208322e-10,-9.204734526590736,Healthy
1.220703125,P3,4.5930345887031485e-10,-9.33790028403421,Healthy
1.46484375,P3,3.8564345644598885e-10,-9.41381403329798,Healthy
1.708984375,P3,2.6013140099307493e-10,-9.584807220065205,Healthy
1.953125,P3,1.6279660772399622e-10,-9.788354648968308,Healthy
2.197265625,P3,1.4471209955580138e-10,-9.83949515546954,Healthy
2.44140625,P3,1.3445883086969842e-10,-9.871410669290176,Healthy
2.685546875,P3,1.37035948966544e-10,-9.86316548839252,Healthy
2.9296875,P3,1.2137049631399731e-10,-9.915886872118072,Healthy
3.173828125,P3,8.967197387193458e-11,-10.047343270385428,Healthy
3.41796875,P3,6.595861084166634e-11,-10.180728499633824,Healthy
3.662109375,P3,6.500164104053842e-11,-10.187075678959392,Healthy
3.90625,P3,5.27242307963197e-11,-10.277989747545814,Healthy
4.150390625,P3,4.6025450549837065e-11,-10.33700195143122,Healthy
4.39453125,P3,3.531018161585079e-11,-10.45210004866293,Healthy
4.638671875,P3,2.914142009392647e-11,-10.53548928839552,Healthy
4.8828125,P3,2.7710238643924783e-11,-10.557359734005088,Healthy
5.126953125,P3,2.828282165812315e-11,-10.54847726498042,Healthy
5.37109375,P3,2.6491210939585434e-11,-10.576898189216552,Healthy
5.615234375,P3,2.0801696480621e-11,-10.681901244742631,Healthy
5.859375,P3,1.4421995466565974e-11,-10.840974645291922,Healthy
6.103515625,P3,1.6108283853700705e-11,-10.792950726034451,Healthy
6.34765625,P3,1.4902827153325625e-11,-10.826731335573,Healthy
6.591796875,P3,1.1731367633859649e-11,-10.93065135521476,Healthy
6.8359375,P3,9.439474793008355e-12,-11.025052168926903,Healthy
7.080078125,P3,9.8902929809322e-12,-11.004790843072437,Healthy
7.32421875,P3,1.0659815895229556e-11,-10.972250295907603,Healthy
7.568359375,P3,9.559891926608298e-12,-11.019547017341363,Healthy
7.8125,P3,9.644164971227e-12,-11.01573536927335,Healthy
8.056640625,P3,9.312266619577206e-12,-11.030944598227528,Healthy
8.30078125,P3,1.0428832551949155e-11,-10.98176430563139,Healthy
8.544921875,P3,1.2805630874096576e-11,-10.89259902099174,Healthy
8.7890625,P3,2.005943556817869e-11,-10.697681291309324,Healthy
9.033203125,P3,2.055222298069473e-11,-10.687141196851872,Healthy
9.27734375,P3,1.8035272377917752e-11,-10.74387729435846,Healthy
9.521484375,P3,1.6986405527109284e-11,-10.769898511943028,Healthy
9.765625,P3,1.3896391225117272e-11,-10.857097967695823,Healthy
10.009765625,P3,9.669352110498268e-12,-11.014602624599725,Healthy
10.25390625,P3,6.2908077444984995e-12,-11.201293587232618,Healthy
10.498046875,P3,4.351197887466246e-12,-11.361391165045518,Healthy
10.7421875,P3,4.154250369002363e-12,-11.381507332885295,Healthy
10.986328125,P3,3.597554304263045e-12,-11.443992641765565,Healthy
11.23046875,P3,3.206936125616298e-12,-11.49390969007737,Healthy
11.474609375,P3,2.8289304601024497e-12,-11.548377728105034,Healthy
11.71875,P3,2.376808984544608e-12,-11.62400571953039,Healthy
11.962890625,P3,2.3021163546144204e-12,-11.63787272984178,Healthy
12.20703125,P3,2.1717404945106268e-12,-11.663192070674016,Healthy
12.451171875,P3,2.120274447226872e-12,-11.673607920579803,Healthy
12.6953125,P3,1.8997707333995083e-12,-11.72129880706154,Healthy
12.939453125,P3,1.96776815443132e-12,-11.70602607215599,Healthy
13.18359375,P3,1.791444445554497e-12,-11.746796655185967,Healthy
13.427734375,P3,1.686435342887742e-12,-11.77303030479518,Healthy
13.671875,P3,1.5615987684461454e-12,-11.806430542183309,Healthy
13.916015625,P3,1.5822977860314254e-12,-11.800711779586814,Healthy
14.16015625,P3,1.5401264505233016e-12,-11.81244362039081,Healthy
14.404296875,P3,1.4538252845089648e-12,-11.837487782289118,Healthy
14.6484375,P3,1.3725744487266936e-12,-11.862464090014988,Healthy
14.892578125,P3,1.2947164836056542e-12,-11.887825322768862,Healthy
15.13671875,P3,1.3218278386860068e-12,-11.878825105801646,Healthy
15.380859375,P3,1.3547753117469053e-12,-11.868132726162171,Healthy
15.625,P3,1.267000057176091e-12,-11.897223365518087,Healthy
15.869140625,P3,1.362091417700815e-12,-11.865793743472674,Healthy
16.11328125,P3,1.1450419721559657e-12,-11.941178593724404,Healthy
16.357421875,P3,1.251508467387883e-12,-11.902566207719849,Healthy
16.6015625,P3,1.3877680530207922e-12,-11.857683114364455,Healthy
16.845703125,P3,1.4360340270206716e-12,-11.842835269305256,Healthy
17.08984375,P3,1.412953972194137e-12,-11.849871985318943,Healthy
17.333984375,P3,1.432739447844197e-12,-11.843832781446316,Healthy
17.578125,P3,1.2947869130306873e-12,-11.887801698848769,Healthy
17.822265625,P3,1.408529784082762e-12,-11.851233965202146,Healthy
18.06640625,P3,1.420452196993997e-12,-11.84757337716882,Healthy
18.310546875,P3,1.3571144203171005e-12,-11.867383534788702,Healthy
18.5546875,P3,1.3533907197351361e-12,-11.868576805820364,Healthy
18.798828125,P3,1.168447526365108e-12,-11.93239078649964,Healthy
19.04296875,P3,1.238307122827977e-12,-11.907171628977022,Healthy
19.287109375,P3,1.186804004074678e-12,-11.925620997117074,Healthy
19.53125,P3,1.1165469876336078e-12,-11.952122995798453,Healthy
19.775390625,P3,1.025988134825933e-12,-11.988857661650538,Healthy
20.01953125,P3,9.373359399305145e-13,-12.02810473065936,Healthy
20.263671875,P3,9.29516329984188e-13,-12.03174297602686,Healthy
20.5078125,P3,7.978923547731714e-13,-12.098055696219976,Healthy
20.751953125,P3,9.10820772772704e-13,-12.040567073140686,Healthy
20.99609375,P3,7.927145736006345e-13,-12.10088315747942,Healthy
21.240234375,P3,7.53621369959499e-13,-12.122846795029536,Healthy
21.484375,P3,7.180775720131583e-13,-12.143828637543873,Healthy
21.728515625,P3,7.616764585792559e-13,-12.11822946710206,Healthy
21.97265625,P3,6.637742159422074e-13,-12.177979621604283,Healthy
22.216796875,P3,6.615010123509897e-13,-12.179469486838366,Healthy
22.4609375,P3,6.780489286583354e-13,-12.168738965897518,Healthy
22.705078125,P3,5.686274192796733e-13,-12.245172202410698,Healthy
22.94921875,P3,5.32307126147703e-13,-12.273837719763918,Healthy
23.193359375,P3,6.002218621880176e-13,-12.221688190092935,Healthy
23.4375,P3,5.189172590213527e-13,-12.28490188456989,Healthy
23.681640625,P3,5.552096486436057e-13,-12.25554299515359,Healthy
23.92578125,P3,5.624779361815156e-13,-12.249894508563358,Healthy
24.169921875,P3,5.227057943749242e-13,-12.281742685570688,Healthy
24.4140625,P3,5.555790717138076e-13,-12.255254122204391,Healthy
24.658203125,P3,4.410426887957941e-13,-12.355519372865045,Healthy
24.90234375,P3,4.627806238522677e-13,-12.334624832801968,Healthy
25.146484375,P3,5.016399610255407e-13,-12.299607874566464,Healthy
25.390625,P3,4.900607137984787e-13,-12.30975011173835,Healthy
25.634765625,P3,4.571936689736971e-13,-12.339899792163076,Healthy
25.87890625,P3,4.690380755516669e-13,-12.328791900716077,Healthy
26.123046875,P3,4.909830761630016e-13,-12.30893347744056,Healthy
26.3671875,P3,4.827196380764881e-13,-12.316305032785268,Healthy
26.611328125,P3,4.425919943925521e-13,-12.353996445859694,Healthy
26.85546875,P3,4.495383731317487e-13,-12.3472332304534,Healthy
27.099609375,P3,4.219993629154218e-13,-12.37468820468412,Healthy
27.34375,P3,4.05783851711763e-13,-12.39170523983598,Healthy
27.587890625,P3,3.98001331266184e-13,-12.400115475261511,Healthy
27.83203125,P3,4.01894378652623e-13,-12.395888068297191,Healthy
28.076171875,P3,3.677493890516239e-13,-12.434448040100715,Healthy
28.3203125,P3,3.636934786220076e-13,-12.439264486198155,Healthy
28.564453125,P3,3.3931122063704853e-13,-12.469401778491696,Healthy
28.80859375,P3,3.1705905500431363e-13,-12.4988598391266,Healthy
29.052734375,P3,3.452753859882786e-13,-12.461834380557248,Healthy
29.296875,P3,3.5587251632235255e-13,-12.44870555082851,Healthy
29.541015625,P3,3.127478042353551e-13,-12.50480573075306,Healthy
29.78515625,P3,3.407985451586148e-13,-12.467502267869346,Healthy
30.029296875,P3,3.195616249053739e-13,-12.49544537920938,Healthy
30.2734375,P3,2.960879526081893e-13,-12.528579263067394,Healthy
30.517578125,P3,2.6869951016555553e-13,-12.570733125277252,Healthy
30.76171875,P3,2.898804366337261e-13,-12.537781093195228,Healthy
31.005859375,P3,3.176164272674766e-13,-12.498097043754006,Healthy
31.25,P3,3.484235696633086e-13,-12.457892474133702,Healthy
31.494140625,P3,2.93380802066996e-13,-12.532568308451678,Healthy
31.73828125,P3,2.697943336143324e-13,-12.568967175886762,Healthy
31.982421875,P3,2.981295048699704e-13,-12.525595041182642,Healthy
32.2265625,P3,2.6295055177368134e-13,-12.580125913528928,Healthy
32.470703125,P3,3.129950750839507e-13,-12.504462495938188,Healthy
32.71484375,P3,3.1930710617787345e-13,-12.495791416131723,Healthy
32.958984375,P3,2.604952010550165e-13,-12.58420027303441,Healthy
33.203125,P3,2.4783870386101257e-13,-12.605830870838428,Healthy
33.447265625,P3,2.485589352220931e-13,-12.604570620181793,Healthy
33.69140625,P3,2.695532856572781e-13,-12.569355370071188,Healthy
33.935546875,P3,2.663031291131278e-13,-12.574623730487154,Healthy
34.1796875,P3,2.64304663927403e-13,-12.577895173228244,Healthy
34.423828125,P3,2.3385071380556885e-13,-12.631061300113627,Healthy
34.66796875,P3,2.2411694588109563e-13,-12.649525304444808,Healthy
34.912109375,P3,2.4226289983275384e-13,-12.61571308867544,Healthy
35.15625,P3,2.343496868259448e-13,-12.630135622514391,Healthy
35.400390625,P3,2.6222825338652825e-13,-12.581320517722904,Healthy
35.64453125,P3,2.174061573020617e-13,-12.6627281601373,Healthy
35.888671875,P3,1.9675290076618417e-13,-12.706078856033905,Healthy
36.1328125,P3,2.460804437397085e-13,-12.608922898744996,Healthy
36.376953125,P3,2.9237365719896573e-13,-12.534061759787043,Healthy
36.62109375,P3,2.4883308864509497e-13,-12.60409186971878,Healthy
36.865234375,P3,2.295427589101322e-13,-12.63913640281072,Healthy
37.109375,P3,2.643236675512724e-13,-12.577863948382754,Healthy
37.353515625,P3,2.314057137482544e-13,-12.635625921880802,Healthy
37.59765625,P3,2.122984223412884e-13,-12.673053233205732,Healthy
37.841796875,P3,2.140362471086861e-13,-12.669512672509397,Healthy
38.0859375,P3,2.079622516223039e-13,-12.68201548907531,Healthy
38.330078125,P3,2.328020549882397e-13,-12.63301319040482,Healthy
38.57421875,P3,2.352562113384533e-13,-12.628458901314502,Healthy
38.818359375,P3,2.159156941461577e-13,-12.6657157891926,Healthy
39.0625,P3,2.1305217818330402e-13,-12.67151402134077,Healthy
39.306640625,P3,1.8649304666681619e-13,-12.729337356083326,Healthy
39.55078125,P3,1.946074401327804e-13,-12.71084056002428,Healthy
39.794921875,P3,1.8583769653266491e-13,-12.730866186275795,Healthy
0.0,P4,5.298474330920127e-10,-9.275849165313952,Healthy
0.244140625,P4,4.809879089136273e-09,-8.31786584079476,Healthy
0.48828125,P4,2.0974147982116003e-09,-8.678315672176547,Healthy
0.732421875,P4,1.0373202410701394e-09,-8.984087147700413,Healthy
0.9765625,P4,6.289215751449137e-10,-9.201403506550411,Healthy
1.220703125,P4,4.639080633904172e-10,-9.333568078751926,Healthy
1.46484375,P4,3.7438236647854367e-10,-9.426684614852237,Healthy
1.708984375,P4,2.446824743419861e-10,-9.611397136366008,Healthy
1.953125,P4,1.5119336783673016e-10,-9.82046725893457,Healthy
2.197265625,P4,1.4095792247093876e-10,-9.85091050979792,Healthy
2.44140625,P4,1.323590684260287e-10,-9.878246298167207,Healthy
2.685546875,P4,1.3675168689033148e-10,-9.86406730775399,Healthy
2.9296875,P4,1.1603259724720999e-10,-9.93541998649848,Healthy
3.173828125,P4,8.373500281458733e-11,-10.077092960746045,Healthy
3.41796875,P4,6.290266520304225e-11,-10.201330952989506,Healthy
3.662109375,P4,6.430305331798769e-11,-10.1917684048725,Healthy
3.90625,P4,5.0421644135847405e-11,-10.29738299706726,Healthy
4.150390625,P4,4.616968400546946e-11,-10.335643097836783,Healthy
4.39453125,P4,3.3108888083097124e-11,-10.480055404191573,Healthy
4.638671875,P4,2.6837455647770927e-11,-10.571258660280678,Healthy
4.8828125,P4,2.6905391338510446e-11,-10.570160686764872,Healthy
5.126953125,P4,2.748999199943928e-11,-10.56082538655158,Healthy
5.37109375,P4,2.5198153233006097e-11,-10.598631287397218,Healthy
5.615234375,P4,1.86234560330833e-11,-10.729939722021635,Healthy
5.859375,P4,1.3017832240537987e-11,-10.885461329466288,Healthy
6.103515625,P4,1.5008425490925503e-11,-10.823664866482224,Healthy
6.34765625,P4,1.489836411809308e-11,-10.826861415714486,Healthy
6.591796875,P4,1.1740441449211463e-11,-10.930315572990263,Healthy
6.8359375,P4,8.657165703847788e-12,-11.062624269721017,Healthy
7.080078125,P4,9.534379116477008e-12,-11.020707583170411,Healthy
7.32421875,P4,1.0299007574621588e-11,-10.987204622443466,Healthy
7.568359375,P4,9.002941842197943e-12,-11.045615555330782,Healthy
7.8125,P4,8.513303638625837e-12,-11.069901876624304,Healthy
8.056640625,P4,7.914369472474189e-12,-11.101583679100155,Healthy
8.30078125,P4,8.839405240177774e-12,-11.05357695552975,Healthy
8.544921875,P4,1.1077913440842446e-11,-10.955542032609747,Healthy
8.7890625,P4,1.668500418963392e-11,-10.777673679957068,Healthy
9.033203125,P4,1.5383395433141852e-11,-10.8129477961909,Healthy
9.27734375,P4,1.6397624156314784e-11,-10.785219072107692,Healthy
9.521484375,P4,1.703094687150058e-11,-10.768761205846197,Healthy
9.765625,P4,1.2906091690898656e-11,-10.889205253787248,Healthy
10.009765625,P4,9.852516436221886e-12,-11.006452831960504,Healthy
10.25390625,P4,6.7790523395264495e-12,-11.168831012988363,Healthy
10.498046875,P4,5.53815012470636e-12,-11.25663527584796,Healthy
10.7421875,P4,4.828013340573583e-12,-11.316231538547868,Healthy
10.986328125,P4,4.675256661992071e-12,-11.330194542261587,Healthy
11.23046875,P4,4.15683351449996e-12,-11.381237369090584,Healthy
11.474609375,P4,3.437556123448213e-12,-11.463750202571168,Healthy
11.71875,P4,3.0227476722475106e-12,-11.519598104599975,Healthy
11.962890625,P4,2.8180800307620558e-12,-11.550046677506009,Healthy
12.20703125,P4,2.434570752313491e-12,-11.613577599679257,Healthy
12.451171875,P4,2.2729408560329775e-12,-11.643411864861346,Healthy
12.6953125,P4,2.082628957525037e-12,-11.68138809733652,Healthy
12.939453125,P4,1.9026275550588352e-12,-11.72064621781562,Healthy
13.18359375,P4,1.845209199826693e-12,-11.733954388757024,Healthy
13.427734375,P4,1.7461098597876825e-12,-11.757928435316238,Healthy
13.671875,P4,1.7586439461865818e-12,-11.754822078597533,Healthy
13.916015625,P4,1.8276496739265696e-12,-11.7381070467101,Healthy
14.16015625,P4,1.6669709415627481e-12,-11.778071970675262,Healthy
14.404296875,P4,1.436792474636606e-12,-11.842605955337374,Healthy
14.6484375,P4,1.4031952078911588e-12,-11.852881907152192,Healthy
14.892578125,P4,1.3381854241775013e-12,-11.87348370486591,Healthy
15.13671875,P4,1.4074536684261306e-12,-11.851565892659956,Healthy
15.380859375,P4,1.3408144210288633e-12,-11.872631327666978,Healthy
15.625,P4,1.3860826855851985e-12,-11.858210861483032,Healthy
15.869140625,P4,1.252585218800051e-12,-11.902192717520109,Healthy
16.11328125,P4,1.1481628110226332e-12,-11.93999652403278,Healthy
16.357421875,P4,1.2665317145844893e-12,-11.897383930787298,Healthy
16.6015625,P4,1.3555268430622282e-12,-11.867891877804356,Healthy
16.845703125,P4,1.3592124887190653e-12,-11.8667126437352,Healthy
17.08984375,P4,1.3822586408520788e-12,-11.859410686494924,Healthy
17.333984375,P4,1.3917090430232249e-12,-11.85645155080115,Healthy
17.578125,P4,1.274345674255189e-12,-11.894712750918544,Healthy
17.822265625,P4,1.3582822589492414e-12,-11.867009971759156,Healthy
18.06640625,P4,1.3055586446448668e-12,-11.884203615243852,Healthy
18.310546875,P4,1.1931383218363885e-12,-11.923309205174585,Healthy
18.5546875,P4,1.2201707978333473e-12,-11.91357937312465,Healthy
18.798828125,P4,1.3123334200513173e-12,-11.881955811231586,Healthy
19.04296875,P4,1.3598345940424393e-12,-11.86651391461754,Healthy
19.287109375,P4,1.242626658523283e-12,-11.905659333544916,Healthy
19.53125,P4,1.060356075433408e-12,-11.974548270935168,Healthy
19.775390625,P4,1.0449767623436354e-12,-11.98089336706311,Healthy
20.01953125,P4,9.333365474660992e-13,-12.029961727794172,Healthy
20.263671875,P4,8.684332865090412e-13,-12.061263538660562,Healthy
20.5078125,P4,8.540515996941698e-13,-12.068515889515362,Healthy
20.751953125,P4,8.70719517756951e-13,-12.060121720431797,Healthy
20.99609375,P4,8.429183151555275e-13,-12.074214509593595,Healthy
21.240234375,P4,7.724990407603337e-13,-12.112102051181772,Healthy
21.484375,P4,7.708407932840108e-13,-12.113035310325149,Healthy
21.728515625,P4,7.782209225362486e-13,-12.108897097330924,Healthy
21.97265625,P4,6.705312718367996e-13,-12.173580962973515,Healthy
22.216796875,P4,7.406212441779129e-13,-12.130403834688796,Healthy
22.4609375,P4,7.784916197929953e-13,-12.108746058108382,Healthy
22.705078125,P4,6.595738283098145e-13,-12.180736585359432,Healthy
22.94921875,P4,5.673214006141949e-13,-12.246170833580804,Healthy
23.193359375,P4,5.672939120578006e-13,-12.24619187706264,Healthy
23.4375,P4,5.39632308871021e-13,-12.267902056138118,Healthy
23.681640625,P4,5.594390598348997e-13,-12.252247214620631,Healthy
23.92578125,P4,5.771888947394665e-13,-12.238682033433996,Healthy
24.169921875,P4,5.290485722680102e-13,-12.276504453296416,Healthy
24.4140625,P4,5.529131410858395e-13,-12.257343088062267,Healthy
24.658203125,P4,4.540457329061135e-13,-12.34290040144141,Healthy
24.90234375,P4,4.620239899100896e-13,-12.33533547376188,Healthy
25.146484375,P4,4.404328217375996e-13,-12.35612032419532,Healthy
25.390625,P4,4.691505894290276e-13,-12.328687733701202,Healthy
25.634765625,P4,4.916627000996072e-13,-12.30833273813118,Healthy
25.87890625,P4,4.47775453195977e-13,-12.34893971788904,Healthy
26.123046875,P4,4.757755761703223e-13,-12.322597856133786,Healthy
26.3671875,P4,4.4801483624538713e-13,-12.348707603875036,Healthy
26.611328125,P4,4.384942982333336e-13,-12.358036049417436,Healthy
26.85546875,P4,4.641090226267371e-13,-12.333379988489147,Healthy
27.099609375,P4,4.39585448458737e-13,-12.35695669240567,Healthy
27.34375,P4,4.139303357262183e-13,-12.383072744278817,Healthy
27.587890625,P4,3.796491745103913e-13,-12.420617540092588,Healthy
27.83203125,P4,3.562767345457818e-13,-12.44821253686393,Healthy
28.076171875,P4,3.4916974641049605e-13,-12.456963392504187,Healthy
28.3203125,P4,3.445719580759815e-13,-12.46272006916426,Healthy
28.564453125,P4,3.14429130144534e-13,-12.502477225752909,Healthy
28.80859375,P4,3.368684097389517e-13,-12.472539713623556,Healthy
29.052734375,P4,3.336825191401001e-13,-12.476666544438553,Healthy
29.296875,P4,3.304812632875044e-13,-12.480853157907578,Healthy
29.541015625,P4,2.994741863106968e-13,-12.523640606416482,Healthy
29.78515625,P4,2.7480828753888944e-13,-12.56097017416658,Healthy
30.029296875,P4,2.9398098967959586e-13,-12.531680752391194,Healthy
30.2734375,P4,3.2669793719551346e-13,-12.485853607696075,Healthy
30.517578125,P4,2.782620817060028e-13,-12.555545970194194,Healthy
30.76171875,P4,2.654678217659603e-13,-12.575988113665051,Healthy
31.005859375,P4,3.0235406278537655e-13,-12.519484191326551,Healthy
31.25,P4,3.043128847389649e-13,-12.516679659036615,Healthy
31.494140625,P4,2.772937828929869e-13,-12.55705986747781,Healthy
31.73828125,P4,2.5698747029121777e-13,-12.590088050661068,Healthy
31.982421875,P4,2.609493835498427e-13,-12.583443724756854,Healthy
32.2265625,P4,2.549310423103844e-13,-12.59357727836648,Healthy
32.470703125,P4,2.6384794008999257e-13,-12.578646292091523,Healthy
32.71484375,P4,2.877494400702004e-13,-12.54098551278821,Healthy
32.958984375,P4,2.549296147988626e-13,-12.593579710248086,Healthy
33.203125,P4,2.3890739650659933e-13,-12.62177040440552,Healthy
33.447265625,P4,2.498280579371725e-13,-12.602358788047566,Healthy
33.69140625,P4,2.674979631785052e-13,-12.57267952049772,Healthy
33.935546875,P4,2.509487186844006e-13,-12.600415017434464,Healthy
34.1796875,P4,2.407256137861287e-13,-12.61847769728563,Healthy
34.423828125,P4,2.407988879473826e-13,-12.61834552305969,Healthy
34.66796875,P4,2.2528893991365523e-13,-12.647260128526376,Healthy
34.912109375,P4,2.162354760822135e-13,-12.665073053200391,Healthy
35.15625,P4,2.1798952024696322e-13,-12.661564384415188,Healthy
35.400390625,P4,2.4675145709205266e-13,-12.607740274098369,Healthy
35.64453125,P4,2.0470007412637771e-13,-12.688882000069928,Healthy
35.888671875,P4,2.1191468094666946e-13,-12.673838955354942,Healthy
36.1328125,P4,2.524943385373965e-13,-12.59774835524644,Healthy
36.376953125,P4,2.575269823283115e-13,-12.589177261137806,Healthy
36.62109375,P4,2.2738710622582173e-13,-12.643234165214407,Healthy
36.865234375,P4,2.1998457920442557e-13,-12.657607761910306,Healthy
37.109375,P4,2.527915928756569e-13,-12.597237373540064,Healthy
37.353515625,P4,2.2659580511136609e-13,-12.644748134339563,Healthy
37.59765625,P4,2.0324632943973602e-13,-12.691977288875162,Healthy
37.841796875,P4,2.0736377684274517e-13,-12.683267105667596,Healthy
38.0859375,P4,1.952484153134379e-13,-12.70941248228253,Healthy
38.330078125,P4,2.0895043971370562e-13,-12.67995671059341,Healthy
38.57421875,P4,2.1373495245802575e-13,-12.670124451076909,Healthy
38.818359375,P4,2.013117290056093e-13,-12.696130921117206,Healthy
39.0625,P4,1.990879375231055e-13,-12.70095505250826,Healthy
39.306640625,P4,1.780380449467182e-13,-12.74948718339375,Healthy
39.55078125,P4,1.7418685662130962e-13,-12.758984618055036,Healthy
39.794921875,P4,1.7045526879956769e-13,-12.768389570115854,Healthy
0.0,O1,3.827236613218816e-09,-8.417114687334234,Healthy
0.244140625,O1,2.3235258978121667e-08,-7.633852482550623,Healthy
0.48828125,O1,4.033921271294746e-09,-8.39427258202209,Healthy
0.732421875,O1,1.258834149331382e-09,-8.900031484169197,Healthy
0.9765625,O1,6.80259222362971e-10,-9.16732556172138,Healthy
1.220703125,O1,5.25071602718666e-10,-9.279781468888858,Healthy
1.46484375,O1,4.1859879388976784e-10,-9.378202027329804,Healthy
1.708984375,O1,2.7294378062373536e-10,-9.563926797205486,Healthy
1.953125,O1,1.8400712099128568e-10,-9.735165369667753,Healthy
2.197265625,O1,1.6019369861382695e-10,-9.795354571342088,Healthy
2.44140625,O1,1.6024200967152267e-10,-9.79522361698595,Healthy
2.685546875,O1,1.6341382232069795e-10,-9.78671121155073,Healthy
2.9296875,O1,1.288967661480295e-10,-9.889757978392788,Healthy
3.173828125,O1,1.0165899859450204e-10,-9.99285417268785,Healthy
3.41796875,O1,8.635955568424724e-11,-10.06368960075624,Healthy
3.662109375,O1,8.876338744821249e-11,-10.051766132285064,Healthy
3.90625,O1,5.621915536628944e-11,-10.250115683497617,Healthy
4.150390625,O1,4.9293151896918144e-11,-10.30721341135076,Healthy
4.39453125,O1,4.405006493571145e-11,-10.356053447043072,Healthy
4.638671875,O1,4.12904992814049e-11,-10.384149865639513,Healthy
4.8828125,O1,4.059180610454385e-11,-10.391561624618005,Healthy
5.126953125,O1,4.1308763600121616e-11,-10.383957803563243,Healthy
5.37109375,O1,3.1599509397247544e-11,-10.500319660031032,Healthy
5.615234375,O1,1.9554723081129912e-11,-10.708748329810994,Healthy
5.859375,O1,1.8995465938501444e-11,-10.721350049198584,Healthy
6.103515625,O1,2.2923747701472057e-11,-10.63971438002852,Healthy
6.34765625,O1,2.1014594438442773e-11,-10.677478987045456,Healthy
6.591796875,O1,1.8288484680681164e-11,-10.737822277141486,Healthy
6.8359375,O1,1.1712016400841138e-11,-10.931368328123984,Healthy
7.080078125,O1,1.4674761956530982e-11,-10.833428934836975,Healthy
7.32421875,O1,1.943472637314657e-11,-10.711421569541027,Healthy
7.568359375,O1,1.8289708054187408e-11,-10.7377932268072,Healthy
7.8125,O1,1.7521706066052864e-11,-10.756423609412264,Healthy
8.056640625,O1,1.858025863377136e-11,-10.73094824500126,Healthy
8.30078125,O1,2.6660774981295727e-11,-10.574127230570753,Healthy
8.544921875,O1,5.323786492069246e-11,-10.273779370022211,Healthy
8.7890625,O1,8.852078370794492e-11,-10.052954749754615,Healthy
9.033203125,O1,7.968812642561718e-11,-10.098606383898568,Healthy
9.27734375,O1,5.83885277462001e-11,-10.233672475249865,Healthy
9.521484375,O1,3.5128496183989186e-11,-10.454340441525206,Healthy
9.765625,O1,2.6158538514273263e-11,-10.582386523838483,Healthy
10.009765625,O1,1.6965459328826905e-11,-10.770434377617775,Healthy
10.25390625,O1,1.0348923038227078e-11,-10.985104842756911,Healthy
10.498046875,O1,7.709091746671245e-12,-11.112996785716115,Healthy
10.7421875,O1,7.389632479657832e-12,-11.1313771605261,Healthy
10.986328125,O1,5.432332167500364e-12,-11.265013682375946,Healthy
11.23046875,O1,4.749859262977369e-12,-11.323319258210464,Healthy
11.474609375,O1,4.289434124441237e-12,-11.367599997522127,Healthy
11.71875,O1,4.642940224037444e-12,-11.333206907662234,Healthy
11.962890625,O1,4.633306506573164e-12,-11.334108969015418,Healthy
12.20703125,O1,4.2803993456843e-12,-11.368515711001676,Healthy
12.451171875,O1,3.2356147192055858e-12,-11.490043197592748,Healthy
12.6953125,O1,2.7593812595616164e-12,-11.559188289559104,Healthy
12.939453125,O1,3.0195102336456575e-12,-11.520063494153591,Healthy
13.18359375,O1,3.133691226905272e-12,-11.50394379824955,Healthy
13.427734375,O1,2.871808730183156e-12,-11.541844488591368,Healthy
13.671875,O1,2.829023759916985e-12,-11.548363405050075,Healthy
13.916015625,O1,2.395675164042478e-12,-11.620572069432882,Healthy
14.16015625,O1,2.293603116820663e-12,-11.639481729890184,Healthy
14.404296875,O1,2.341424558392621e-12,-11.63051983079312,Healthy
14.6484375,O1,2.193687962665669e-12,-11.658825147832465,Healthy
14.892578125,O1,2.217012694439803e-12,-11.654231820142448,Healthy
15.13671875,O1,2.3337721368703864e-12,-11.63194154954632,Healthy
15.380859375,O1,1.8254287618139728e-12,-11.73863511092284,Healthy
15.625,O1,2.00676214198532e-12,-11.697504100629116,Healthy
15.869140625,O1,2.2184884668834e-12,-11.653942824680993,Healthy
16.11328125,O1,1.8985955724108482e-12,-11.721567536250838,Healthy
16.357421875,O1,2.083126652331028e-12,-11.681284324513925,Healthy
16.6015625,O1,2.1630486437084564e-12,-11.664933713821837,Healthy
16.845703125,O1,2.26709893945308e-12,-11.644529526225098,Healthy
17.08984375,O1,2.1583276208696832e-12,-11.665882631415666,Healthy
17.333984375,O1,2.714946943278881e-12,-11.5662386531714,Healthy
17.578125,O1,3.0270541851816104e-12,-11.51897980497182,Healthy
17.822265625,O1,3.489507807716422e-12,-11.45723582561021,Healthy
18.06640625,O1,3.227263152544348e-12,-11.4911656205774,Healthy
18.310546875,O1,3.0272699995159045e-12,-11.51894884297782,Healthy
18.5546875,O1,2.5024649448982507e-12,-11.601631997502544,Healthy
18.798828125,O1,2.152705584434497e-12,-11.667015362558631,Healthy
19.04296875,O1,2.2217305379451427e-12,-11.65330861550314,Healthy
19.287109375,O1,2.1238248353475e-12,-11.672881305000654,Healthy
19.53125,O1,1.7781134898937613e-12,-11.750040523196148,Healthy
19.775390625,O1,1.6008598581562006e-12,-11.795646685253333,Healthy
20.01953125,O1,1.5784712684574074e-12,-11.801763318785364,Healthy
20.263671875,O1,1.301759171476978e-12,-11.88546935384216,Healthy
20.5078125,O1,1.0620276644991509e-12,-11.973864170276356,Healthy
20.751953125,O1,1.2676846421053117e-12,-11.896988771081576,Healthy
20.99609375,O1,1.0278172571078368e-12,-11.98808409476158,Healthy
21.240234375,O1,1.102817463825073e-12,-11.957496365178878,Healthy
21.484375,O1,1.0339541258607786e-12,-11.985498729450477,Healthy
21.728515625,O1,1.0414839055138969e-12,-11.98234743699853,Healthy
21.97265625,O1,8.73069912313408e-13,-12.058950978154412,Healthy
22.216796875,O1,9.369409828747029e-13,-12.02828776409522,Healthy
22.4609375,O1,9.689763612833848e-13,-12.013686817675149,Healthy
22.705078125,O1,7.925072240176349e-13,-12.100996770325736,Healthy
22.94921875,O1,7.73480103457699e-13,-12.11155085335397,Healthy
23.193359375,O1,8.158019460687022e-13,-12.08841526302249,Healthy
23.4375,O1,6.62051944811797e-13,-12.179107934336589,Healthy
23.681640625,O1,7.927175992471811e-13,-12.100881499859971,Healthy
23.92578125,O1,7.670656439955003e-13,-12.115167468378116,Healthy
24.169921875,O1,7.66710436520588e-13,-12.115368625054115,Healthy
24.4140625,O1,7.328127561141435e-13,-12.135006979485176,Healthy
24.658203125,O1,6.136838707307831e-13,-12.212055290997752,Healthy
24.90234375,O1,6.080457676734012e-13,-12.21606373010238,Healthy
25.146484375,O1,6.904347903186975e-13,-12.1608773330768,Healthy
25.390625,O1,6.978186514801105e-13,-12.15625742679585,Healthy
25.634765625,O1,6.23066578941789e-13,-12.205465543514029,Healthy
25.87890625,O1,7.02683337808247e-13,-12.15324034443308,Healthy
26.123046875,O1,6.898724580305797e-13,-12.161231193166326,Healthy
26.3671875,O1,6.480467167828551e-13,-12.188393685318154,Healthy
26.611328125,O1,6.101148220714693e-13,-12.214588424170609,Healthy
26.85546875,O1,6.594790334576356e-13,-12.1807990072418,Healthy
27.099609375,O1,6.366096369354619e-13,-12.196126791357154,Healthy
27.34375,O1,5.62699538162876e-13,-12.249723441294195,Healthy
27.587890625,O1,5.713327176038007e-13,-12.243110905174634,Healthy
27.83203125,O1,5.409916363319399e-13,-12.266809448983938,Healthy
28.076171875,O1,4.520729247420371e-13,-12.344791502669848,Healthy
28.3203125,O1,5.097650040363033e-13,-12.292629982667476,Healthy
28.564453125,O1,5.169161255089243e-13,-12.286579919543843,Healthy
28.80859375,O1,5.157344997892715e-13,-12.287573815719613,Healthy
29.052734375,O1,4.649239831261037e-13,-12.332618050137256,Healthy
29.296875,O1,4.825240224676601e-13,-12.316481060422898,Healthy
29.541015625,O1,4.536918572555075e-13,-12.343239015269436,Healthy
29.78515625,O1,4.69707238905936e-13,-12.32817274662391,Healthy
30.029296875,O1,5.233230830186064e-13,-12.281230108741106,Healthy
30.2734375,O1,4.526666329316037e-13,-12.344221517141053,Healthy
30.517578125,O1,4.096150748348074e-13,-12.38762406864087,Healthy
30.76171875,O1,4.244685437857014e-13,-12.372154488615502,Healthy
31.005859375,O1,4.612900862319343e-13,-12.336025878886272,Healthy
31.25,O1,5.333043118689257e-13,-12.273024904947706,Healthy
31.494140625,O1,4.591696211592435e-13,-12.338026852751495,Healthy
31.73828125,O1,4.288379983167472e-13,-12.367706739807494,Healthy
31.982421875,O1,4.3382608050426e-13,-12.362684342873658,Healthy
32.2265625,O1,3.640028900766554e-13,-12.438895168165889,Healthy
32.470703125,O1,4.350220391622754e-13,-12.361488740185358,Healthy
32.71484375,O1,4.679967001224029e-13,-12.32975720915597,Healthy
32.958984375,O1,4.410253916071351e-13,-12.355536405730772,Healthy
33.203125,O1,3.8161613503288297e-13,-12.418373271264572,Healthy
33.447265625,O1,3.5930612089979313e-13,-12.44453538438076,Healthy
33.69140625,O1,3.7750483457131274e-13,-12.423077482142876,Healthy
33.935546875,O1,4.29034697864918e-13,-12.36750758314884,Healthy
34.1796875,O1,4.165874258930504e-13,-12.380293842760036,Healthy
34.423828125,O1,3.956746844652978e-13,-12.40266173530065,Healthy
34.66796875,O1,3.44942673999107e-13,-12.462253074302104,Healthy
34.912109375,O1,3.4038137630599085e-13,-12.468034210011671,Healthy
35.15625,O1,3.316297003588927e-13,-12.479346581486164,Healthy
35.400390625,O1,4.143723077260529e-13,-12.382609275954964,Healthy
35.64453125,O1,3.32527958458528e-13,-12.478171833988553,Healthy
35.888671875,O1,3.448736857287396e-13,-12.462339941552536,Healthy
36.1328125,O1,3.698015214595862e-13,-12.43203130637278,Healthy
36.376953125,O1,4.4880419728053834e-13,-12.34794309014928,Healthy
36.62109375,O1,3.685580859197358e-13,-12.433494056227092,Healthy
36.865234375,O1,3.547327906660065e-13,-12.450098664510604,Healthy
37.109375,O1,3.861746775970727e-13,-12.413216207357282,Healthy
37.353515625,O1,3.532083459483436e-13,-12.451969043043254,Healthy
37.59765625,O1,3.266740259162451e-13,-12.485885395214469,Healthy
37.841796875,O1,3.303976805651181e-13,-12.480963010144954,Healthy
38.0859375,O1,3.487085798266106e-13,-12.457537366861157,Healthy
38.330078125,O1,3.314291639267984e-13,-12.47960927873139,Healthy
38.57421875,O1,3.586947116644573e-13,-12.445275026200742,Healthy
38.818359375,O1,3.383977302977017e-13,-12.47057255852453,Healthy
39.0625,O1,3.141408108096424e-13,-12.50287563966612,Healthy
39.306640625,O1,2.6825326473237105e-13,-12.57145498382007,Healthy
39.55078125,O1,2.928431019826012e-13,-12.53336500146759,Healthy
39.794921875,O1,3.043048534440259e-13,-12.516691120901283,Healthy
0.0,O2,9.636559151351182e-10,-9.01607800845565,Healthy
0.244140625,O2,1.3040832811978393e-08,-7.8846946728604275,Healthy
0.48828125,O2,2.833038149392258e-09,-8.547747577276601,Healthy
0.732421875,O2,1.0955951314595935e-09,-8.960349906305746,Healthy
0.9765625,O2,6.73168301620011e-10,-9.17187634242234,Healthy
1.220703125,O2,5.17461761756108e-10,-9.286121737217684,Healthy
1.46484375,O2,4.191266055936816e-10,-9.377654769861028,Healthy
1.708984375,O2,2.569807942427877e-10,-9.59009933295686,Healthy
1.953125,O2,1.396748111231829e-10,-9.854881907246943,Healthy
2.197265625,O2,1.3129432317061328e-10,-9.881754051282766,Healthy
2.44140625,O2,1.4693328732266506e-10,-9.832879804870824,Healthy
2.685546875,O2,1.501857938332919e-10,-9.823371145571512,Healthy
2.9296875,O2,1.2283851969748639e-10,-9.91066542579366,Healthy
3.173828125,O2,8.440517785407397e-11,-10.073630910667273,Healthy
3.41796875,O2,6.170223801671354e-11,-10.209699083281478,Healthy
3.662109375,O2,6.72411897999874e-11,-10.172364610535997,Healthy
3.90625,O2,5.397115734343834e-11,-10.2678382689372,Healthy
4.150390625,O2,4.5790219994376175e-11,-10.339227269944368,Healthy
4.39453125,O2,3.1522908513372376e-11,-10.501373718433973,Healthy
4.638671875,O2,2.8806525546420228e-11,-10.54050912030385,Healthy
4.8828125,O2,2.9452080304468185e-11,-10.530884024040104,Healthy
5.126953125,O2,2.960827285576409e-11,-10.528586925643062,Healthy
5.37109375,O2,2.5932723797934404e-11,-10.58615186547951,Healthy
5.615234375,O2,1.842245090945741e-11,-10.734652592073738,Healthy
5.859375,O2,1.3721752438083798e-11,-10.862590420291928,Healthy
6.103515625,O2,1.7153338604767544e-11,-10.76565133938122,Healthy
6.34765625,O2,1.5993565734551578e-11,-10.796054700343788,Healthy
6.591796875,O2,1.241409118589361e-11,-10.906085068892224,Healthy
6.8359375,O2,1.0427041119661163e-11,-10.981838913789412,Healthy
7.080078125,O2,1.232961274214783e-11,-10.90905056384137,Healthy
7.32421875,O2,1.424062020981264e-11,-10.8464710958232,Healthy
7.568359375,O2,1.2236452150557211e-11,-10.912344483725285,Healthy
7.8125,O2,1.3333338592932267e-11,-10.875061092075624,Healthy
8.056640625,O2,1.825711887706311e-11,-10.738567756621938,Healthy
8.30078125,O2,2.839023543195619e-11,-10.546831005981522,Healthy
8.544921875,O2,5.8150933379939885e-11,-10.235443310024026,Healthy
8.7890625,O2,8.954306639706561e-11,-10.047968037308811,Healthy
9.033203125,O2,7.200240897149525e-11,-10.142652973214204,Healthy
9.27734375,O2,5.054196747307926e-11,-10.296347856083091,Healthy
9.521484375,O2,3.7788498907976e-11,-10.422640359443951,Healthy
9.765625,O2,2.614649635261203e-11,-10.58258649863882,Healthy
10.009765625,O2,1.937499206574376e-11,-10.71275846666962,Healthy
10.25390625,O2,1.088036019093883e-11,-10.96335672721616,Healthy
10.498046875,O2,6.728359836430631e-12,-11.172090790278322,Healthy
10.7421875,O2,6.310547921304886e-12,-11.199932930951052,Healthy
10.986328125,O2,5.738923316448693e-12,-11.241169578261523,Healthy
11.23046875,O2,4.814070411653637e-12,-11.317487561927834,Healthy
11.474609375,O2,4.427477513282467e-12,-11.353843635870726,Healthy
11.71875,O2,3.825805588048782e-12,-11.41727710283534,Healthy
11.962890625,O2,3.7429259140639854e-12,-11.426788769046846,Healthy
12.20703125,O2,3.2635437047734216e-12,-11.48631056693772,Healthy
12.451171875,O2,3.09616678011996e-12,-11.50917565337192,Healthy
12.6953125,O2,2.7680287325122e-12,-11.557829406156488,Healthy
12.939453125,O2,2.706345841241344e-12,-11.567616706132496,Healthy
13.18359375,O2,2.427680836046239e-12,-11.614808409958828,Healthy
13.427734375,O2,2.408321782989476e-12,-11.618285486168292,Healthy
13.671875,O2,2.48084079687736e-12,-11.605401104835456,Healthy
13.916015625,O2,2.296585254520347e-12,-11.63891742793798,Healthy
14.16015625,O2,2.283841988621091e-12,-11.641333946767608,Healthy
14.404296875,O2,2.174888778858566e-12,-11.662562947427986,Healthy
14.6484375,O2,2.0465610161422183e-12,-11.688975302775932,Healthy
14.892578125,O2,2.020533949584834e-12,-11.694533848020894,Healthy
15.13671875,O2,2.050254767935845e-12,-11.688192169464246,Healthy
15.380859375,O2,1.7647601447263049e-12,-11.753314312882631,Healthy
15.625,O2,1.984527331088052e-12,-11.70234291557315,Healthy
15.869140625,O2,1.981308127792332e-12,-11.70304797888151,Healthy
16.11328125,O2,1.8601414834393666e-12,-11.730454021835769,Healthy
16.357421875,O2,1.834663835514435e-12,-11.736443499671028,Healthy
16.6015625,O2,2.148881985521977e-12,-11.667787434878006,Healthy
16.845703125,O2,2.462918054150439e-12,-11.608550037703049,Healthy
17.08984375,O2,2.460862918611065e-12,-11.608912577824588,Healthy
17.333984375,O2,2.929113179167144e-12,-11.533263847117269,Healthy
17.578125,O2,3.110078278130357e-12,-11.507228679998166,Healthy
17.822265625,O2,3.704843745651791e-12,-11.43123010396865,Healthy
18.06640625,O2,3.3083630651959218e-12,-11.480386836314484,Healthy
18.310546875,O2,2.958703008712076e-12,-11.528898626644308,Healthy
18.5546875,O2,2.5134010197937466e-12,-11.599738213043349,Healthy
18.798828125,O2,2.458561118385117e-12,-11.609318990933929,Healthy
19.04296875,O2,2.41547801809264e-12,-11.616996910429378,Healthy
19.287109375,O2,2.1024465133470537e-12,-11.67727504392658,Healthy
19.53125,O2,1.9092202119669014e-12,-11.719143976621304,Healthy
19.775390625,O2,1.6568762689114296e-12,-11.780709922320176,Healthy
20.01953125,O2,1.5107515881377626e-12,-11.820806940538644,Healthy
20.263671875,O2,1.2725702190191128e-12,-11.895318244440205,Healthy
20.5078125,O2,1.1001679552806029e-12,-11.958541008947682,Healthy
20.751953125,O2,1.1631967750591736e-12,-11.93434681055652,Healthy
20.99609375,O2,9.93924368320288e-13,-12.002646661549198,Healthy
21.240234375,O2,1.057331961050401e-12,-11.975788639732947,Healthy
21.484375,O2,9.572573829205001e-13,-12.018971275438076,Healthy
21.728515625,O2,1.0109973696588975e-12,-11.995249974324048,Healthy
21.97265625,O2,8.66511743918934e-13,-12.062225546874329,Healthy
22.216796875,O2,9.41914622001774e-13,-12.025988461192195,Healthy
22.4609375,O2,9.514388206606826e-13,-12.021619132446537,Healthy
22.705078125,O2,8.163582764730682e-13,-12.088119199890022,Healthy
22.94921875,O2,7.135312366081894e-13,-12.146587009809846,Healthy
23.193359375,O2,7.873633510813673e-13,-12.103824803914026,Healthy
23.4375,O2,7.012776612031196e-13,-12.15410999508202,Healthy
23.681640625,O2,7.857065641029979e-13,-12.104739618572298,Healthy
23.92578125,O2,7.96298112919388e-13,-12.098924313470867,Healthy
24.169921875,O2,6.903046487558446e-13,-12.160959201909082,Healthy
24.4140625,O2,7.50168343857166e-13,-12.12484126646925,Healthy
24.658203125,O2,6.02200653772303e-13,-12.220258777336127,Healthy
24.90234375,O2,6.29896335669945e-13,-12.20073091808758,Healthy
25.146484375,O2,6.89381350001591e-13,-12.161540469841556,Healthy
25.390625,O2,6.687936570761762e-13,-12.174707854453429,Healthy
25.634765625,O2,5.844542673807156e-13,-12.233249466026932,Healthy
25.87890625,O2,6.189310545802375e-13,-12.208357726235151,Healthy
26.123046875,O2,6.811434837658761e-13,-12.166761393749452,Healthy
26.3671875,O2,6.359515482915191e-13,-12.196575971004409,Healthy
26.611328125,O2,6.067959320602195e-13,-12.216957339371334,Healthy
26.85546875,O2,6.553746813926417e-13,-12.183510340408414,Healthy
27.099609375,O2,5.968290000038373e-13,-12.224150082593612,Healthy
27.34375,O2,5.033068101799237e-13,-12.298167193180149,Healthy
27.587890625,O2,5.517104006483441e-13,-12.258288828799904,Healthy
27.83203125,O2,4.913208286022084e-13,-12.308634824395073,Healthy
28.076171875,O2,4.861643780763841e-13,-12.313216865672889,Healthy
28.3203125,O2,4.967467126090564e-13,-12.303864998300623,Healthy
28.564453125,O2,4.832000321367103e-13,-12.315873045502828,Healthy
28.80859375,O2,4.985156601176726e-13,-12.30232119443183,Healthy
29.052734375,O2,4.743429747913335e-13,-12.32390752711018,Healthy
29.296875,O2,4.665684857931024e-13,-12.331084598822098,Healthy
29.541015625,O2,4.56741768965076e-13,-12.34032927041277,Healthy
29.78515625,O2,4.476674804934098e-13,-12.34904445253462,Healthy
30.029296875,O2,4.57940489826719e-13,-12.339190955662284,Healthy
30.2734375,O2,4.652207674568874e-13,-12.332340906603482,Healthy
30.517578125,O2,4.142007032325741e-13,-12.38278916809402,Healthy
30.76171875,O2,4.325703606425113e-13,-12.363943241370324,Healthy
31.005859375,O2,4.744643929844872e-13,-12.323796374407602,Healthy
31.25,O2,5.009166290200375e-13,-12.300234550718615,Healthy
31.494140625,O2,4.558662167695156e-13,-12.341162591202767,Healthy
31.73828125,O2,3.939764132941786e-13,-12.404529777876991,Healthy
31.982421875,O2,4.249030415350875e-13,-12.371710160138592,Healthy
32.2265625,O2,3.771550582497818e-13,-12.423480063328556,Healthy
32.470703125,O2,4.2123698012227813e-13,-12.375473509380983,Healthy
32.71484375,O2,4.335440857614035e-13,-12.362966733875393,Healthy
32.958984375,O2,4.1176727330222933e-13,-12.385348173475768,Healthy
33.203125,O2,3.711160420778066e-13,-12.43049027217968,Healthy
33.447265625,O2,3.692142939267866e-13,-12.432721493850456,Healthy
33.69140625,O2,4.081572554312462e-13,-12.389172479047575,Healthy
33.935546875,O2,4.1738472399860723e-13,-12.37946344986691,Healthy
34.1796875,O2,4.0260622987965494e-13,-12.395119509175572,Healthy
34.423828125,O2,3.587459959055201e-13,-12.445212937549496,Healthy
34.66796875,O2,3.529563000110648e-13,-12.452279061861164,Healthy
34.912109375,O2,3.428372747168323e-13,-12.464911965851003,Healthy
35.15625,O2,3.399525843569582e-13,-12.468581652922875,Healthy
35.400390625,O2,3.820514055805769e-13,-12.417878198193067,Healthy
35.64453125,O2,3.5619986933410893e-13,-12.448306244186323,Healthy
35.888671875,O2,3.416305861216983e-13,-12.46644325393962,Healthy
36.1328125,O2,4.02599216287116e-13,-12.395127074858472,Healthy
36.376953125,O2,4.311077477327745e-13,-12.36541417207222,Healthy
36.62109375,O2,3.8190338856097723e-13,-12.418046488191738,Healthy
36.865234375,O2,3.440318971914093e-13,-12.463401289602851,Healthy
37.109375,O2,3.909965725646373e-13,-12.40782704956779,Healthy
37.353515625,O2,3.330942199450304e-13,-12.477432903387353,Healthy
37.59765625,O2,3.1903563349614905e-13,-12.496160807330028,Healthy
37.841796875,O2,3.5629848952247163e-13,-12.448186018775692,Healthy
38.0859375,O2,3.573103562261356e-13,-12.446954396093435,Healthy
38.330078125,O2,3.483656027012525e-13,-12.457964733384593,Healthy
38.57421875,O2,3.4764110850407666e-13,-12.458868873935485,Healthy
38.818359375,O2,3.3777196726052253e-13,-12.471376396710694,Healthy
39.0625,O2,3.409953734040932e-13,-12.467251513437716,Healthy
39.306640625,O2,2.712896680082561e-13,-12.566566745908313,Healthy
39.55078125,O2,3.0535390260423405e-13,-12.515196525091229,Healthy
39.794921875,O2,2.895372958939928e-13,-12.538295485968655,Healthy
0.0,F7,3.373540254049073e-09,-8.471914103351555,Healthy
0.244140625,F7,2.88359552443302e-08,-7.540065657207135,Healthy
0.48828125,F7,5.944435768288027e-09,-8.225889361288871,Healthy
0.732421875,F7,1.284375213616894e-09,-8.891308084212104,Healthy
0.9765625,F7,6.257087158921148e-10,-9.203627795418058,Healthy
1.220703125,F7,4.5352627251470156e-10,-9.34339754944696,Healthy
1.46484375,F7,3.62931431537408e-10,-9.440175418263657,Healthy
1.708984375,F7,2.5928185063402223e-10,-9.586227882171482,Healthy
1.953125,F7,1.5693736137107438e-10,-9.80427365357218,Healthy
2.197265625,F7,1.3986880873915649e-10,-9.854279123984092,Healthy
2.44140625,F7,1.3879199749063774e-10,-9.857635573836852,Healthy
2.685546875,F7,1.3805578986053448e-10,-9.85994537495914,Healthy
2.9296875,F7,1.2124461981440832e-10,-9.916337523956676,Healthy
3.173828125,F7,9.269309602481512e-11,-10.032952611810035,Healthy
3.41796875,F7,6.4912715001827e-11,-10.187670225938156,Healthy
3.662109375,F7,6.605741834005257e-11,-10.18007840343568,Healthy
3.90625,F7,5.3293974522875946e-11,-10.27332189002392,Healthy
4.150390625,F7,4.5848371244238594e-11,-10.338676087959149,Healthy
4.39453125,F7,3.578882015411053e-11,-10.446252618709892,Healthy
4.638671875,F7,3.0371316319539914e-11,-10.517536384969318,Healthy
4.8828125,F7,2.8053382182594078e-11,-10.552014771673807,Healthy
5.126953125,F7,2.781764426228456e-11,-10.555679651022956,Healthy
5.37109375,F7,2.550156827164008e-11,-10.593433110908146,Healthy
5.615234375,F7,1.956852640818048e-11,-10.708441877300174,Healthy
5.859375,F7,1.3928974465840292e-11,-10.856080857748475,Healthy
6.103515625,F7,1.559939324872179e-11,-10.806892293559423,Healthy
6.34765625,F7,1.5670710561095724e-11,-10.80491131075754,Healthy
6.591796875,F7,1.220511501534484e-11,-10.913458123637678,Healthy
6.8359375,F7,1.0189912299391252e-11,-10.991829553781043,Healthy
7.080078125,F7,9.760474964262465e-12,-11.010529048179686,Healthy
7.32421875,F7,9.880415196448374e-12,-11.00522480503406,Healthy
7.568359375,F7,9.22680101598198e-12,-11.03494884522741,Healthy
7.8125,F7,7.844303572027506e-12,-11.10544560762214,Healthy
8.056640625,F7,7.922112326060115e-12,-11.101159004112713,Healthy
8.30078125,F7,8.545724294838208e-12,-11.068251122654075,Healthy
8.544921875,F7,9.05125036409304e-12,-11.04329142204157,Healthy
8.7890625,F7,1.2333265371101598e-11,-10.90892192381782,Healthy
9.033203125,F7,1.226018553905828e-11,-10.91150295738861,Healthy
9.27734375,F7,1.2939705334798552e-11,-10.888075613383553,Healthy
9.521484375,F7,1.5196210410328668e-11,-10.818264701731424,Healthy
9.765625,F7,1.1480798152130656e-11,-10.94002791846969,Healthy
10.009765625,F7,9.44347406344214e-12,-11.024868208135588,Healthy
10.25390625,F7,6.175334867784861e-12,-11.209339487090494,Healthy
10.498046875,F7,4.937899310061453e-12,-11.306457770121083,Healthy
10.7421875,F7,4.331261950570908e-12,-11.363385549761905,Healthy
10.986328125,F7,3.701685255794885e-12,-11.431600510889051,Healthy
11.23046875,F7,3.2100080995348305e-12,-11.493493871776174,Healthy
11.474609375,F7,2.608017010770905e-12,-11.58368958024846,Healthy
11.71875,F7,2.339265365470095e-12,-11.630920509177454,Healthy
11.962890625,F7,2.3134468966977737e-12,-11.635740464928215,Healthy
12.20703125,F7,1.961260584799266e-12,-11.707464699538846,Healthy
12.451171875,F7,2.2759598128643325e-12,-11.64283541064487,Healthy
12.6953125,F7,1.760607526737503e-12,-11.754337445832247,Healthy
12.939453125,F7,1.7861873044347824e-12,-11.74807300176479,Healthy
13.18359375,F7,1.819302199745312e-12,-11.740095155372504,Healthy
13.427734375,F7,1.9564430265753746e-12,-11.708532794634856,Healthy
13.671875,F7,1.849034877738268e-12,-11.733054896809236,Healthy
13.916015625,F7,1.656054277924318e-12,-11.780925433120755,Healthy
14.16015625,F7,1.6664389564052897e-12,-11.77821059042343,Healthy
14.404296875,F7,1.6417480768599609e-12,-11.784693483771658,Healthy
14.6484375,F7,1.418015892420364e-12,-11.84831890176805,Healthy
14.892578125,F7,1.3946962581246002e-12,-11.855520364278306,Healthy
15.13671875,F7,1.595425754542323e-12,-11.79712340152552,Healthy
15.380859375,F7,1.3446646357297128e-12,-11.87138601678643,Healthy
15.625,F7,1.4798377634333384e-12,-11.82978589427244,Healthy
15.869140625,F7,1.5027610600758634e-12,-11.823110067011156,Healthy
16.11328125,F7,1.4222821320376996e-12,-11.847014245917348,Healthy
16.357421875,F7,1.3865423950284961e-12,-11.858066846861128,Healthy
16.6015625,F7,1.4209188512748173e-12,-11.847430723937336,Healthy
16.845703125,F7,1.4128804431859198e-12,-11.849894586248682,Healthy
17.08984375,F7,1.3965160595224979e-12,-11.8549540656759,Healthy
17.333984375,F7,1.303579095164805e-12,-11.884862612710856,Healthy
17.578125,F7,1.5163584031944856e-12,-11.819198137666126,Healthy
17.822265625,F7,1.5493724772073516e-12,-11.80984416303506,Healthy
18.06640625,F7,1.4739237114298922e-12,-11.831524994470485,Healthy
18.310546875,F7,1.4881915047384502e-12,-11.827341178938193,Healthy
18.5546875,F7,1.2914466496305873e-12,-11.888923530063344,Healthy
18.798828125,F7,1.3672641483317865e-12,-11.864147573888133,Healthy
19.04296875,F7,1.4021651899159804e-12,-11.85320081886374,Healthy
19.287109375,F7,1.2621102034020237e-12,-11.898902722239423,Healthy
19.53125,F7,1.1563305631425262e-12,-11.936917995304258,Healthy
19.775390625,F7,1.224573014302847e-12,-11.912015315264892,Healthy
20.01953125,F7,1.200804788161785e-12,-11.920527589029197,Healthy
20.263671875,F7,1.126263901575807e-12,-11.948359835444265,Healthy
20.5078125,F7,8.97773257589525e-13,-12.046833335283528,Healthy
20.751953125,F7,1.0459466538997429e-12,-11.98049046509377,Healthy
20.99609375,F7,9.244818847584643e-13,-12.034101594430732,Healthy
21.240234375,F7,1.0033109551512629e-12,-11.99856444566672,Healthy
21.484375,F7,9.257748329383156e-13,-12.033494629628578,Healthy
21.728515625,F7,9.289329742160358e-13,-12.032015620751515,Healthy
21.97265625,F7,8.095777527227103e-13,-12.091741434795924,Healthy
22.216796875,F7,8.638167941570072e-13,-12.063578356738144,Healthy
22.4609375,F7,9.442730762337025e-13,-12.024902393041604,Healthy
22.705078125,F7,8.864719832795414e-13,-12.052334985612267,Healthy
22.94921875,F7,8.029104270481677e-13,-12.095332902054489,Healthy
23.193359375,F7,7.70796604046252e-13,-12.11306020741464,Healthy
23.4375,F7,7.265806866083107e-13,-12.138716150391437,Healthy
23.681640625,F7,7.142625916006761e-13,-12.146142094782125,Healthy
23.92578125,F7,6.83522454720292e-13,-12.165247213647833,Healthy
24.169921875,F7,7.308345929936798e-13,-12.13618090413463,Healthy
24.4140625,F7,7.828665243412505e-13,-12.106312277129051,Healthy
24.658203125,F7,7.235785883370658e-13,-12.140514292979503,Healthy
24.90234375,F7,6.840162023248356e-13,-12.164933611003669,Healthy
25.146484375,F7,7.509481732284619e-13,-12.124390034843469,Healthy
25.390625,F7,6.50603820797843e-13,-12.186683390567618,Healthy
25.634765625,F7,6.113434869631237e-13,-12.213714710252448,Healthy
25.87890625,F7,6.532049732870709e-13,-12.18495051734794,Healthy
26.123046875,F7,7.551598628787219e-13,-12.1219611010637,Healthy
26.3671875,F7,7.407686533942008e-13,-12.13031740368298,Healthy
26.611328125,F7,6.904679883908384e-13,-12.16085645146259,Healthy
26.85546875,F7,6.637213888433622e-13,-12.178014186716895,Healthy
27.099609375,F7,6.368606828586243e-13,-12.195955561829694,Healthy
27.34375,F7,5.346781654420379e-13,-12.271907550744723,Healthy
27.587890625,F7,5.962729363025225e-13,-12.224554902009633,Healthy
27.83203125,F7,5.748200848902413e-13,-12.240468065512395,Healthy
28.076171875,F7,5.543831501881982e-13,-12.25618997805623,Healthy
28.3203125,F7,5.831397486842168e-13,-12.23422735465876,Healthy
28.564453125,F7,4.948289260191754e-13,-12.305544920919784,Healthy
28.80859375,F7,5.360304363253957e-13,-12.270810549947369,Healthy
29.052734375,F7,5.912149737094301e-13,-12.22825457509187,Healthy
29.296875,F7,5.515148649701754e-13,-12.258442777534729,Healthy
29.541015625,F7,5.577850392504337e-13,-12.253533138435182,Healthy
29.78515625,F7,5.084770214413098e-13,-12.293728668477184,Healthy
30.029296875,F7,4.942251528313029e-13,-12.306075155619771,Healthy
30.2734375,F7,5.001039256825359e-13,-12.300939736343013,Healthy
30.517578125,F7,4.365178723047245e-13,-12.359997970321706,Healthy
30.76171875,F7,5.444138280594944e-13,-12.26407085229004,Healthy
31.005859375,F7,5.519608051367265e-13,-12.258091760526591,Healthy
31.25,F7,5.835725776902391e-13,-12.233905123971216,Healthy
31.494140625,F7,5.313657863200971e-13,-12.274606412460072,Healthy
31.73828125,F7,5.074409124810129e-13,-12.2946145206609,Healthy
31.982421875,F7,5.01380372395038e-13,-12.299832671429606,Healthy
32.2265625,F7,5.09695171423878e-13,-12.292689480662611,Healthy
32.470703125,F7,5.518194453063795e-13,-12.258202999687818,Healthy
32.71484375,F7,6.001890148497164e-13,-12.22171195765127,Healthy
32.958984375,F7,4.806974756556878e-13,-12.31812815852807,Healthy
33.203125,F7,4.154627732496349e-13,-12.381467884266309,Healthy
33.447265625,F7,4.672124142105182e-13,-12.330485626187828,Healthy
33.69140625,F7,5.128915967657976e-13,-12.289974416372228,Healthy
33.935546875,F7,4.678381705305279e-13,-12.329904347352649,Healthy
34.1796875,F7,5.323867418917707e-13,-12.273772768364417,Healthy
34.423828125,F7,4.6318412612187e-13,-12.334246332820795,Healthy
34.66796875,F7,4.518243743343646e-13,-12.345030344125306,Healthy
34.912109375,F7,4.664132829109188e-13,-12.331229089868314,Healthy
35.15625,F7,4.2296665234443963e-13,-12.373693872042695,Healthy
35.400390625,F7,4.757661914342835e-13,-12.322606422734252,Healthy
35.64453125,F7,4.3178416139986724e-13,-12.364733292392703,Healthy
35.888671875,F7,4.460852942940112e-13,-12.35058209353093,Healthy
36.1328125,F7,5.318679830287863e-13,-12.274196152210784,Healthy
36.376953125,F7,6.0531322110053e-13,-12.218019840232008,Healthy
36.62109375,F7,5.001865608819299e-13,-12.300867981164547,Healthy
36.865234375,F7,4.888030536829643e-13,-12.31086608960364,Healthy
37.109375,F7,4.767217157512419e-13,-12.32173506452748,Healthy
37.353515625,F7,4.117022686055708e-13,-12.385416739900336,Healthy
37.59765625,F7,3.952096902557057e-13,-12.403172415367337,Healthy
37.841796875,F7,4.2737851345994173e-13,-12.36918731586486,Healthy
38.0859375,F7,4.1318049656901784e-13,-12.383860186746707,Healthy
38.330078125,F7,4.944896891717878e-13,-12.305842759643104,Healthy
38.57421875,F7,5.102732782522954e-13,-12.292197173998623,Healthy
38.818359375,F7,4.513065237046153e-13,-12.345528388641524,Healthy
39.0625,F7,4.389148472347436e-13,-12.357619727965554,Healthy
39.306640625,F7,4.195325886769147e-13,-12.3772342981658,Healthy
39.55078125,F7,4.1545927205372994e-13,-12.381471544176572,Healthy
39.794921875,F7,4.114278178499717e-13,-12.38570634771589,Healthy
0.0,F8,6.329856619111853e-09,-8.198606127302357,Healthy
0.244140625,F8,5.620391364859512e-08,-7.250233442138931,Healthy
0.48828125,F8,9.979968234452065e-09,-8.000870841039697,Healthy
0.732421875,F8,1.611885176244212e-09,-8.792665898696967,Healthy
0.9765625,F8,6.784264593170295e-10,-9.168497222497663,Healthy
1.220703125,F8,4.744863538490709e-10,-9.323776273296264,Healthy
1.46484375,F8,3.8157536180803215e-10,-9.418419675310352,Healthy
1.708984375,F8,2.7133581279116367e-10,-9.566492881243482,Healthy
1.953125,F8,1.716895969018139e-10,-9.765256019020873,Healthy
2.197265625,F8,1.5280428769375163e-10,-9.815864459270731,Healthy
2.44140625,F8,1.4469055340460368e-10,-9.839559822289232,Healthy
2.685546875,F8,1.4365492929651795e-10,-9.842679467273506,Healthy
2.9296875,F8,1.3079680369301295e-10,-9.883402868820989,Healthy
3.173828125,F8,9.883768785358527e-11,-10.005077422761808,Healthy
3.41796875,F8,6.956343237356706e-11,-10.157618997340348,Healthy
3.662109375,F8,7.058165173574e-11,-10.151308182596567,Healthy
3.90625,F8,5.400128350656153e-11,-10.2675959177105,Healthy
4.150390625,F8,4.9154919005692136e-11,-10.308433015163814,Healthy
4.39453125,F8,3.921053795033538e-11,-10.406597199340712,Healthy
4.638671875,F8,3.1851854023306844e-11,-10.496865283308008,Healthy
4.8828125,F8,3.0067013569084617e-11,-10.521909706414858,Healthy
5.126953125,F8,2.9633735028670044e-11,-10.528213606700437,Healthy
5.37109375,F8,2.790619844100904e-11,-10.554299321825305,Healthy
5.615234375,F8,2.1036510077082048e-11,-10.677026307293056,Healthy
5.859375,F8,1.558313122215805e-11,-10.807345272217267,Healthy
6.103515625,F8,1.6557303885788562e-11,-10.781010380283748,Healthy
6.34765625,F8,1.6765796031763655e-11,-10.775575821656863,Healthy
6.591796875,F8,1.3210913780188168e-11,-10.87906714181255,Healthy
6.8359375,F8,1.1143955631789348e-11,-10.952960625667671,Healthy
7.080078125,F8,1.0701668431796548e-11,-10.970548508834746,Healthy
7.32421875,F8,1.0948211974791695e-11,-10.960656802548804,Healthy
7.568359375,F8,1.0141541321833947e-11,-10.993896035466426,Healthy
7.8125,F8,8.537128604024772e-12,-11.068688176280371,Healthy
8.056640625,F8,7.736931223668023e-12,-11.111431263723274,Healthy
8.30078125,F8,8.662145548198284e-12,-11.062374523186609,Healthy
8.544921875,F8,8.181044932692062e-12,-11.087191222059811,Healthy
8.7890625,F8,1.1591514437414604e-11,-10.935859819528616,Healthy
9.033203125,F8,1.2235304051222456e-11,-10.91238523382119,Healthy
9.27734375,F8,1.2218368961400368e-11,-10.912986764497772,Healthy
9.521484375,F8,1.3280982694089326e-11,-10.876769789212672,Healthy
9.765625,F8,1.0905310920120676e-11,-10.96236194778654,Healthy
10.009765625,F8,8.521864753691753e-12,-11.069465362554183,Healthy
10.25390625,F8,5.325547202942357e-12,-11.273635761596504,Healthy
10.498046875,F8,4.498367597816959e-12,-11.34694505775314,Healthy
10.7421875,F8,4.155912331870153e-12,-11.381333622372466,Healthy
10.986328125,F8,3.7063054226144846e-12,-11.43105879497647,Healthy
11.23046875,F8,3.289434757951212e-12,-11.482878722898889,Healthy
11.474609375,F8,2.775285325937128e-12,-11.556692360609784,Healthy
11.71875,F8,2.614180648568004e-12,-11.582664404526918,Healthy
11.962890625,F8,2.442258187785905e-12,-11.612208425729582,Healthy
12.20703125,F8,2.3139220465596168e-12,-11.635651276032178,Healthy
12.451171875,F8,2.3579206228844146e-12,-11.627470819098235,Healthy
12.6953125,F8,2.0885956526884405e-12,-11.680145630294238,Healthy
12.939453125,F8,1.871254732957561e-12,-11.727867088188102,Healthy
13.18359375,F8,2.149618004253792e-12,-11.667638709100322,Healthy
13.427734375,F8,2.0191033816019026e-12,-11.69484144385488,Healthy
13.671875,F8,1.965286648951232e-12,-11.706574096190078,Healthy
13.916015625,F8,1.7197562095547561e-12,-11.764533113760614,Healthy
14.16015625,F8,1.808478461204224e-12,-11.742686659274966,Healthy
14.404296875,F8,1.7811576980918756e-12,-11.749297627769105,Healthy
14.6484375,F8,1.5652830904934842e-12,-11.805407106346989,Healthy
14.892578125,F8,1.5634991733525558e-12,-11.805902344039543,Healthy
15.13671875,F8,1.779175426203095e-12,-11.749781228489503,Healthy
15.380859375,F8,1.4134110671471913e-12,-11.849731512439622,Healthy
15.625,F8,1.6307724537075452e-12,-11.787606633069675,Healthy
15.869140625,F8,1.5785625191826653e-12,-11.801738213139288,Healthy
16.11328125,F8,1.5122644032032525e-12,-11.820372270466237,Healthy
16.357421875,F8,1.509036871220731e-12,-11.8213001487121,Healthy
16.6015625,F8,1.5402097924152133e-12,-11.81242011975911,Healthy
16.845703125,F8,1.541706050305732e-12,-11.811998423236837,Healthy
17.08984375,F8,1.5884499212942005e-12,-11.799026472526114,Healthy
17.333984375,F8,1.6540400132396545e-12,-11.781453988544662,Healthy
17.578125,F8,1.6294930636810888e-12,-11.787947483871092,Healthy
17.822265625,F8,1.5773632598535032e-12,-11.802068279034724,Healthy
18.06640625,F8,1.6047295777272942e-12,-11.794598142571106,Healthy
18.310546875,F8,1.6677106620618032e-12,-11.777879294687358,Healthy
18.5546875,F8,1.4421209422004212e-12,-11.840998316365724,Healthy
18.798828125,F8,1.4366451056499248e-12,-11.842650502355353,Healthy
19.04296875,F8,1.5449869301287853e-12,-11.811075190153034,Healthy
19.287109375,F8,1.394411349378737e-12,-11.855609091078428,Healthy
19.53125,F8,1.2611593544371419e-12,-11.899230034457682,Healthy
19.775390625,F8,1.2872943700581604e-12,-11.890322130116903,Healthy
20.01953125,F8,1.348218395192796e-12,-11.870239751610352,Healthy
20.263671875,F8,1.1641692344797326e-12,-11.933983882007189,Healthy
20.5078125,F8,9.760955870355566e-13,-12.010507650684351,Healthy
20.751953125,F8,1.0905089147066622e-12,-11.96237077979451,Healthy
20.99609375,F8,1.0087027821464757e-12,-11.996236781323836,Healthy
21.240234375,F8,1.0976092008972552e-12,-11.959552261074132,Healthy
21.484375,F8,9.8842293667477e-13,-12.00505718520874,Healthy
21.728515625,F8,1.0195749187112193e-12,-11.991580856607335,Healthy
21.97265625,F8,8.843401263638705e-13,-12.053380668705278,Healthy
22.216796875,F8,8.958204253098536e-13,-12.047779039571358,Healthy
22.4609375,F8,9.90165347463671e-13,-12.00429227661961,Healthy
22.705078125,F8,8.53854829459662e-13,-12.068615960837736,Healthy
22.94921875,F8,8.198552058630712e-13,-12.086262841332434,Healthy
23.193359375,F8,8.399706375635507e-13,-12.075735895089316,Healthy
23.4375,F8,7.672629500557725e-13,-12.115055772703505,Healthy
23.681640625,F8,7.597009827817156e-13,-12.119357311773417,Healthy
23.92578125,F8,7.85855433477023e-13,-12.104657339733846,Healthy
24.169921875,F8,7.635172460215927e-13,-12.117181148827044,Healthy
24.4140625,F8,7.360792792064431e-13,-12.133075407581446,Healthy
24.658203125,F8,7.146092974436517e-13,-12.145931337696682,Healthy
24.90234375,F8,9.016800045023672e-13,-12.044947561056444,Healthy
25.146484375,F8,1.0386873453269681e-12,-11.983515159500907,Healthy
25.390625,F8,8.266582470448373e-13,-12.08267399721674,Healthy
25.634765625,F8,7.502446628668482e-13,-12.124797085400903,Healthy
25.87890625,F8,6.86875494979605e-13,-12.163121977268892,Healthy
26.123046875,F8,7.484557542291663e-13,-12.12583386834977,Healthy
26.3671875,F8,8.662491786672866e-13,-12.06235716415553,Healthy
26.611328125,F8,6.802843513921433e-13,-12.167309519017689,Healthy
26.85546875,F8,6.50689400234292e-13,-12.186626267889244,Healthy
27.099609375,F8,6.658615562452266e-13,-12.17661605853068,Healthy
27.34375,F8,6.248968492238934e-13,-12.204191665071953,Healthy
27.587890625,F8,7.359520850461661e-13,-12.1331504599525,Healthy
27.83203125,F8,7.209521222731731e-13,-12.142093575395654,Healthy
28.076171875,F8,6.066331761384417e-13,-12.21707384226165,Healthy
28.3203125,F8,5.73476093984528e-13,-12.24148468145408,Healthy
28.564453125,F8,5.544150843596783e-13,-12.256164962081222,Healthy
28.80859375,F8,6.179007344073834e-13,-12.20908128860338,Healthy
29.052734375,F8,6.606657567100724e-13,-12.180018202738012,Healthy
29.296875,F8,6.634086587974911e-13,-12.178218864376031,Healthy
29.541015625,F8,6.734191700638605e-13,-12.171714524813906,Healthy
29.78515625,F8,5.565075593567675e-13,-12.254528932021756,Healthy
30.029296875,F8,6.37329055907624e-13,-12.195636281531591,Healthy
30.2734375,F8,5.019461647645149e-13,-12.299342859746345,Healthy
30.517578125,F8,5.016274633284655e-13,-12.29961869457466,Healthy
30.76171875,F8,5.715751792564701e-13,-12.242926638778895,Healthy
31.005859375,F8,6.182225487550053e-13,-12.2088551587336,Healthy
31.25,F8,6.210399620901167e-13,-12.206880453355096,Healthy
31.494140625,F8,6.327727330380084e-13,-12.198752243395129,Healthy
31.73828125,F8,4.762297649687538e-13,-12.322183464122851,Healthy
31.982421875,F8,5.194428700611699e-13,-12.284462210535182,Healthy
32.2265625,F8,5.71657646690085e-13,-12.24286398286034,Healthy
32.470703125,F8,5.244484161193777e-13,-12.280297221858248,Healthy
32.71484375,F8,6.538238830660195e-13,-12.184539219432708,Healthy
32.958984375,F8,6.275461857525221e-13,-12.20235430573644,Healthy
33.203125,F8,5.330323880891939e-13,-12.273246401590558,Healthy
33.447265625,F8,5.94256647039323e-13,-12.226025951785136,Healthy
33.69140625,F8,6.070955414409917e-13,-12.21674295660932,Healthy
33.935546875,F8,6.664021708940782e-13,-12.176263596826685,Healthy
34.1796875,F8,6.21063698114142e-13,-12.20686385502343,Healthy
34.423828125,F8,5.34795727726708e-13,-12.271812070804456,Healthy
34.66796875,F8,4.967733631211961e-13,-12.303841698982076,Healthy
34.912109375,F8,5.162949526212389e-13,-12.287102120661588,Healthy
35.15625,F8,4.727951274775726e-13,-12.325327007846994,Healthy
35.400390625,F8,5.740971406663196e-13,-12.241014616163092,Healthy
35.64453125,F8,5.08491634585421e-13,-12.293716187447776,Healthy
35.888671875,F8,4.720957177738237e-13,-12.325969938894382,Healthy
36.1328125,F8,5.017128992243017e-13,-12.299544732956862,Healthy
36.376953125,F8,6.697810448092679e-13,-12.174067147407117,Healthy
36.62109375,F8,5.763486937865036e-13,-12.239314686770513,Healthy
36.865234375,F8,5.124694951296522e-13,-12.290331980986654,Healthy
37.109375,F8,5.549936278171935e-13,-12.255712003219156,Healthy
37.353515625,F8,5.075595027991353e-13,-12.29451303672015,Healthy
37.59765625,F8,4.61139560818291e-13,-12.336167618383309,Healthy
37.841796875,F8,5.177776593483403e-13,-12.28585669208394,Healthy
38.0859375,F8,5.697645171536746e-13,-12.244304600523344,Healthy
38.330078125,F8,6.43640087455891e-13,-12.191356914823606,Healthy
38.57421875,F8,5.146607993884539e-13,-12.28847890977126,Healthy
38.818359375,F8,4.260712485199033e-13,-12.370517771198385,Healthy
39.0625,F8,5.427111902883349e-13,-12.265431223509207,Healthy
39.306640625,F8,5.028540594260316e-13,-12.298558039561284,Healthy
39.55078125,F8,4.972773086740723e-13,-12.303401357663963,Healthy
39.794921875,F8,4.767136048319872e-13,-12.321742453654776,Healthy
0.0,T3,1.726623518468151e-09,-8.762802347826936,Healthy
0.244140625,T3,1.3878324829831612e-08,-7.857662951825382,Healthy
0.48828125,T3,3.842670816147504e-09,-8.415366817943658,Healthy
0.732421875,T3,1.128912829206302e-09,-8.947339591517258,Healthy
0.9765625,T3,6.09628434384698e-10,-9.214934784764951,Healthy
1.220703125,T3,4.3661203090986776e-10,-9.35990430141254,Healthy
1.46484375,T3,3.5789964550306514e-10,-9.446238731775235,Healthy
1.708984375,T3,2.5207061939989035e-10,-9.598477771444133,Healthy
1.953125,T3,1.5650037780779768e-10,-9.805484609685305,Healthy
2.197265625,T3,1.4383928445910656e-10,-9.842122486040733,Healthy
2.44140625,T3,1.3338906350389426e-10,-9.874879776526036,Healthy
2.685546875,T3,1.3432634716978563e-10,-9.871838795162988,Healthy
2.9296875,T3,1.2093558314118075e-10,-9.91744589692109,Healthy
3.173828125,T3,9.140251582440003e-11,-10.03904185028786,Healthy
3.41796875,T3,6.401294712908639e-11,-10.193732177609151,Healthy
3.662109375,T3,6.437868437294856e-11,-10.191257902695556,Healthy
3.90625,T3,5.269677296794609e-11,-10.2782159791921,Healthy
4.150390625,T3,4.5150458592667186e-11,-10.34533783420422,Healthy
4.39453125,T3,3.427573304917907e-11,-10.465013248258098,Healthy
4.638671875,T3,3.0408382407267795e-11,-10.51700668180531,Healthy
4.8828125,T3,2.8050614881889406e-11,-10.552057614376276,Healthy
5.126953125,T3,2.7393095688123782e-11,-10.562358885442295,Healthy
5.37109375,T3,2.568991323205043e-11,-10.590237362565311,Healthy
5.615234375,T3,2.0449664797538784e-11,-10.689313806374113,Healthy
5.859375,T3,1.3774579910717132e-11,-10.860921637139658,Healthy
6.103515625,T3,1.5547595864487365e-11,-10.80833675670196,Healthy
6.34765625,T3,1.5786495857773914e-11,-10.80171426001837,Healthy
6.591796875,T3,1.2189521970963775e-11,-10.914013325509044,Healthy
6.8359375,T3,1.0990785892847024e-11,-10.9589712523696,Healthy
7.080078125,T3,1.0655504190146164e-11,-10.972425995802642,Healthy
7.32421875,T3,1.0780189551714826e-11,-10.967373602735549,Healthy
7.568359375,T3,1.0307993158849606e-11,-10.986825878351134,Healthy
7.8125,T3,9.223551348032804e-12,-11.03510183015096,Healthy
8.056640625,T3,9.61126675920108e-12,-11.017219368806495,Healthy
8.30078125,T3,1.105267298074506e-11,-10.956532679408276,Healthy
8.544921875,T3,1.407858642218668e-11,-10.851440948877372,Healthy
8.7890625,T3,1.8666175475737197e-11,-10.728944655801868,Healthy
9.033203125,T3,1.5361015697597577e-11,-10.8135800670338,Healthy
9.27734375,T3,1.349232123915814e-11,-10.869913327226913,Healthy
9.521484375,T3,1.1227548028196531e-11,-10.949715078475348,Healthy
9.765625,T3,9.548125554493789e-12,-11.020081878808002,Healthy
10.009765625,T3,7.865802932182885e-12,-11.10425693849297,Healthy
10.25390625,T3,6.366062973515163e-12,-11.196129069624083,Healthy
10.498046875,T3,6.0689980637145776e-12,-11.216883001069132,Healthy
10.7421875,T3,5.47230951137104e-12,-11.261829347092196,Healthy
10.986328125,T3,4.922098085491499e-12,-11.30784973611,Healthy
11.23046875,T3,4.226981131032028e-12,-11.373969690828885,Healthy
11.474609375,T3,3.8135523174418995e-12,-11.418670291226109,Healthy
11.71875,T3,3.33760696160982e-12,-11.476564807397386,Healthy
11.962890625,T3,3.5326490369299685e-12,-11.451899506888909,Healthy
12.20703125,T3,2.944275813890905e-12,-11.531021508587225,Healthy
12.451171875,T3,3.091269461255842e-12,-11.509863136497394,Healthy
12.6953125,T3,2.344593762925022e-12,-11.62993239465612,Healthy
12.939453125,T3,2.6936331971538524e-12,-11.56966154420985,Healthy
13.18359375,T3,2.774542595056259e-12,-11.556808603466182,Healthy
13.427734375,T3,2.36878749289929e-12,-11.625473898669735,Healthy
13.671875,T3,2.5496463611248725e-12,-11.593520052531794,Healthy
13.916015625,T3,2.146206808337332e-12,-11.668328431767897,Healthy
14.16015625,T3,2.2552529185548225e-12,-11.646804746480765,Healthy
14.404296875,T3,2.1213778334783625e-12,-11.673381973453765,Healthy
14.6484375,T3,1.830190158462613e-12,-11.737503784323923,Healthy
14.892578125,T3,1.763239824787697e-12,-11.753688613680046,Healthy
15.13671875,T3,1.836200208361785e-12,-11.736079967662905,Healthy
15.380859375,T3,1.5734434841980416e-12,-11.803148851696886,Healthy
15.625,T3,1.6513826504206424e-12,-11.782152282454264,Healthy
15.869140625,T3,1.893956123818251e-12,-11.722630086264289,Healthy
16.11328125,T3,1.5564151603528398e-12,-11.807874547576908,Healthy
16.357421875,T3,1.6580048538221936e-12,-11.780414202383389,Healthy
16.6015625,T3,1.7017666087220157e-12,-11.769100002121265,Healthy
16.845703125,T3,1.7487195242766382e-12,-11.757279841079855,Healthy
17.08984375,T3,1.7962592490546768e-12,-11.745630982641677,Healthy
17.333984375,T3,1.7099703152089434e-12,-11.76701142882004,Healthy
17.578125,T3,1.7916611132364505e-12,-11.746744132268486,Healthy
17.822265625,T3,1.802976415830444e-12,-11.74400995411048,Healthy
18.06640625,T3,1.8761316065576614e-12,-11.726736700073667,Healthy
18.310546875,T3,1.8174207677722184e-12,-11.740544513546984,Healthy
18.5546875,T3,1.6952867070709086e-12,-11.770756843319775,Healthy
18.798828125,T3,1.6467331715324498e-12,-11.783376766051282,Healthy
19.04296875,T3,1.7200316319327653e-12,-11.764463566204352,Healthy
19.287109375,T3,1.447244281267633e-12,-11.839458157856386,Healthy
19.53125,T3,1.404248223776679e-12,-11.85255611678739,Healthy
19.775390625,T3,1.4992439619996133e-12,-11.8241276915484,Healthy
20.01953125,T3,1.3774584195602365e-12,-11.860921502042851,Healthy
20.263671875,T3,1.3404186170337962e-12,-11.8727595488919,Healthy
20.5078125,T3,1.1652729689537708e-12,-11.933572327836211,Healthy
20.751953125,T3,1.1608476256516197e-12,-11.93522478257118,Healthy
20.99609375,T3,1.0045678796672113e-12,-11.99802071220703,Healthy
21.240234375,T3,1.1875077171149929e-12,-11.925363559396091,Healthy
21.484375,T3,1.1256518915667404e-12,-11.94859589451642,Healthy
21.728515625,T3,1.039221295419315e-12,-11.983291962408144,Healthy
21.97265625,T3,9.734685220714778e-13,-12.011678087196524,Healthy
22.216796875,T3,9.845019033761736e-13,-12.006783439886483,Healthy
22.4609375,T3,1.0261326981658608e-12,-11.988796473186476,Healthy
22.705078125,T3,9.96376833038503e-13,-12.001576378887949,Healthy
22.94921875,T3,8.170869943484577e-13,-12.08773170215282,Healthy
23.193359375,T3,8.48563643694331e-13,-12.0713155793113,Healthy
23.4375,T3,7.945905922512273e-13,-12.09985658118547,Healthy
23.681640625,T3,7.944364941708994e-13,-12.099940813791372,Healthy
23.92578125,T3,7.726994738015152e-13,-12.111989383503872,Healthy
24.169921875,T3,7.417513995424026e-13,-12.129741625580088,Healthy
24.4140625,T3,8.82645980551739e-13,-12.054213452166698,Healthy
24.658203125,T3,6.992535370218838e-13,-12.155365328166727,Healthy
24.90234375,T3,7.438223386295586e-13,-12.128530782957592,Healthy
25.146484375,T3,7.671787669514727e-13,-12.115103425549876,Healthy
25.390625,T3,6.877418309331927e-13,-12.162574559501284,Healthy
25.634765625,T3,6.268495986075923e-13,-12.20283664789364,Healthy
25.87890625,T3,6.574474526724071e-13,-12.182138952992403,Healthy
26.123046875,T3,7.139922595373108e-13,-12.146306496428943,Healthy
26.3671875,T3,6.850015973941215e-13,-12.16430841575043,Healthy
26.611328125,T3,6.511611420768936e-13,-12.18631152379008,Healthy
26.85546875,T3,6.863962186801097e-13,-12.163425117657727,Healthy
27.099609375,T3,6.767781520932838e-13,-12.16955366973629,Healthy
27.34375,T3,6.037504527974111e-13,-12.219142530530544,Healthy
27.587890625,T3,5.937160505016807e-13,-12.226421210211404,Healthy
27.83203125,T3,6.453180211926606e-13,-12.190226206587829,Healthy
28.076171875,T3,6.108160406387011e-13,-12.214089566459425,Healthy
28.3203125,T3,5.834679619476658e-13,-12.233982985944811,Healthy
28.564453125,T3,5.571845870874533e-13,-12.254000905592385,Healthy
28.80859375,T3,5.693480621571594e-13,-12.244622153183704,Healthy
29.052734375,T3,5.864052394142509e-13,-12.231802158014723,Healthy
29.296875,T3,6.559525867985678e-13,-12.183127550922997,Healthy
29.541015625,T3,6.398400911908604e-13,-12.193928551314322,Healthy
29.78515625,T3,6.460591350863374e-13,-12.18972772834194,Healthy
30.029296875,T3,5.722055149651033e-13,-12.242447960743672,Healthy
30.2734375,T3,5.893357114793688e-13,-12.229637241530815,Healthy
30.517578125,T3,5.634583889521653e-13,-12.249138150808164,Healthy
30.76171875,T3,6.324770370972891e-13,-12.198955237492807,Healthy
31.005859375,T3,6.648882172683368e-13,-12.177251363274635,Healthy
31.25,T3,7.540623571891236e-13,-12.122592738661572,Healthy
31.494140625,T3,5.88357246737479e-13,-12.230358893015527,Healthy
31.73828125,T3,5.933217776112843e-13,-12.226709710784688,Healthy
31.982421875,T3,6.238329452883525e-13,-12.204931693414848,Healthy
32.2265625,T3,5.945539115567317e-13,-12.225808759329476,Healthy
32.470703125,T3,7.046400541594796e-13,-12.152032673663966,Healthy
32.71484375,T3,7.04519577580739e-13,-12.152106933971025,Healthy
32.958984375,T3,6.08858613482959e-13,-12.21548354564796,Healthy
33.203125,T3,5.427474648629173e-13,-12.265402196429262,Healthy
33.447265625,T3,5.585546570810487e-13,-12.25293432280395,Healthy
33.69140625,T3,6.924770996690984e-13,-12.15959458421556,Healthy
33.935546875,T3,6.17091696464735e-13,-12.209650297377232,Healthy
34.1796875,T3,7.222333035991688e-13,-12.141322489274092,Healthy
34.423828125,T3,6.625567078827883e-13,-12.178776944762324,Healthy
34.66796875,T3,5.650776737628455e-13,-12.247891851352152,Healthy
34.912109375,T3,5.538994767505075e-13,-12.256569045115953,Healthy
35.15625,T3,5.281346411936396e-13,-12.277255345509351,Healthy
35.400390625,T3,5.832618252301473e-13,-12.23413644742467,Healthy
35.64453125,T3,5.147886763527751e-13,-12.28837101470392,Healthy
35.888671875,T3,5.581077252756999e-13,-12.25328196597754,Healthy
36.1328125,T3,7.075546652726713e-13,-12.150240001161768,Healthy
36.376953125,T3,8.082902471437056e-13,-12.092432661381116,Healthy
36.62109375,T3,6.7910960452123e-13,-12.16806012734348,Healthy
36.865234375,T3,5.49580456763552e-13,-12.259968719308503,Healthy
37.109375,T3,5.070329221662745e-13,-12.29496384056618,Healthy
37.353515625,T3,5.250098455761804e-13,-12.27983255213821,Healthy
37.59765625,T3,5.45582366432302e-13,-12.263139674797516,Healthy
37.841796875,T3,4.61728123459031e-13,-12.33561367214348,Healthy
38.0859375,T3,4.579449604394392e-13,-12.339186715912794,Healthy
38.330078125,T3,6.040892124146056e-13,-12.218898919659775,Healthy
38.57421875,T3,6.716292324315421e-13,-12.172870409604531,Healthy
38.818359375,T3,5.568620210912329e-13,-12.254252400700569,Healthy
39.0625,T3,6.335056682049773e-13,-12.198249494972911,Healthy
39.306640625,T3,5.883687786662068e-13,-12.230350380833585,Healthy
39.55078125,T3,5.085915199132948e-13,-12.29363088538242,Healthy
39.794921875,T3,7.04502937536569e-13,-12.152117191691229,Healthy
0.0,T4,2.418311225196437e-09,-8.61648780823636,Healthy
0.244140625,T4,2.1703173109669377e-08,-7.663476765539713,Healthy
0.48828125,T4,5.278630680867982e-09,-8.277478722327876,Healthy
0.732421875,T4,1.7598204482796423e-09,-8.754531640310416,Healthy
0.9765625,T4,1.0720179076040203e-09,-8.969797959877715,Healthy
1.220703125,T4,9.200518299249523e-10,-9.036187706549692,Healthy
1.46484375,T4,8.277260098107174e-10,-9.08211339765872,Healthy
1.708984375,T4,6.151715500659765e-10,-9.211003757626422,Healthy
1.953125,T4,4.5595442187515455e-10,-9.341078568119388,Healthy
2.197265625,T4,4.3578811442531325e-10,-9.360724618765971,Healthy
2.44140625,T4,4.288513932697277e-10,-9.367693174630585,Healthy
2.685546875,T4,4.3516944971790757e-10,-9.361341601096283,Healthy
2.9296875,T4,4.0617975373235836e-10,-9.391281728054436,Healthy
3.173828125,T4,3.369530670215533e-10,-9.472430586229583,Healthy
3.41796875,T4,2.77885788245415e-10,-9.556133663530003,Healthy
3.662109375,T4,2.807104195105115e-10,-9.551741466767288,Healthy
3.90625,T4,2.45636654627588e-10,-9.609706825988908,Healthy
4.150390625,T4,2.2839410800184228e-10,-9.641315103995774,Healthy
4.39453125,T4,1.924996512323972e-10,-9.715570053002144,Healthy
4.638671875,T4,1.7433182026452463e-10,-9.758623335184812,Healthy
4.8828125,T4,1.6949932092581172e-10,-9.770832037394609,Healthy
5.126953125,T4,1.6296439636557594e-10,-9.787907267687595,Healthy
5.37109375,T4,1.5307512854990986e-10,-9.815095367178898,Healthy
5.615234375,T4,1.2557304828429667e-10,-9.901103563126185,Healthy
5.859375,T4,1.0425509609653796e-10,-9.981902707073504,Healthy
6.103515625,T4,1.0689751403982742e-10,-9.971032394429566,Healthy
6.34765625,T4,1.037138807975713e-10,-9.984163114870729,Healthy
6.591796875,T4,8.53636967468722e-11,-10.068726785687572,Healthy
6.8359375,T4,7.491989270768831e-11,-10.125402853246776,Healthy
7.080078125,T4,7.332288048252134e-11,-10.134760482156471,Healthy
7.32421875,T4,7.301817452744477e-11,-10.136569028720825,Healthy
7.568359375,T4,6.69118150154435e-11,-10.174497189512278,Healthy
7.8125,T4,5.7909573643812535e-11,-10.237249632525115,Healthy
8.056640625,T4,5.1546574007165076e-11,-10.287800194381004,Healthy
8.30078125,T4,4.9514872773516165e-11,-10.305264332514865,Healthy
8.544921875,T4,4.722421261061767e-11,-10.325835274522374,Healthy
8.7890625,T4,5.051731714196691e-11,-10.29655972188112,Healthy
9.033203125,T4,4.197792498447541e-11,-10.376979032882362,Healthy
9.27734375,T4,3.814664442527146e-11,-10.418543658801696,Healthy
9.521484375,T4,3.5385561055690235e-11,-10.451173914048873,Healthy
9.765625,T4,3.317358078615447e-11,-10.479207647813215,Healthy
10.009765625,T4,2.917669083895043e-11,-10.534963966448045,Healthy
10.25390625,T4,2.6640176393801644e-11,-10.574462903878572,Healthy
10.498046875,T4,2.3648007045839674e-11,-10.626205453888751,Healthy
10.7421875,T4,2.085698738607936e-11,-10.680748421512943,Healthy
10.986328125,T4,2.008661627226892e-11,-10.697093216962624,Healthy
11.23046875,T4,1.958690370209132e-11,-10.70803421185498,Healthy
11.474609375,T4,1.7020696643978936e-11,-10.769022668549653,Healthy
11.71875,T4,1.5881650657253598e-11,-10.799104361223687,Healthy
11.962890625,T4,1.4863602723237342e-11,-10.827875911088023,Healthy
12.20703125,T4,1.4232534018719363e-11,-10.846717769460946,Healthy
12.451171875,T4,1.287301129985471e-11,-10.89031984952632,Healthy
12.6953125,T4,1.159884576748338e-11,-10.935585226441502,Healthy
12.939453125,T4,1.0379421331351576e-11,-10.98382685839568,Healthy
13.18359375,T4,9.986259923618748e-12,-11.000597134262858,Healthy
13.427734375,T4,1.0019050109457444e-11,-10.999173451300727,Healthy
13.671875,T4,9.249485097267679e-12,-11.033882443005778,Healthy
13.916015625,T4,8.646759759662325e-12,-11.063146607232586,Healthy
14.16015625,T4,8.539969747053451e-12,-11.068543667801746,Healthy
14.404296875,T4,7.974396230908121e-12,-11.098302188961846,Healthy
14.6484375,T4,7.233726760757843e-12,-11.140637899850908,Healthy
14.892578125,T4,7.339686993828187e-12,-11.134322460486072,Healthy
15.13671875,T4,6.8248495601458194e-12,-11.165906917315574,Healthy
15.380859375,T4,6.084601517711475e-12,-11.215767858572084,Healthy
15.625,T4,6.487522496897212e-12,-11.18792112313017,Healthy
15.869140625,T4,6.638227576715152e-12,-11.177947862861824,Healthy
16.11328125,T4,5.580685464877258e-12,-11.253312454229013,Healthy
16.357421875,T4,5.371077536844632e-12,-11.269938578106588,Healthy
16.6015625,T4,5.127009704233531e-12,-11.290135860540664,Healthy
16.845703125,T4,4.590547914380756e-12,-11.338135475249084,Healthy
17.08984375,T4,5.047610199384582e-12,-11.296914190767245,Healthy
17.333984375,T4,4.663276802020087e-12,-11.331308804999717,Healthy
17.578125,T4,4.713341182588356e-12,-11.326671122015789,Healthy
17.822265625,T4,5.004308448984185e-12,-11.300655929681389,Healthy
18.06640625,T4,4.710044984992382e-12,-11.32697494496438,Healthy
18.310546875,T4,4.300554215697135e-12,-11.366475572953146,Healthy
18.5546875,T4,4.2036099909295975e-12,-11.376377584424093,Healthy
18.798828125,T4,4.034979886076828e-12,-11.394158625845904,Healthy
19.04296875,T4,3.927732457293231e-12,-11.405858102422366,Healthy
19.287109375,T4,3.729736895377669e-12,-11.428321803289384,Healthy
19.53125,T4,3.343715412323181e-12,-11.475770692990547,Healthy
19.775390625,T4,3.4931828889625885e-12,-11.456778675860216,Healthy
20.01953125,T4,3.615893061696941e-12,-11.441784422057758,Healthy
20.263671875,T4,3.4213417512599664e-12,-11.465803542806048,Healthy
20.5078125,T4,2.9822098934093924e-12,-11.525461793364055,Healthy
20.751953125,T4,3.0483824764426577e-12,-11.515930543570157,Healthy
20.99609375,T4,2.986133405830029e-12,-11.524890794025048,Healthy
21.240234375,T4,2.894899370856219e-12,-11.538366528116658,Healthy
21.484375,T4,2.681674597249574e-12,-11.571593921932854,Healthy
21.728515625,T4,2.722945990977072e-12,-11.564960972708237,Healthy
21.97265625,T4,2.718127477552414e-12,-11.56573017913431,Healthy
22.216796875,T4,2.79689887735653e-12,-11.553323235380336,Healthy
22.4609375,T4,2.8857714090531494e-12,-11.539738073699452,Healthy
22.705078125,T4,2.446279068995095e-12,-11.611494000606642,Healthy
22.94921875,T4,2.1640133876677376e-12,-11.664740056794562,Healthy
23.193359375,T4,2.363925148458484e-12,-11.626366279113158,Healthy
23.4375,T4,2.309332556639944e-12,-11.636513521775775,Healthy
23.681640625,T4,2.359112179375393e-12,-11.62725140725965,Healthy
23.92578125,T4,2.557253335958652e-12,-11.592226246178198,Healthy
24.169921875,T4,2.3413612048810413e-12,-11.630531581952315,Healthy
24.4140625,T4,2.3319387913842697e-12,-11.632282853103812,Healthy
24.658203125,T4,2.3087240611423282e-12,-11.63662797088729,Healthy
24.90234375,T4,2.290194042242281e-12,-11.640127719448357,Healthy
25.146484375,T4,2.355744506734308e-12,-11.627871812922416,Healthy
25.390625,T4,2.254006504008226e-12,-11.647044835117416,Healthy
25.634765625,T4,2.1511073555848777e-12,-11.66733791468243,Healthy
25.87890625,T4,2.036816784580956e-12,-11.691048034831006,Healthy
26.123046875,T4,2.16696771024026e-12,-11.664147560008727,Healthy
26.3671875,T4,2.385520839786108e-12,-11.622416785114456,Healthy
26.611328125,T4,2.3024267060833653e-12,-11.637814185952044,Healthy
26.85546875,T4,2.405732789874009e-12,-11.618752612377651,Healthy
27.099609375,T4,2.352006287233438e-12,-11.628561521665992,Healthy
27.34375,T4,2.332723056744383e-12,-11.6321368180288,Healthy
27.587890625,T4,2.173901265611009e-12,-11.662760184616817,Healthy
27.83203125,T4,2.243167592283856e-12,-11.649138278050971,Healthy
28.076171875,T4,2.199642450514414e-12,-11.657647907536138,Healthy
28.3203125,T4,2.182118094791288e-12,-11.661121749380886,Healthy
28.564453125,T4,2.0888604795090026e-12,-11.680090566722846,Healthy
28.80859375,T4,2.170605121973831e-12,-11.663419176520678,Healthy
29.052734375,T4,2.1433924984466122e-12,-11.668898293586617,Healthy
29.296875,T4,2.0074176895065304e-12,-11.697362253135696,Healthy
29.541015625,T4,2.117479383296124e-12,-11.67418080945738,Healthy
29.78515625,T4,1.999690232640533e-12,-11.699037274673136,Healthy
30.029296875,T4,2.082645831353837e-12,-11.68138457861994,Healthy
30.2734375,T4,1.946910526790189e-12,-11.710654006679336,Healthy
30.517578125,T4,1.9722639651664884e-12,-11.705034960113196,Healthy
30.76171875,T4,2.0257927466015195e-12,-11.693404988201529,Healthy
31.005859375,T4,2.16065282188134e-12,-11.665415010837323,Healthy
31.25,T4,2.3055944523633776e-12,-11.637217081512247,Healthy
31.494140625,T4,2.2130089541223e-12,-11.65501682885718,Healthy
31.73828125,T4,1.703698050320397e-12,-11.768607373594929,Healthy
31.982421875,T4,1.890278358624194e-12,-11.723474237777518,Healthy
32.2265625,T4,2.23977633441278e-12,-11.649795348442726,Healthy
32.470703125,T4,2.0338186380041617e-12,-11.691687777089651,Healthy
32.71484375,T4,2.0707850551066624e-12,-11.683864977990032,Healthy
32.958984375,T4,1.9004557164919697e-12,-11.721142245664794,Healthy
33.203125,T4,1.7106428073243322e-12,-11.76684066433535,Healthy
33.447265625,T4,1.850255132382357e-12,-11.732768382436902,Healthy
33.69140625,T4,2.170867593491826e-12,-11.663366664417284,Healthy
33.935546875,T4,2.0191183723186842e-12,-11.69483821947248,Healthy
34.1796875,T4,1.818918910280019e-12,-11.740186661905687,Healthy
34.423828125,T4,1.7887725850296553e-12,-11.74744486979858,Healthy
34.66796875,T4,1.7271078443303353e-12,-11.762680543303842,Healthy
34.912109375,T4,1.7006660487074812e-12,-11.769380958252423,Healthy
35.15625,T4,1.86585291673022e-12,-11.72912259422836,Healthy
35.400390625,T4,1.7587007792879337e-12,-11.754808043975263,Healthy
35.64453125,T4,1.6673544850081765e-12,-11.777972057930496,Healthy
35.888671875,T4,1.666414361169998e-12,-11.778217000291464,Healthy
36.1328125,T4,1.839848589841084e-12,-11.73521791574164,Healthy
36.376953125,T4,1.859624779795937e-12,-11.730574675407354,Healthy
36.62109375,T4,1.8818875924490523e-12,-11.72540632109848,Healthy
36.865234375,T4,1.8995150620523224e-12,-11.721357258392349,Healthy
37.109375,T4,1.9250811491227745e-12,-11.71555095868877,Healthy
37.353515625,T4,1.5629537711541426e-12,-11.80605386729724,Healthy
37.59765625,T4,1.5294590199775749e-12,-11.81546215492385,Healthy
37.841796875,T4,1.4399585388479189e-12,-11.841650012494188,Healthy
38.0859375,T4,1.558295264220594e-12,-11.807350249184417,Healthy
38.330078125,T4,1.6911663219174852e-12,-11.771813678541278,Healthy
38.57421875,T4,1.5442693739492929e-12,-11.811276941425277,Healthy
38.818359375,T4,1.4987398888675429e-12,-11.82427373381726,Healthy
39.0625,T4,1.505520896369461e-12,-11.822313212177148,Healthy
39.306640625,T4,1.4317931004371713e-12,-11.84411973470299,Healthy
39.55078125,T4,1.5098692708438089e-12,-11.821060653639918,Healthy
39.794921875,T4,1.5624506684583688e-12,-11.806193685826786,Healthy
0.0,T5,9.196276193856571e-10,-9.036387993941842,Healthy
0.244140625,T5,8.425517893297793e-09,-8.074403394754695,Healthy
0.48828125,T5,2.5225193261654316e-09,-8.59816549775117,Healthy
0.732421875,T5,1.0036905774502327e-09,-8.998400152945527,Healthy
0.9765625,T5,5.95401662602592e-10,-9.22518995696151,Healthy
1.220703125,T5,4.327115725167951e-10,-9.363801489795549,Healthy
1.46484375,T5,3.4979640766216824e-10,-9.456184654950276,Healthy
1.708984375,T5,2.4140700625243886e-10,-9.617250129712495,Healthy
1.953125,T5,1.4785678042016608e-10,-9.830158754793304,Healthy
2.197265625,T5,1.3483157812079676e-10,-9.870208382299785,Healthy
2.44140625,T5,1.2761596095676834e-10,-9.894095004909886,Healthy
2.685546875,T5,1.319982025109021e-10,-9.879431982770754,Healthy
2.9296875,T5,1.1465105636962562e-10,-9.940621939421735,Healthy
3.173828125,T5,8.46482332017368e-11,-10.072382102159228,Healthy
3.41796875,T5,6.036218030072114e-11,-10.219235081761411,Healthy
3.662109375,T5,6.073352901008409e-11,-10.216571482831371,Healthy
3.90625,T5,4.937748922896665e-11,-10.306470997063617,Healthy
4.150390625,T5,4.217179134785133e-11,-10.37497795089494,Healthy
4.39453125,T5,3.2466142746293316e-11,-10.488569306184877,Healthy
4.638671875,T5,2.7696995653534198e-11,-10.557567337139696,Healthy
4.8828125,T5,2.6327939721169097e-11,-10.579583125046469,Healthy
5.126953125,T5,2.6444496327898403e-11,-10.577664700306842,Healthy
5.37109375,T5,2.375756417188904e-11,-10.624198088982778,Healthy
5.615234375,T5,1.832746015568528e-11,-10.73689771598692,Healthy
5.859375,T5,1.2693195585727386e-11,-10.89642902798121,Healthy
6.103515625,T5,1.4935193561734557e-11,-10.825789144519613,Healthy
6.34765625,T5,1.4726078075427067e-11,-10.8319129012899,Healthy
6.591796875,T5,1.1541647046070416e-11,-10.937732210939483,Healthy
6.8359375,T5,9.840047354310446e-12,-11.007002811561929,Healthy
7.080078125,T5,1.0173895119201896e-11,-10.992512743742864,Healthy
7.32421875,T5,1.1432749494058087e-11,-10.941849312343049,Healthy
7.568359375,T5,1.1204637055959034e-11,-10.950602206701175,Healthy
7.8125,T5,1.1515607336768792e-11,-10.938713152267551,Healthy
8.056640625,T5,1.4402786691846472e-11,-10.84155347125174,Healthy
8.30078125,T5,2.0548139826987687e-11,-10.687227487629295,Healthy
8.544921875,T5,3.941023201322679e-11,-10.404391008378052,Healthy
8.7890625,T5,5.939543230663378e-11,-10.226246952330245,Healthy
9.033203125,T5,4.792785564056619e-11,-10.31941200151734,Healthy
9.27734375,T5,3.0352691783536586e-11,-10.517802788117612,Healthy
9.521484375,T5,1.803027284669352e-11,-10.74399770118016,Healthy
9.765625,T5,1.187985978224553e-11,-10.925188685293916,Healthy
10.009765625,T5,8.015925491816452e-12,-11.096046328233736,Healthy
10.25390625,T5,6.295273258549774e-12,-11.200985413752369,Healthy
10.498046875,T5,4.815896536481852e-12,-11.317322851924168,Healthy
10.7421875,T5,4.546163247435803e-12,-11.342354973321209,Healthy
10.986328125,T5,4.027553329689945e-12,-11.3949587002851,Healthy
11.23046875,T5,3.460379470054066e-12,-11.4608762732552,Healthy
11.474609375,T5,3.243274102204541e-12,-11.489016345793742,Healthy
11.71875,T5,2.6370548098068872e-12,-11.578880843528784,Healthy
11.962890625,T5,2.881163776324998e-12,-11.54043205406509,Healthy
12.20703125,T5,2.412549092855119e-12,-11.617523840454988,Healthy
12.451171875,T5,2.52313427112198e-12,-11.598059637450824,Healthy
12.6953125,T5,2.124962908593241e-12,-11.672648646194316,Healthy
12.939453125,T5,2.3510064395839415e-12,-11.628746181308092,Healthy
13.18359375,T5,2.096967547128162e-12,-11.6784082906659,Healthy
13.427734375,T5,2.105152418323347e-12,-11.676716454678484,Healthy
13.671875,T5,2.048129988722985e-12,-11.68864248344152,Healthy
13.916015625,T5,1.9096794063335096e-12,-11.719039535237432,Healthy
14.16015625,T5,2.0261494724879497e-12,-11.69332851915234,Healthy
14.404296875,T5,1.7455260518209473e-12,-11.758073664994948,Healthy
14.6484375,T5,1.757312773715268e-12,-11.755150934116775,Healthy
14.892578125,T5,1.5449292387102399e-12,-11.811091407463383,Healthy
15.13671875,T5,1.693421797058389e-12,-11.77123485446087,Healthy
15.380859375,T5,1.4053034960095497e-12,-11.852229873332988,Healthy
15.625,T5,1.5608236920109732e-12,-11.806646151332952,Healthy
15.869140625,T5,1.7307796404114114e-12,-11.76175822215657,Healthy
16.11328125,T5,1.494157789893394e-12,-11.825603536616017,Healthy
16.357421875,T5,1.6357215954043034e-12,-11.786290612564846,Healthy
16.6015625,T5,1.729321337609943e-12,-11.762124299852651,Healthy
16.845703125,T5,1.7784658739817197e-12,-11.74995446383981,Healthy
17.08984375,T5,1.7831238421613217e-12,-11.748818492999892,Healthy
17.333984375,T5,2.072408199097216e-12,-11.683524698176251,Healthy
17.578125,T5,2.0122635636129786e-12,-11.696315136575238,Healthy
17.822265625,T5,2.26424405439966e-12,-11.6450767639826,Healthy
18.06640625,T5,2.25790790189009e-12,-11.646293776545972,Healthy
18.310546875,T5,2.1535755207398648e-12,-11.666839893966156,Healthy
18.5546875,T5,1.873258662753076e-12,-11.727402250360898,Healthy
18.798828125,T5,1.647314557624776e-12,-11.783223463612984,Healthy
19.04296875,T5,1.745238397317194e-12,-11.758145240585783,Healthy
19.287109375,T5,1.4295663697287225e-12,-11.844795677075604,Healthy
19.53125,T5,1.476777883172392e-12,-11.830684820440666,Healthy
19.775390625,T5,1.3637261651268254e-12,-11.86527282683026,Healthy
20.01953125,T5,1.2325668850015996e-12,-11.909189504505932,Healthy
20.263671875,T5,1.1524598414469557e-12,-11.93837419907658,Healthy
20.5078125,T5,9.402346206253846e-13,-12.02676376158241,Healthy
20.751953125,T5,1.0037317032574994e-12,-11.998382358272892,Healthy
20.99609375,T5,8.452168741623019e-13,-12.073031841148332,Healthy
21.240234375,T5,1.0009623180898753e-12,-11.999582271525345,Healthy
21.484375,T5,8.988466362890088e-13,-12.046314402477284,Healthy
21.728515625,T5,9.239213541570393e-13,-12.034364995131916,Healthy
21.97265625,T5,7.931279723964913e-13,-12.100656732957784,Healthy
22.216796875,T5,7.722846506002337e-13,-12.112222596814956,Healthy
22.4609375,T5,7.993345218097807e-13,-12.097271430233256,Healthy
22.705078125,T5,7.191832677769642e-13,-12.14316042527464,Healthy
22.94921875,T5,6.356363552724928e-13,-12.19679127124644,Healthy
23.193359375,T5,6.999579109256302e-13,-12.15492807370332,Healthy
23.4375,T5,6.373082170156799e-13,-12.19565048198842,Healthy
23.681640625,T5,6.817667012253073e-13,-12.166364214352743,Healthy
23.92578125,T5,6.782144129720666e-13,-12.168632985115696,Healthy
24.169921875,T5,6.28318873946147e-13,-12.201819894402236,Healthy
24.4140625,T5,6.781118092449548e-13,-12.168698692364972,Healthy
24.658203125,T5,5.835904324600363e-13,-12.233891836661847,Healthy
24.90234375,T5,5.862705851773397e-13,-12.23190189502829,Healthy
25.146484375,T5,5.980506290173442e-13,-12.223262048499686,Healthy
25.390625,T5,5.962413350836853e-13,-12.224577919319016,Healthy
25.634765625,T5,5.619895518240671e-13,-12.250271758500928,Healthy
25.87890625,T5,5.956388196730004e-13,-12.225017005647231,Healthy
26.123046875,T5,5.773877725126046e-13,-12.23853241752238,Healthy
26.3671875,T5,5.70539207032867e-13,-12.24371450582428,Healthy
26.611328125,T5,5.44530452358071e-13,-12.263977827714896,Healthy
26.85546875,T5,5.116096702943529e-13,-12.291061255210224,Healthy
27.099609375,T5,5.207693766101329e-13,-12.283354561997974,Healthy
27.34375,T5,4.437655856518111e-13,-12.352846380655242,Healthy
27.587890625,T5,4.825275343418416e-13,-12.316477899581246,Healthy
27.83203125,T5,4.815680226663028e-13,-12.31734235904393,Healthy
28.076171875,T5,4.201724691522011e-13,-12.37657240715849,Healthy
28.3203125,T5,4.2111243610255944e-13,-12.375601933001564,Healthy
28.564453125,T5,4.0397968589059923e-13,-12.393640472828574,Healthy
28.80859375,T5,3.897468745955524e-13,-12.40921735875964,Healthy
29.052734375,T5,4.4233517755180347e-13,-12.35424852115688,Healthy
29.296875,T5,4.685410688920416e-13,-12.329252336021703,Healthy
29.541015625,T5,4.02897687622852e-13,-12.3948052251793,Healthy
29.78515625,T5,4.274026310331998e-13,-12.369162808705212,Healthy
30.029296875,T5,3.713311849562719e-13,-12.430238576532766,Healthy
30.2734375,T5,3.818712084212048e-13,-12.418083084478637,Healthy
30.517578125,T5,3.434493148757665e-13,-12.464137345631908,Healthy
30.76171875,T5,3.7738092230063444e-13,-12.423220058460918,Healthy
31.005859375,T5,4.298054318588338e-13,-12.366728100218676,Healthy
31.25,T5,4.681542762250933e-13,-12.329611005318654,Healthy
31.494140625,T5,3.9490691447576443e-13,-12.403505262079156,Healthy
31.73828125,T5,3.8191193383774053e-13,-12.418036770747126,Healthy
31.982421875,T5,3.9816750926791544e-13,-12.39993418157972,Healthy
32.2265625,T5,3.637948317306968e-13,-12.439143475054786,Healthy
32.470703125,T5,4.19969881695907e-13,-12.376781854083736,Healthy
32.71484375,T5,4.069983886938777e-13,-12.3904073101427,Healthy
32.958984375,T5,3.388807431156454e-13,-12.46995310922762,Healthy
33.203125,T5,3.0089005385092654e-13,-12.521592167956332,Healthy
33.447265625,T5,3.221767908817945e-13,-12.491905748693387,Healthy
33.69140625,T5,3.7522191568248374e-13,-12.425711803603186,Healthy
33.935546875,T5,3.594994086667413e-13,-12.444301819642662,Healthy
34.1796875,T5,3.5858038044952e-13,-12.445413476334371,Healthy
34.423828125,T5,3.0476867115783664e-13,-12.516029678548207,Healthy
34.66796875,T5,2.86512267784456e-13,-12.54285677782563,Healthy
34.912109375,T5,3.256267219291794e-13,-12.487279962781004,Healthy
35.15625,T5,3.0650978703400853e-13,-12.513555653651265,Healthy
35.400390625,T5,3.263294119217224e-13,-12.486343781683605,Healthy
35.64453125,T5,2.894411376621137e-13,-12.538439743465856,Healthy
35.888671875,T5,2.6810767278496973e-13,-12.571690757070863,Healthy
36.1328125,T5,3.3245962448303894e-13,-12.478261089996776,Healthy
36.376953125,T5,4.141303280450814e-13,-12.382862963604538,Healthy
36.62109375,T5,3.481542833446472e-13,-12.458228257327404,Healthy
36.865234375,T5,3.004120395790917e-13,-12.522282666148604,Healthy
37.109375,T5,2.997620285213488e-13,-12.523223380987623,Healthy
37.353515625,T5,2.829305411952565e-13,-12.548320169698702,Healthy
37.59765625,T5,2.588957333640984e-13,-12.586875106736612,Healthy
37.841796875,T5,2.709447692372766e-13,-12.56711922890446,Healthy
38.0859375,T5,2.6192398780371573e-13,-12.581824725730067,Healthy
38.330078125,T5,2.821696839480384e-13,-12.54948964827597,Healthy
38.57421875,T5,2.7316449015508945e-13,-12.5635757571575,Healthy
38.818359375,T5,2.7017846659656653e-13,-12.568349267493677,Healthy
39.0625,T5,2.699316450014041e-13,-12.568746198645137,Healthy
39.306640625,T5,2.317244302307059e-13,-12.635028177021088,Healthy
39.55078125,T5,2.404481991958667e-13,-12.618978471167535,Healthy
39.794921875,T5,2.32774956475874e-13,-12.633063745883772,Healthy
0.0,T6,5.8237810244570914e-09,-8.23479496296319,Healthy
0.244140625,T6,3.856048190893246e-08,-7.413857547147777,Healthy
0.48828125,T6,7.194263569367442e-09,-8.143013655393647,Healthy
0.732421875,T6,2.8266272557036363e-09,-8.548731457681024,Healthy
0.9765625,T6,2.847983613417659e-09,-8.545462513849353,Healthy
1.220703125,T6,2.7181671139781366e-09,-8.565723846187966,Healthy
1.46484375,T6,2.0333077803663913e-09,-8.691796877536241,Healthy
1.708984375,T6,1.5182405588846e-09,-8.81865941083907,Healthy
1.953125,T6,1.0352479676654035e-09,-8.984955613404736,Healthy
2.197265625,T6,7.748029608180493e-10,-9.11080872834466,Healthy
2.44140625,T6,8.319524653458502e-10,-9.07990148696378,Healthy
2.685546875,T6,8.941912100508373e-10,-9.048569603585836,Healthy
2.9296875,T6,6.638948166774597e-10,-9.177900722070303,Healthy
3.173828125,T6,5.876841021903161e-10,-9.230856057497965,Healthy
3.41796875,T6,5.803936711980992e-10,-9.236277331897169,Healthy
3.662109375,T6,5.048271211199005e-10,-9.296857321283104,Healthy
3.90625,T6,3.9967752510838066e-10,-9.398290272545104,Healthy
4.150390625,T6,3.7165820908892867e-10,-9.429856270172616,Healthy
4.39453125,T6,2.4213911137298227e-10,-9.615935055739692,Healthy
4.638671875,T6,1.5278200746847924e-10,-9.815927787888942,Healthy
4.8828125,T6,1.5937304284265383e-10,-9.797585135479096,Healthy
5.126953125,T6,1.4124816705987483e-10,-9.850017179196644,Healthy
5.37109375,T6,9.355169014177743e-11,-10.028948361957482,Healthy
5.615234375,T6,7.726013043584601e-11,-10.112044562984876,Healthy
5.859375,T6,5.5639081577036866e-11,-10.254620047431194,Healthy
6.103515625,T6,3.51091541295358e-11,-10.454579633687604,Healthy
6.34765625,T6,3.651068212021837e-11,-10.43758005315601,Healthy
6.591796875,T6,3.48644685585463e-11,-10.457616950388788,Healthy
6.8359375,T6,1.5747423879210793e-11,-10.802790482290272,Healthy
7.080078125,T6,1.481904710959373e-11,-10.82917972134658,Healthy
7.32421875,T6,1.8407913932974488e-11,-10.734995424897956,Healthy
7.568359375,T6,1.6838799709482674e-11,-10.773688868782132,Healthy
7.8125,T6,2.1158945763752496e-11,-10.67450597465154,Healthy
8.056640625,T6,2.6321683080543718e-11,-10.57968634419096,Healthy
8.30078125,T6,2.6423834219562448e-11,-10.578004164027323,Healthy
8.544921875,T6,4.603419309228865e-11,-10.336919464951675,Healthy
8.7890625,T6,6.206044087926025e-11,-10.20718514349968,Healthy
9.033203125,T6,4.6721547602712845e-11,-10.33048278010399,Healthy
9.27734375,T6,3.6413975691140725e-11,-10.43873190204754,Healthy
9.521484375,T6,2.791574412697672e-11,-10.554150791029294,Healthy
9.765625,T6,1.7983328758210113e-11,-10.745129916189205,Healthy
10.009765625,T6,1.595672320588882e-11,-10.79705628840575,Healthy
10.25390625,T6,1.6912909538022028e-11,-10.77178167403366,Healthy
10.498046875,T6,1.463218614053729e-11,-10.834690782702909,Healthy
10.7421875,T6,1.3884381910623992e-11,-10.857473448919135,Healthy
10.986328125,T6,1.6860486254668396e-11,-10.773129904523016,Healthy
11.23046875,T6,1.2681079838532558e-11,-10.896843763177603,Healthy
11.474609375,T6,1.0983021497286708e-11,-10.959278166344737,Healthy
11.71875,T6,1.3688820279080178e-11,-10.86363397833514,Healthy
11.962890625,T6,1.3031449565314272e-11,-10.885007272453016,Healthy
12.20703125,T6,8.223998339777561e-12,-11.084916986022137,Healthy
12.451171875,T6,9.648564287509964e-12,-11.01553730514325,Healthy
12.6953125,T6,8.997443305567385e-12,-11.045880881230406,Healthy
12.939453125,T6,7.274555767341298e-12,-11.138193522435932,Healthy
13.18359375,T6,9.521236154809463e-12,-11.021306662922177,Healthy
13.427734375,T6,8.798493311686906e-12,-11.05559169176387,Healthy
13.671875,T6,5.30053343917051e-12,-11.275680421336888,Healthy
13.916015625,T6,5.661920752384385e-12,-11.24703621357265,Healthy
14.16015625,T6,6.9143592070467286e-12,-11.16024806222694,Healthy
14.404296875,T6,4.674164197286874e-12,-11.330296035477572,Healthy
14.6484375,T6,5.564853529480319e-12,-11.25454626208859,Healthy
14.892578125,T6,6.2068375876770345e-12,-11.20712961850996,Healthy
15.13671875,T6,4.3191118652723896e-12,-11.364605547552094,Healthy
15.380859375,T6,4.862944055792125e-12,-11.313100726607132,Healthy
15.625,T6,7.18828278983032e-12,-11.14337484591378,Healthy
15.869140625,T6,5.783685674161242e-12,-11.237795317664888,Healthy
16.11328125,T6,5.551395703699505e-12,-11.255597815037405,Healthy
16.357421875,T6,6.511468680765846e-12,-11.186321043995012,Healthy
16.6015625,T6,5.216527655147343e-12,-11.282618485886427,Healthy
16.845703125,T6,5.0989909641761935e-12,-11.292515757636744,Healthy
17.08984375,T6,7.849606804194113e-12,-11.105152097018516,Healthy
17.333984375,T6,6.9331049706598436e-12,-11.159072224316846,Healthy
17.578125,T6,5.799418335008739e-12,-11.23661556274117,Healthy
17.822265625,T6,7.35627117339769e-12,-11.13334226979019,Healthy
18.06640625,T6,6.576641848135617e-12,-11.181995808378485,Healthy
18.310546875,T6,5.639573311145063e-12,-11.248753753397017,Healthy
18.5546875,T6,6.957721515355738e-12,-11.157532957992093,Healthy
18.798828125,T6,6.610012090974418e-12,-11.17979774610609,Healthy
19.04296875,T6,5.112141307106992e-12,-11.291397150145304,Healthy
19.287109375,T6,5.708964581128185e-12,-11.24344265138258,Healthy
19.53125,T6,5.753650728293218e-12,-11.240056505215744,Healthy
19.775390625,T6,4.13318664122877e-12,-11.383714982953087,Healthy
20.01953125,T6,4.343236367135237e-12,-11.36218653486775,Healthy
20.263671875,T6,4.651355274630998e-12,-11.33242048742482,Healthy
20.5078125,T6,3.016433145505683e-12,-11.52050629569474,Healthy
20.751953125,T6,3.1995518931510773e-12,-11.494910841667291,Healthy
20.99609375,T6,3.7886058657465175e-12,-11.421520572670286,Healthy
21.240234375,T6,2.764163366464004e-12,-11.558436293042702,Healthy
21.484375,T6,2.529427253180324e-12,-11.596977806469557,Healthy
21.728515625,T6,3.030871449157379e-12,-11.518432483330674,Healthy
21.97265625,T6,2.240034192150333e-12,-11.649745352492229,Healthy
22.216796875,T6,1.923046214109909e-12,-11.71601027879233,Healthy
22.4609375,T6,2.5833467906536928e-12,-11.587817289855384,Healthy
22.705078125,T6,1.953986387714188e-12,-11.709078466083575,Healthy
22.94921875,T6,1.4085249683109864e-12,-11.851235450060122,Healthy
23.193359375,T6,1.9801297286590522e-12,-11.703306355902534,Healthy
23.4375,T6,1.652437415061942e-12,-11.781874980137609,Healthy
23.681640625,T6,1.413774104702723e-12,-11.849619977327222,Healthy
23.92578125,T6,2.028052072839996e-12,-11.692920898127296,Healthy
24.169921875,T6,1.7067051361914145e-12,-11.767841504536394,Healthy
24.4140625,T6,1.2864939461895886e-12,-11.890592253093466,Healthy
24.658203125,T6,1.7803660457913478e-12,-11.749490696947406,Healthy
24.90234375,T6,1.770183849507289e-12,-11.75198162590934,Healthy
25.146484375,T6,1.3475678441393565e-12,-11.87044936076561,Healthy
25.390625,T6,1.820836926264725e-12,-11.73972894777712,Healthy
25.634765625,T6,1.7747909451002474e-12,-11.750852795699808,Healthy
25.87890625,T6,1.253452331442418e-12,-11.90189217752959,Healthy
26.123046875,T6,1.6813114755516506e-12,-11.774351822799392,Healthy
26.3671875,T6,1.7492264479695408e-12,-11.757153964827983,Healthy
26.611328125,T6,1.1841352498497901e-12,-11.926598690426593,Healthy
26.85546875,T6,1.478388080861315e-12,-11.830211547501827,Healthy
27.099609375,T6,1.691866204107245e-12,-11.771633984745849,Healthy
27.34375,T6,1.199341521570979e-12,-11.921057130650969,Healthy
27.587890625,T6,1.51483228637726e-12,-11.81963544711732,Healthy
27.83203125,T6,1.7527410274235805e-12,-11.756282247436957,Healthy
28.076171875,T6,1.104195171127796e-12,-11.956954156450667,Healthy
28.3203125,T6,1.128834484832047e-12,-11.947369731763006,Healthy
28.564453125,T6,1.4082375376267925e-12,-11.851324083418628,Healthy
28.80859375,T6,1.0823838050843113e-12,-11.965618714391896,Healthy
29.052734375,T6,1.0181463351302366e-12,-11.992189797665032,Healthy
29.296875,T6,1.4981104358075766e-12,-11.82445617068595,Healthy
29.541015625,T6,1.1144169356604033e-12,-11.952952296612832,Healthy
29.78515625,T6,9.685723461166662e-13,-12.01386793473237,Healthy
30.029296875,T6,1.433603238892365e-12,-11.843571026493688,Healthy
30.2734375,T6,1.3085046706325704e-12,-11.883224722832024,Healthy
30.517578125,T6,1.0151315206959188e-12,-11.99347768680281,Healthy
30.76171875,T6,1.395621398449265e-12,-11.85523238032654,Healthy
31.005859375,T6,1.2401186492303365e-12,-11.906536761417671,Healthy
31.25,T6,9.545239187289413e-13,-12.020213184460632,Healthy
31.494140625,T6,1.1707237299027714e-12,-11.931545578654802,Healthy
31.73828125,T6,1.0743801975991196e-12,-11.968842004949064,Healthy
31.982421875,T6,9.068558215979944e-13,-12.042461754683782,Healthy
32.2265625,T6,1.0400630693820864e-12,-11.982940324303032,Healthy
32.470703125,T6,1.0339242784327413e-12,-11.985511266525451,Healthy
32.71484375,T6,8.311959102847557e-13,-12.08029660229536,Healthy
32.958984375,T6,1.0373799424168386e-12,-11.984062153278908,Healthy
33.203125,T6,1.1053737259839464e-12,-11.95649086252953,Healthy
33.447265625,T6,8.276155295797132e-13,-12.08217136872223,Healthy
33.69140625,T6,9.865290295641289e-13,-12.005890130691547,Healthy
33.935546875,T6,1.182798088059787e-12,-11.92708938616296,Healthy
34.1796875,T6,8.825716845335597e-13,-12.054250010095366,Healthy
34.423828125,T6,9.348066074955957e-13,-12.029278226544324,Healthy
34.66796875,T6,1.1093842670124664e-12,-11.954917997460356,Healthy
34.912109375,T6,8.70886829318344e-13,-12.060038277364177,Healthy
35.15625,T6,9.187093672177471e-13,-12.036821855508672,Healthy
35.400390625,T6,1.225404551500015e-12,-11.911720510908202,Healthy
35.64453125,T6,9.352073125393212e-13,-12.029092106013175,Healthy
35.888671875,T6,8.11566284443814e-13,-12.090676003511724,Healthy
36.1328125,T6,1.1310243365378696e-12,-11.94652805014935,Healthy
36.376953125,T6,9.733312067393013e-13,-12.011739352143568,Healthy
36.62109375,T6,8.967415093244877e-13,-12.047332726691003,Healthy
36.865234375,T6,1.1493668537098572e-12,-11.939541331526728,Healthy
37.109375,T6,1.1035192647568604e-12,-11.957220080712956,Healthy
37.353515625,T6,7.565093755618661e-13,-12.121185685314884,Healthy
37.59765625,T6,8.959327110401898e-13,-12.047724606767916,Healthy
37.841796875,T6,9.275425374906132e-13,-12.032666164328733,Healthy
38.0859375,T6,6.58637177541616e-13,-12.181353758675012,Healthy
38.330078125,T6,8.466216687668792e-13,-12.07231062021654,Healthy
38.57421875,T6,8.87579053133422e-13,-12.051792955669312,Healthy
38.818359375,T6,6.529544459089043e-13,-12.185117116704248,Healthy
39.0625,T6,7.597943112041712e-13,-12.119303962455271,Healthy
39.306640625,T6,7.919446598338548e-13,-12.101305165340426,Healthy
39.55078125,T6,5.976406501462459e-13,-12.22355987047346,Healthy
39.794921875,T6,5.653017201373164e-13,-12.24771969303801,Healthy
0.0,Fz,4.86641273681786e-10,-9.312791059868642,Healthy
0.244140625,Fz,4.735086991293604e-09,-8.324672037887371,Healthy
0.48828125,Fz,2.0308169376748807e-09,-8.692329223094859,Healthy
0.732421875,Fz,9.864895905914112e-10,-9.005907493049966,Healthy
0.9765625,Fz,6.018011115393756e-10,-9.220547014444108,Healthy
1.220703125,Fz,4.3940290718989514e-10,-9.357137074014616,Healthy
1.46484375,Fz,3.5555756615032805e-10,-9.449090075278884,Healthy
1.708984375,Fz,2.4760327810268956e-10,-9.606243609843824,Healthy
1.953125,Fz,1.5370424514344267e-10,-9.813314137595166,Healthy
2.197265625,Fz,1.3930040731184175e-10,-9.856047613705062,Healthy
2.44140625,Fz,1.2896820861972438e-10,-9.88951733251172,Healthy
2.685546875,Fz,1.3057617470166467e-10,-9.884136058432526,Healthy
2.9296875,Fz,1.1528238551778111e-10,-9.93823704532306,Healthy
3.173828125,Fz,8.6544890549102e-11,-10.062758566977868,Healthy
3.41796875,Fz,6.319401906039072e-11,-10.19932402317305,Healthy
3.662109375,Fz,6.319091001351927e-11,-10.19934539030773,Healthy
3.90625,Fz,4.9501640279679007e-11,-10.305380410104595,Healthy
4.150390625,Fz,4.4962898521515816e-11,-10.347145699856153,Healthy
4.39453125,Fz,3.4609376426306424e-11,-10.460806225526843,Healthy
4.638671875,Fz,2.8197665864146037e-11,-10.549786840059229,Healthy
4.8828125,Fz,2.556540435457505e-11,-10.59234733387537,Healthy
5.126953125,Fz,2.6102306374413154e-11,-10.583321117128106,Healthy
5.37109375,Fz,2.4216542805344184e-11,-10.615887857383342,Healthy
5.615234375,Fz,1.903915289632247e-11,-10.720352378463987,Healthy
5.859375,Fz,1.3031353346617684e-11,-10.885010479111113,Healthy
6.103515625,Fz,1.4896818480513793e-11,-10.8269064741309,Healthy
6.34765625,Fz,1.5013532211293654e-11,-10.823517119921531,Healthy
6.591796875,Fz,1.1108764174538663e-11,-10.954334252673116,Healthy
6.8359375,Fz,8.986744331765749e-12,-11.04639761358729,Healthy
7.080078125,Fz,8.791800570271046e-12,-11.055922171837198,Healthy
7.32421875,Fz,9.52796955312988e-12,-11.020999639322174,Healthy
7.568359375,Fz,8.425451774432781e-12,-11.074406802874083,Healthy
7.8125,Fz,6.86810014225393e-12,-11.163163381112868,Healthy
8.056640625,Fz,6.321997202052197e-12,-11.199145700703582,Healthy
8.30078125,Fz,6.492335616265783e-12,-11.187599037748328,Healthy
8.544921875,Fz,6.939593061496218e-12,-11.158665995874877,Healthy
8.7890625,Fz,7.969718082761719e-12,-11.098557040870688,Healthy
9.033203125,Fz,7.47359143396563e-12,-11.126470647832946,Healthy
9.27734375,Fz,7.316253473838312e-12,-11.135711256669875,Healthy
9.521484375,Fz,7.915008780568669e-12,-11.10154859901383,Healthy
9.765625,Fz,6.936959949981017e-12,-11.158830812859913,Healthy
10.009765625,Fz,5.965668726156866e-12,-11.224340866695806,Healthy
10.25390625,Fz,4.5090342894583706e-12,-11.34591646203964,Healthy
10.498046875,Fz,3.769663733282166e-12,-11.423697388598818,Healthy
10.7421875,Fz,3.6136983172327656e-12,-11.442048106514957,Healthy
10.986328125,Fz,3.0206444297759693e-12,-11.519900393983471,Healthy
11.23046875,Fz,2.7150802308246298e-12,-11.566217332450975,Healthy
11.474609375,Fz,2.250268697182064e-12,-11.647765621116998,Healthy
11.71875,Fz,2.0190661714190002e-12,-11.694849447568886,Healthy
11.962890625,Fz,1.8781999894704725e-12,-11.726258166223683,Healthy
12.20703125,Fz,1.6425077040080745e-12,-11.784492584751227,Healthy
12.451171875,Fz,1.7546272658382505e-12,-11.755815126253475,Healthy
12.6953125,Fz,1.600503252251978e-12,-11.795743439024596,Healthy
12.939453125,Fz,1.538834353711474e-12,-11.812808126848724,Healthy
13.18359375,Fz,1.511801219921339e-12,-11.820505308548134,Healthy
13.427734375,Fz,1.4864685981166142e-12,-11.827844260901507,Healthy
13.671875,Fz,1.2580951148620729e-12,-11.900286523995502,Healthy
13.916015625,Fz,1.224994157852978e-12,-11.911865982498032,Healthy
14.16015625,Fz,1.2471271507983177e-12,-11.904089265787729,Healthy
14.404296875,Fz,1.2270774051367912e-12,-11.911128040725748,Healthy
14.6484375,Fz,1.0917075237055686e-12,-11.961893696662544,Healthy
14.892578125,Fz,1.104964929302218e-12,-11.956651505917542,Healthy
15.13671875,Fz,1.1119181950721544e-12,-11.953927163055775,Healthy
15.380859375,Fz,1.1400800068605253e-12,-11.943064670313689,Healthy
15.625,Fz,1.0478189937092645e-12,-11.979713733404427,Healthy
15.869140625,Fz,1.1112212722046565e-12,-11.95419945345414,Healthy
16.11328125,Fz,9.74031973919946e-13,-12.011426786582287,Healthy
16.357421875,Fz,9.284062042137969e-13,-12.032261965968369,Healthy
16.6015625,Fz,9.086152992763689e-13,-12.041619954803624,Healthy
16.845703125,Fz,9.409043166173864e-13,-12.026454539035996,Healthy
17.08984375,Fz,9.041436063086857e-13,-12.043762584486789,Healthy
17.333984375,Fz,8.689593257806768e-13,-12.061000551517298,Healthy
17.578125,Fz,9.251600815485832e-13,-12.033783114268456,Healthy
17.822265625,Fz,8.063240177056949e-13,-12.093490403822498,Healthy
18.06640625,Fz,9.033769780087519e-13,-12.044130981353948,Healthy
18.310546875,Fz,8.499449015176362e-13,-12.070609226923876,Healthy
18.5546875,Fz,8.055838833961098e-13,-12.093889230912918,Healthy
18.798828125,Fz,8.283730406964396e-13,-12.081774043611627,Healthy
19.04296875,Fz,8.53677056773508e-13,-12.068706390419203,Healthy
19.287109375,Fz,9.073825223374268e-13,-12.042209590207223,Healthy
19.53125,Fz,8.18771506189059e-13,-12.0868372794929,Healthy
19.775390625,Fz,7.836346036220024e-13,-12.105886394741775,Healthy
20.01953125,Fz,7.371924167986117e-13,-12.132419140842352,Healthy
20.263671875,Fz,7.367946500550993e-13,-12.132653536258529,Healthy
20.5078125,Fz,6.680910597671418e-13,-12.175164339831056,Healthy
20.751953125,Fz,6.907356705959908e-13,-12.1606881158152,Healthy
20.99609375,Fz,7.277051975976915e-13,-12.138044523141026,Healthy
21.240234375,Fz,7.118149548621388e-13,-12.147632891935045,Healthy
21.484375,Fz,6.144541886072543e-13,-12.211510490933314,Healthy
21.728515625,Fz,6.039305396315079e-13,-12.219013008381268,Healthy
21.97265625,Fz,5.465366876079096e-13,-12.262380679659604,Healthy
22.216796875,Fz,5.253355418199735e-13,-12.279563215808109,Healthy
22.4609375,Fz,5.464181296140671e-13,-12.26247489962534,Healthy
22.705078125,Fz,4.811363871750352e-13,-12.317731797219754,Healthy
22.94921875,Fz,4.821487025900256e-13,-12.31681899754042,Healthy
23.193359375,Fz,4.3125492466563467e-13,-12.365265932514848,Healthy
23.4375,Fz,4.86813135631787e-13,-12.31263771175784,Healthy
23.681640625,Fz,4.567501445697554e-13,-12.340321306513276,Healthy
23.92578125,Fz,4.540958189999026e-13,-12.342852496763712,Healthy
24.169921875,Fz,4.034530234378183e-13,-12.394207025624524,Healthy
24.4140625,Fz,4.575882303032539e-13,-12.33952515462606,Healthy
24.658203125,Fz,4.1328351339650893e-13,-12.383751919140582,Healthy
24.90234375,Fz,4.0378888651659994e-13,-12.393845638316934,Healthy
25.146484375,Fz,3.88657698499926e-13,-12.410432725403693,Healthy
25.390625,Fz,3.7491574133633443e-13,-12.426066324763864,Healthy
25.634765625,Fz,3.939699026822594e-13,-12.40453695481982,Healthy
25.87890625,Fz,3.628383043464781e-13,-12.440286871313733,Healthy
26.123046875,Fz,3.6247867156567623e-13,-12.440717542455316,Healthy
26.3671875,Fz,3.9391480331990906e-13,-12.404597698095788,Healthy
26.611328125,Fz,3.640884034823248e-13,-12.438793153485282,Healthy
26.85546875,Fz,3.4653857948104745e-13,-12.460248409181885,Healthy
27.099609375,Fz,3.228300257576584e-13,-12.491026079233627,Healthy
27.34375,Fz,2.674271177173856e-13,-12.572794556393813,Healthy
27.587890625,Fz,2.9024053883623297e-13,-12.537241928344551,Healthy
27.83203125,Fz,3.0248237406085773e-13,-12.51929992703178,Healthy
28.076171875,Fz,3.1338658959770377e-13,-12.503919591748495,Healthy
28.3203125,Fz,2.9850190324380374e-13,-12.52505289547047,Healthy
28.564453125,Fz,2.878291176406467e-13,-12.540865273669036,Healthy
28.80859375,Fz,2.8465536183943057e-13,-12.54568063129615,Healthy
29.052734375,Fz,2.855772148287227e-13,-12.544276446296797,Healthy
29.296875,Fz,3.1706904530810266e-13,-12.498846155034045,Healthy
29.541015625,Fz,2.861363367558412e-13,-12.543426987177275,Healthy
29.78515625,Fz,2.7115347092420773e-13,-12.566784831967665,Healthy
30.029296875,Fz,2.75693515033284e-13,-12.559573449412484,Healthy
30.2734375,Fz,2.5794187265847426e-13,-12.58847815150916,Healthy
30.517578125,Fz,2.1149734958276995e-13,-12.674695070694566,Healthy
30.76171875,Fz,2.38693264356944e-13,-12.62215983609959,Healthy
31.005859375,Fz,2.734211752553998e-13,-12.563167854287371,Healthy
31.25,Fz,2.753124539242013e-13,-12.560174142590595,Healthy
31.494140625,Fz,2.376405758994213e-13,-12.624079403822543,Healthy
31.73828125,Fz,2.195492165795037e-13,-12.658468108255816,Healthy
31.982421875,Fz,2.5292766644539856e-13,-12.597003662836707,Healthy
32.2265625,Fz,2.432222598485152e-13,-12.613996680686371,Healthy
32.470703125,Fz,2.33284674936236e-13,-12.632113790178533,Healthy
32.71484375,Fz,2.5622529739379817e-13,-12.591377994122324,Healthy
32.958984375,Fz,2.170497521571387e-13,-12.66344070573336,Healthy
33.203125,Fz,1.9777269396524173e-13,-12.703833670670305,Healthy
33.447265625,Fz,2.1385399809850605e-13,-12.669882625996893,Healthy
33.69140625,Fz,2.382074843299032e-13,-12.62304459737837,Healthy
33.935546875,Fz,2.2504690323506181e-13,-12.647726958807162,Healthy
34.1796875,Fz,2.2288524575905101e-13,-12.65191867937758,Healthy
34.423828125,Fz,2.044673049000293e-13,-12.68937612744492,Healthy
34.66796875,Fz,1.88735423667145e-13,-12.72414657964777,Healthy
34.912109375,Fz,2.017548118416782e-13,-12.695176098581763,Healthy
35.15625,Fz,2.0699049381192721e-13,-12.684049599373152,Healthy
35.400390625,Fz,2.054842501598036e-13,-12.687221460069267,Healthy
35.64453125,Fz,1.8583889681563923e-13,-12.730863381276604,Healthy
35.888671875,Fz,1.7597484580940833e-13,-12.754549406656906,Healthy
36.1328125,Fz,2.216680381896729e-13,-12.65429692230514,Healthy
36.376953125,Fz,2.3630338691277386e-13,-12.626530053623716,Healthy
36.62109375,Fz,2.084478792823717e-13,-12.68100251896248,Healthy
36.865234375,Fz,1.923928578713899e-13,-12.715811054151724,Healthy
37.109375,Fz,2.2393090102517483e-13,-12.64988597243826,Healthy
37.353515625,Fz,1.9583674976746306e-13,-12.708105807305005,Healthy
37.59765625,Fz,1.8233907428476494e-13,-12.73912025439568,Healthy
37.841796875,Fz,1.9001651420887274e-13,-12.721208653162334,Healthy
38.0859375,Fz,1.7654653300341285e-13,-12.75314080663258,Healthy
38.330078125,Fz,1.7926678207857048e-13,-12.746500177233624,Healthy
38.57421875,Fz,1.8952273838889533e-13,-12.722338677176625,Healthy
38.818359375,Fz,1.835763043397437e-13,-12.73618337737568,Healthy
39.0625,Fz,1.866153423503029e-13,-12.729052654136307,Healthy
39.306640625,Fz,1.5606636576283468e-13,-12.806690682699935,Healthy
39.55078125,Fz,1.556550547001958e-13,-12.80783677159079,Healthy
39.794921875,Fz,1.804446951334378e-13,-12.743655881175217,Healthy
0.0,Cz,4.6190114303381966e-10,-9.33545096303454,Healthy
0.244140625,Cz,4.819512445302625e-09,-8.31699689392392,Healthy
0.48828125,Cz,2.081174995211392e-09,-8.681691400682473,Healthy
0.732421875,Cz,1.0046696200516475e-09,-8.99797673006197,Healthy
0.9765625,Cz,6.165345962896522e-10,-9.210042548336496,Healthy
1.220703125,Cz,4.513926085343044e-10,-9.345445556687247,Healthy
1.46484375,Cz,3.6963905801500303e-10,-9.432222145178727,Healthy
1.708984375,Cz,2.5214049427802725e-10,-9.598357400141836,Healthy
1.953125,Cz,1.5775327719197918e-10,-9.802021609886625,Healthy
2.197265625,Cz,1.4459662524560947e-10,-9.83984184296343,Healthy
2.44140625,Cz,1.3197984611908764e-10,-9.879492382335997,Healthy
2.685546875,Cz,1.3422314010729668e-10,-9.872172605220818,Healthy
2.9296875,Cz,1.1808371278039188e-10,-9.927810000247598,Healthy
3.173828125,Cz,8.667568101981002e-11,-10.0621027373614,Healthy
3.41796875,Cz,6.575734041008902e-11,-10.182055760379509,Healthy
3.662109375,Cz,6.49353991847883e-11,-10.187518485334936,Healthy
3.90625,Cz,5.1905183250115807e-11,-10.284789271351451,Healthy
4.150390625,Cz,4.788646969595865e-11,-10.319787178995782,Healthy
4.39453125,Cz,3.557841903559481e-11,-10.448813354154623,Healthy
4.638671875,Cz,2.753920656780552e-11,-10.560048576358968,Healthy
4.8828125,Cz,2.612666907063855e-11,-10.582915955617192,Healthy
5.126953125,Cz,2.701890420702033e-11,-10.5683322684337,Healthy
5.37109375,Cz,2.4557046863190468e-11,-10.609823860989083,Healthy
5.615234375,Cz,1.9210839578699056e-11,-10.716453654585036,Healthy
5.859375,Cz,1.3044621333035988e-11,-10.884568523337226,Healthy
6.103515625,Cz,1.4891320206417386e-11,-10.827066797684664,Healthy
6.34765625,Cz,1.4693893480593336e-11,-10.832863112780618,Healthy
6.591796875,Cz,1.093761249372676e-11,-10.961077467212736,Healthy
6.8359375,Cz,8.314006799312905e-12,-11.08018962465746,Healthy
7.080078125,Cz,8.67931299129601e-12,-11.061514649926885,Healthy
7.32421875,Cz,9.17071237595542e-12,-11.037596927260198,Healthy
7.568359375,Cz,7.922745094819505e-12,-11.101124316772411,Healthy
7.8125,Cz,6.957997693120481e-12,-11.157515719575956,Healthy
8.056640625,Cz,5.625422911171006e-12,-11.24984482235726,Healthy
8.30078125,Cz,5.356384520537548e-12,-11.271128253700091,Healthy
8.544921875,Cz,5.439666315186307e-12,-11.26442774036028,Healthy
8.7890625,Cz,5.792076972875524e-12,-11.23716567528588,Healthy
9.033203125,Cz,5.273256113544211e-12,-11.27792113517378,Healthy
9.27734375,Cz,4.550062656625225e-12,-11.341982622850749,Healthy
9.521484375,Cz,4.981968826564403e-12,-11.30259899428113,Healthy
9.765625,Cz,4.785810222595531e-12,-11.320044526974916,Healthy
10.009765625,Cz,3.871146362655189e-12,-11.41216040830082,Healthy
10.25390625,Cz,3.29523308239097e-12,-11.482113860943686,Healthy
10.498046875,Cz,2.369394767813996e-12,-11.625362574904043,Healthy
10.7421875,Cz,2.4871695850905856e-12,-11.604294601799577,Healthy
10.986328125,Cz,2.245722713448352e-12,-11.648643868490211,Healthy
11.23046875,Cz,2.1988401607429985e-12,-11.657806339456991,Healthy
11.474609375,Cz,1.908022070535173e-12,-11.719416606017562,Healthy
11.71875,Cz,1.7132090511518605e-12,-11.76618963982361,Healthy
11.962890625,Cz,1.6872800383876002e-12,-11.772812831439731,Healthy
12.20703125,Cz,1.5782621956886137e-12,-11.80182084606853,Healthy
12.451171875,Cz,1.606221948970441e-12,-11.794194443768973,Healthy
12.6953125,Cz,1.415369891987405e-12,-11.849130047025804,Healthy
12.939453125,Cz,1.4193253527822522e-12,-11.847918039551864,Healthy
13.18359375,Cz,1.433718712785608e-12,-11.843536046344608,Healthy
13.427734375,Cz,1.3387569541670894e-12,-11.87329826021346,Healthy
13.671875,Cz,1.1761856765883196e-12,-11.929524113674445,Healthy
13.916015625,Cz,1.237779171209189e-12,-11.907356829693796,Healthy
14.16015625,Cz,1.2174302444209765e-12,-11.91455591334202,Healthy
14.404296875,Cz,1.1459679126311986e-12,-11.94082754254516,Healthy
14.6484375,Cz,1.051022470285249e-12,-11.978387998894144,Healthy
14.892578125,Cz,1.041565188330259e-12,-11.982313543722812,Healthy
15.13671875,Cz,1.031563309755213e-12,-11.986504113077547,Healthy
15.380859375,Cz,1.0889483731074624e-12,-11.96299270959779,Healthy
15.625,Cz,9.431378402369344e-13,-12.025424830189984,Healthy
15.869140625,Cz,9.981312116690896e-13,-12.000812363764563,Healthy
16.11328125,Cz,8.528931676023675e-13,-12.069105364643097,Healthy
16.357421875,Cz,8.48065876245597e-13,-12.071570411211743,Healthy
16.6015625,Cz,8.76903779128702e-13,-12.057048058271397,Healthy
16.845703125,Cz,8.999964787507687e-13,-12.045759189740789,Healthy
17.08984375,Cz,8.724558153711328e-13,-12.05925655820993,Healthy
17.333984375,Cz,8.859689487720573e-13,-12.052581498895416,Healthy
17.578125,Cz,7.958239155985348e-13,-12.099183013849585,Healthy
17.822265625,Cz,7.505330431444299e-13,-12.124630182648708,Healthy
18.06640625,Cz,7.967630106011977e-13,-12.098670836061103,Healthy
18.310546875,Cz,7.558031814748418e-13,-12.121591284297727,Healthy
18.5546875,Cz,7.266413322125165e-13,-12.138679902590436,Healthy
18.798828125,Cz,7.901690507906354e-13,-12.10227998469516,Healthy
19.04296875,Cz,7.632540987155877e-13,-12.117330854838295,Healthy
19.287109375,Cz,8.089469146865404e-13,-12.092079977046744,Healthy
19.53125,Cz,7.035552005061747e-13,-12.152701822415816,Healthy
19.775390625,Cz,6.709284491488014e-13,-12.173323792493804,Healthy
20.01953125,Cz,6.302632516965816e-13,-12.200478014230338,Healthy
20.263671875,Cz,6.477011663162953e-13,-12.18862532091079,Healthy
20.5078125,Cz,6.310840996560936e-13,-12.199912761860734,Healthy
20.751953125,Cz,6.161159818024925e-13,-12.210337525635074,Healthy
20.99609375,Cz,6.440583683530561e-13,-12.191074772539295,Healthy
21.240234375,Cz,6.04599164960537e-13,-12.218532456981691,Healthy
21.484375,Cz,5.669980623418276e-13,-12.24641842526175,Healthy
21.728515625,Cz,5.66168368902664e-13,-12.247054397766329,Healthy
21.97265625,Cz,5.302931394858458e-13,-12.275483991404371,Healthy
22.216796875,Cz,5.101697922468387e-13,-12.292285260051784,Healthy
22.4609375,Cz,5.119710961945225e-13,-12.290754556831898,Healthy
22.705078125,Cz,4.855086077196738e-13,-12.313803065957794,Healthy
22.94921875,Cz,4.662568493834621e-13,-12.331374775284932,Healthy
23.193359375,Cz,4.726492494365345e-13,-12.325461027426154,Healthy
23.4375,Cz,4.741014677888351e-13,-12.324128700130094,Healthy
23.681640625,Cz,4.789742013895992e-13,-12.319687878017325,Healthy
23.92578125,Cz,4.926254705724282e-13,-12.307483137273438,Healthy
24.169921875,Cz,4.561927203619686e-13,-12.34085164920372,Healthy
24.4140625,Cz,4.862020275447737e-13,-12.313183234407386,Healthy
24.658203125,Cz,4.4508772246388724e-13,-12.351554385361885,Healthy
24.90234375,Cz,4.617030216848222e-13,-12.335637283134044,Healthy
25.146484375,Cz,4.316748103857708e-13,-12.364843293084846,Healthy
25.390625,Cz,4.311916709659942e-13,-12.365329636709175,Healthy
25.634765625,Cz,4.860025371643297e-13,-12.313361463508096,Healthy
25.87890625,Cz,4.4894258844289733e-13,-12.347809193777636,Healthy
26.123046875,Cz,4.647835089566599e-13,-12.33274928960262,Healthy
26.3671875,Cz,4.860713582185405e-13,-12.3132999689977,Healthy
26.611328125,Cz,4.697134206444223e-13,-12.328167030984412,Healthy
26.85546875,Cz,5.329478445800629e-13,-12.27331528988407,Healthy
27.099609375,Cz,4.707385478417056e-13,-12.327220236727443,Healthy
27.34375,Cz,3.993712829325654e-13,-12.39862316658676,Healthy
27.587890625,Cz,3.954105966897405e-13,-12.402951696119429,Healthy
27.83203125,Cz,4.224238351050026e-13,-12.374251584881124,Healthy
28.076171875,Cz,3.9000968154028884e-13,-12.408924611980332,Healthy
28.3203125,Cz,3.798133573897493e-13,-12.420429765932194,Healthy
28.564453125,Cz,3.981482781735505e-13,-12.39995515807748,Healthy
28.80859375,Cz,3.7250143127977224e-13,-12.428872054202364,Healthy
29.052734375,Cz,3.483200396421414e-13,-12.458021538876125,Healthy
29.296875,Cz,3.690480228167375e-13,-12.432917117073195,Healthy
29.541015625,Cz,3.555612519244664e-13,-12.449085573326949,Healthy
29.78515625,Cz,3.327871534007724e-13,-12.477833447149468,Healthy
30.029296875,Cz,3.5277077275263097e-13,-12.45250740358007,Healthy
30.2734375,Cz,3.135805009938247e-13,-12.503650950369188,Healthy
30.517578125,Cz,2.5110921061440385e-13,-12.600137357196882,Healthy
30.76171875,Cz,2.836875060084121e-13,-12.547159790714854,Healthy
31.005859375,Cz,3.05731523918901e-13,-12.514659778944235,Healthy
31.25,Cz,3.0838165806357066e-13,-12.510911460837258,Healthy
31.494140625,Cz,2.640043802439259e-13,-12.578388867448409,Healthy
31.73828125,Cz,2.385003009360333e-13,-12.622511068637383,Healthy
31.982421875,Cz,2.7209899512802494e-13,-12.56527306208338,Healthy
32.2265625,Cz,2.374962005445588e-13,-12.624343333810614,Healthy
32.470703125,Cz,2.4395281581658985e-13,-12.61269416469437,Healthy
32.71484375,Cz,2.5742420887829923e-13,-12.589350613267412,Healthy
32.958984375,Cz,2.2267037665341105e-13,-12.652337556256024,Healthy
33.203125,Cz,2.086788810726724e-13,-12.680521500612048,Healthy
33.447265625,Cz,2.0843100285561162e-13,-12.6810376818807,Healthy
33.69140625,Cz,2.3057846717800054e-13,-12.637181252212242,Healthy
33.935546875,Cz,2.1665025626935717e-13,-12.66424079291485,Healthy
34.1796875,Cz,2.0309921971847157e-13,-12.692291745096488,Healthy
34.423828125,Cz,1.932665058273415e-13,-12.713843405127006,Healthy
34.66796875,Cz,1.8705343607328612e-13,-12.72803430963118,Healthy
34.912109375,Cz,1.9867200741204492e-13,-12.701863320021015,Healthy
35.15625,Cz,1.9661213563164717e-13,-12.70638967940724,Healthy
35.400390625,Cz,2.0118684732216602e-13,-12.696400414879124,Healthy
35.64453125,Cz,1.6921403897607657e-13,-12.771563608218322,Healthy
35.888671875,Cz,1.6705129794062188e-13,-12.77715014566931,Healthy
36.1328125,Cz,2.000887002125371e-13,-12.698777436970536,Healthy
36.376953125,Cz,2.305250150792332e-13,-12.637281940897267,Healthy
36.62109375,Cz,1.9368377912445546e-13,-12.71290674960471,Healthy
36.865234375,Cz,1.8347954899536005e-13,-12.736412336062768,Healthy
37.109375,Cz,2.049160056003679e-13,-12.688424118356044,Healthy
37.353515625,Cz,1.7850377104828397e-13,-12.748352604604106,Healthy
37.59765625,Cz,1.7841746876968238e-13,-12.74856262631154,Healthy
37.841796875,Cz,1.7964057212780001e-13,-12.74559557044549,Healthy
38.0859375,Cz,1.6640201060789922e-13,-12.778841430505388,Healthy
38.330078125,Cz,1.803635700636374e-13,-12.743851176982716,Healthy
38.57421875,Cz,1.812519230208138e-13,-12.741717377016844,Healthy
38.818359375,Cz,1.6247677239461168e-13,-12.78920871678895,Healthy
39.0625,Cz,1.6460400696347853e-13,-12.783559596943029,Healthy
39.306640625,Cz,1.584230397699247e-13,-12.80018165786453,Healthy
39.55078125,Cz,1.47994362686705e-13,-12.829754827177238,Healthy
39.794921875,Cz,1.642862676482093e-13,-12.78439873683185,Healthy
0.0,Pz,4.842775572648494e-10,-9.314905656871026,Healthy
0.244140625,Pz,4.6562804525186604e-09,-8.331960869570974,Healthy
0.48828125,Pz,1.984126762883381e-09,-8.702430584872305,Healthy
0.732421875,Pz,9.262518638605919e-10,-9.033270905097844,Healthy
0.9765625,Pz,5.822875956806605e-10,-9.234862461454435,Healthy
1.220703125,Pz,4.853578829162156e-10,-9.313937912410085,Healthy
1.46484375,Pz,3.9994166244471107e-10,-9.398003352487178,Healthy
1.708984375,Pz,2.359961828556457e-10,-9.627095021513522,Healthy
1.953125,Pz,1.2704434075118358e-10,-9.896044676030954,Healthy
2.197265625,Pz,1.1772964894431292e-10,-9.929114150993565,Healthy
2.44140625,Pz,1.2813647331787288e-10,-9.892327233205592,Healthy
2.685546875,Pz,1.3935258132863071e-10,-9.855884982125437,Healthy
2.9296875,Pz,1.0784587582712083e-10,-9.967196458255184,Healthy
3.173828125,Pz,6.965127234408331e-11,-10.157070945758791,Healthy
3.41796875,Pz,5.3987074981304255e-11,-10.26771020195812,Healthy
3.662109375,Pz,5.7619842953251904e-11,-10.239427929752743,Healthy
3.90625,Pz,4.691202930063144e-11,-10.328715780120326,Healthy
4.150390625,Pz,4.139352891155743e-11,-10.383067547228473,Healthy
4.39453125,Pz,2.6712458855741247e-11,-10.57328613375584,Healthy
4.638671875,Pz,2.2239910976089222e-11,-10.652866955519412,Healthy
4.8828125,Pz,2.3631230673264727e-11,-10.62651366047976,Healthy
5.126953125,Pz,2.460225630473308e-11,-10.609025061361674,Healthy
5.37109375,Pz,2.198750152822125e-11,-10.65782411734924,Healthy
5.615234375,Pz,1.570016597973449e-11,-10.804095756272185,Healthy
5.859375,Pz,1.0804450713010446e-11,-10.96639730729738,Healthy
6.103515625,Pz,1.3096781352467627e-11,-10.882835422864405,Healthy
6.34765625,Pz,1.3014915959301174e-11,-10.885558631898164,Healthy
6.591796875,Pz,1.0318598135970338e-11,-10.986379301077726,Healthy
6.8359375,Pz,7.655890521132946e-12,-11.11600428557706,Healthy
7.080078125,Pz,8.737692865687092e-12,-11.058603225028325,Healthy
7.32421875,Pz,9.527615420378388e-12,-11.021015781350885,Healthy
7.568359375,Pz,8.171616455462312e-12,-11.087692025689288,Healthy
7.8125,Pz,8.012019813510256e-12,-11.09625798537852,Healthy
8.056640625,Pz,7.38661878224531e-12,-11.131554314007229,Healthy
8.30078125,Pz,8.124849090487692e-12,-11.090184696783194,Healthy
8.544921875,Pz,9.920433753737468e-12,-11.003469338658684,Healthy
8.7890625,Pz,1.6465683088022585e-11,-10.783420247630168,Healthy
9.033203125,Pz,1.6948093782883476e-11,-10.77087914148034,Healthy
9.27734375,Pz,2.091039994675965e-11,-10.679637660486504,Healthy
9.521484375,Pz,2.5618670875905007e-11,-10.59144340566993,Healthy
9.765625,Pz,2.1327557706861358e-11,-10.671058874281549,Healthy
10.009765625,Pz,1.4589650496614256e-11,-10.83595511175356,Healthy
10.25390625,Pz,7.901909090648402e-12,-11.10226797106774,Healthy
10.498046875,Pz,5.189611432364624e-12,-11.284865158355268,Healthy
10.7421875,Pz,4.695997187904496e-12,-11.328272171828145,Healthy
10.986328125,Pz,4.103054798111487e-12,-11.386892682799472,Healthy
11.23046875,Pz,3.6887486386691625e-12,-11.433120937768116,Healthy
11.474609375,Pz,3.2773732461691025e-12,-11.484474095840415,Healthy
11.71875,Pz,2.748494417456592e-12,-11.560905140804948,Healthy
11.962890625,Pz,2.6836389132779155e-12,-11.571275919397396,Healthy
12.20703125,Pz,2.336639035601696e-12,-11.631408372312205,Healthy
12.451171875,Pz,2.2597511255688864e-12,-11.645939388615334,Healthy
12.6953125,Pz,2.079826012728895e-12,-11.681972994302727,Healthy
12.939453125,Pz,2.0154873292175657e-12,-11.695619927785398,Healthy
13.18359375,Pz,1.957131621927668e-12,-11.708379965984983,Healthy
13.427734375,Pz,1.839354886083898e-12,-11.735334469675191,Healthy
13.671875,Pz,1.7762412284791158e-12,-11.750498053713326,Healthy
13.916015625,Pz,1.7659575654957268e-12,-11.753019736371398,Healthy
14.16015625,Pz,1.6518846456570046e-12,-11.782020283591786,Healthy
14.404296875,Pz,1.6046523297432996e-12,-11.794619049009892,Healthy
14.6484375,Pz,1.4459684382262699e-12,-11.839841186470094,Healthy
14.892578125,Pz,1.3658068374865937e-12,-11.864610717452097,Healthy
15.13671875,Pz,1.3666302047300862e-12,-11.864348984899268,Healthy
15.380859375,Pz,1.333714485669191e-12,-11.874937131866067,Healthy
15.625,Pz,1.3163901831378226e-12,-11.880615365077883,Healthy
15.869140625,Pz,1.3020430059620901e-12,-11.885374670957097,Healthy
16.11328125,Pz,1.1869583820778292e-12,-11.925564508299674,Healthy
16.357421875,Pz,1.1630305158220054e-12,-11.93440889001855,Healthy
16.6015625,Pz,1.3879882351438199e-12,-11.857614215029416,Healthy
16.845703125,Pz,1.3483364345248828e-12,-11.870201729887198,Healthy
17.08984375,Pz,1.3257944081148852e-12,-11.877523817065336,Healthy
17.333984375,Pz,1.3964683815882885e-12,-11.854968893015023,Healthy
17.578125,Pz,1.2280700594039258e-12,-11.910776856692712,Healthy
17.822265625,Pz,1.350683682216287e-12,-11.869446346871923,Healthy
18.06640625,Pz,1.3394898263311984e-12,-11.873060580588808,Healthy
18.310546875,Pz,1.2104918888033369e-12,-11.917038116308786,Healthy
18.5546875,Pz,1.2090078909650569e-12,-11.917570864572316,Healthy
18.798828125,Pz,1.1980678355744876e-12,-11.92151859114402,Healthy
19.04296875,Pz,1.2198150227360082e-12,-11.913706022354628,Healthy
19.287109375,Pz,1.2069520001949072e-12,-11.918310001207535,Healthy
19.53125,Pz,1.0438005063789949e-12,-11.981382496791202,Healthy
19.775390625,Pz,9.601776127643025e-13,-12.017648424138851,Healthy
20.01953125,Pz,9.109995859634345e-13,-12.040481820407722,Healthy
20.263671875,Pz,8.52376675521242e-13,-12.06936844285156,Healthy
20.5078125,Pz,7.75312603514774e-13,-12.110523156063476,Healthy
20.751953125,Pz,8.15765910203266e-13,-12.088434447241465,Healthy
20.99609375,Pz,7.425261881930301e-13,-12.129288224586968,Healthy
21.240234375,Pz,6.737001770406877e-13,-12.171533338519692,Healthy
21.484375,Pz,6.670438296403855e-13,-12.175845628833704,Healthy
21.728515625,Pz,7.006642706438948e-13,-12.154490028157667,Healthy
21.97265625,Pz,6.030285696862593e-13,-12.219662111801526,Healthy
22.216796875,Pz,6.531579524109134e-13,-12.184981781105746,Healthy
22.4609375,Pz,6.871831048517888e-13,-12.162927526650384,Healthy
22.705078125,Pz,6.025151537898348e-13,-12.220032025724809,Healthy
22.94921875,Pz,5.404549247870037e-13,-12.26724052138244,Healthy
23.193359375,Pz,5.689886437193859e-13,-12.244896401477028,Healthy
23.4375,Pz,5.18992881798264e-13,-12.284838598638892,Healthy
23.681640625,Pz,5.504670599980733e-13,-12.259268664138348,Healthy
23.92578125,Pz,5.47500044890668e-13,-12.261615840879134,Healthy
24.169921875,Pz,5.006878715526529e-13,-12.300432928636148,Healthy
24.4140625,Pz,5.225693447962341e-13,-12.281856070644528,Healthy
24.658203125,Pz,4.218364763073816e-13,-12.374855869418512,Healthy
24.90234375,Pz,4.594279173161447e-13,-12.337782618265996,Healthy
25.146484375,Pz,4.786391316957693e-13,-12.319991798023436,Healthy
25.390625,Pz,4.776071466834384e-13,-12.320929183256494,Healthy
25.634765625,Pz,4.549436762860582e-13,-12.342042367281984,Healthy
25.87890625,Pz,4.634200043338541e-13,-12.334025223061596,Healthy
26.123046875,Pz,4.8303225836243e-13,-12.316023864774396,Healthy
26.3671875,Pz,4.511198157817662e-13,-12.345708095767147,Healthy
26.611328125,Pz,4.208738138726794e-13,-12.37584809455224,Healthy
26.85546875,Pz,4.453590358622956e-13,-12.35128973188465,Healthy
27.099609375,Pz,4.140827000044941e-13,-12.382912913543825,Healthy
27.34375,Pz,3.721806917927026e-13,-12.429246161203622,Healthy
27.587890625,Pz,3.72038870397882e-13,-12.429411682920763,Healthy
27.83203125,Pz,3.649605599976056e-13,-12.437754065682936,Healthy
28.076171875,Pz,3.449613525331145e-13,-12.46222955803335,Healthy
28.3203125,Pz,3.391878232749382e-13,-12.469559747156552,Healthy
28.564453125,Pz,3.2083821114672813e-13,-12.49371391376093,Healthy
28.80859375,Pz,3.247986091865373e-13,-12.488385839110371,Healthy
29.052734375,Pz,3.376467754345338e-13,-12.471537393486152,Healthy
29.296875,Pz,3.441894178869242e-13,-12.463202486198938,Healthy
29.541015625,Pz,3.059847256731411e-13,-12.514300252346642,Healthy
29.78515625,Pz,3.075545176951324e-13,-12.51207788920386,Healthy
30.029296875,Pz,3.1597925010792653e-13,-12.500341435924346,Healthy
30.2734375,Pz,3.161507761060938e-13,-12.500105747717027,Healthy
30.517578125,Pz,2.772329400931668e-13,-12.55715516925944,Healthy
30.76171875,Pz,2.818836260711858e-13,-12.549930150497538,Healthy
31.005859375,Pz,3.167812384500719e-13,-12.49924054765984,Healthy
31.25,Pz,3.415101796488803e-13,-12.466596346449665,Healthy
31.494140625,Pz,2.930493224110094e-13,-12.533059278457417,Healthy
31.73828125,Pz,2.6970025496806094e-13,-12.569118642975477,Healthy
31.982421875,Pz,3.0210372704431294e-13,-12.519843916816113,Healthy
32.2265625,Pz,2.576289954039603e-13,-12.589005259964065,Healthy
32.470703125,Pz,2.936962967307013e-13,-12.532101529539716,Healthy
32.71484375,Pz,3.1340877073640934e-13,-12.503888853977427,Healthy
32.958984375,Pz,2.771920978078468e-13,-12.55721915475058,Healthy
33.203125,Pz,2.607347289078361e-13,-12.583801118549664,Healthy
33.447265625,Pz,2.5814037600362016e-13,-12.588144061693397,Healthy
33.69140625,Pz,2.847108625645838e-13,-12.54559596291324,Healthy
33.935546875,Pz,2.751006748637352e-13,-12.56050834421869,Healthy
34.1796875,Pz,2.641405283597745e-13,-12.578164957775964,Healthy
34.423828125,Pz,2.571853504425092e-13,-12.589753772929685,Healthy
34.66796875,Pz,2.377476536804232e-13,-12.62388376039969,Healthy
34.912109375,Pz,2.414648596410721e-13,-12.617146063150177,Healthy
35.15625,Pz,2.3546040274926433e-13,-12.628082117466745,Healthy
35.400390625,Pz,2.761012782266731e-13,-12.558931582764917,Healthy
35.64453125,Pz,2.2870197428091944e-13,-12.640730086308826,Healthy
35.888671875,Pz,2.3350806499813773e-13,-12.63169811499637,Healthy
36.1328125,Pz,2.805766485169285e-13,-12.55194847672266,Healthy
36.376953125,Pz,2.962602703950337e-13,-12.528326585121668,Healthy
36.62109375,Pz,2.56637036906772e-13,-12.590680667666764,Healthy
36.865234375,Pz,2.46254762470915e-13,-12.608615361663494,Healthy
37.109375,Pz,2.7955312904944945e-13,-12.55353564230245,Healthy
37.353515625,Pz,2.4445050310142744e-13,-12.611809064581578,Healthy
37.59765625,Pz,2.294895263290537e-13,-12.639237130437367,Healthy
37.841796875,Pz,2.285592030083996e-13,-12.641001287018286,Healthy
38.0859375,Pz,2.1421506750440625e-13,-12.66914998493331,Healthy
38.330078125,Pz,2.422674712397702e-13,-12.61570489378422,Healthy
38.57421875,Pz,2.4548194464867523e-13,-12.609980444998486,Healthy
38.818359375,Pz,2.285796461384337e-13,-12.640962443946474,Healthy
39.0625,Pz,2.274070583162632e-13,-12.643196059700037,Healthy
39.306640625,Pz,1.9531230202839026e-13,-12.7092704011833,Healthy
39.55078125,Pz,2.0431539861445773e-13,-12.68969890071326,Healthy
39.794921875,Pz,2.0243921758252026e-13,-12.69370534988652,Healthy
0.0,Fp1,8.21327932624329e-10,-9.085483406956776,Alzheimer's
0.244140625,Fp1,6.427943599321457e-09,-8.191927942520225,Alzheimer's
0.48828125,Fp1,2.700715482031533e-09,-8.568521165939238,Alzheimer's
0.732421875,Fp1,1.272966758566831e-09,-8.895182937084355,Alzheimer's
0.9765625,Fp1,8.289495792009507e-10,-9.08147188457728,Alzheimer's
1.220703125,Fp1,4.689270083280504e-10,-9.32889475290832,Alzheimer's
1.46484375,Fp1,3.9282067011336793e-10,-9.405805667830125,Alzheimer's
1.708984375,Fp1,2.1954574317313923e-10,-9.658474979121372,Alzheimer's
1.953125,Fp1,1.7788158717974555e-10,-9.74986900413692,Alzheimer's
2.197265625,Fp1,1.3698218686234872e-10,-9.863335904744098,Alzheimer's
2.44140625,Fp1,9.946798834273466e-11,-10.00231666521384,Alzheimer's
2.685546875,Fp1,8.952251957746729e-11,-10.048067703253698,Alzheimer's
2.9296875,Fp1,6.793461515399753e-11,-10.167908880509668,Alzheimer's
3.173828125,Fp1,5.990268565731626e-11,-10.222553706158166,Alzheimer's
3.41796875,Fp1,5.2991185995611305e-11,-10.275796360433102,Alzheimer's
3.662109375,Fp1,4.208945011732722e-11,-10.3758267481073,Alzheimer's
3.90625,Fp1,3.3901700301155645e-11,-10.469778519705722,Alzheimer's
4.150390625,Fp1,2.994637625160029e-11,-10.5236557231628,Alzheimer's
4.39453125,Fp1,2.4817556953729888e-11,-10.605240972786325,Alzheimer's
4.638671875,Fp1,1.8914879389152526e-11,-10.723196423643904,Alzheimer's
4.8828125,Fp1,1.7237099633188234e-11,-10.763535808074478,Alzheimer's
5.126953125,Fp1,1.665536013024039e-11,-10.778445972346251,Alzheimer's
5.37109375,Fp1,1.448350781136548e-11,-10.839126242101363,Alzheimer's
5.615234375,Fp1,1.247140506276111e-11,-10.904084614955414,Alzheimer's
5.859375,Fp1,1.0875928963126214e-11,-10.96353363769938,Alzheimer's
6.103515625,Fp1,1.0475672867241272e-11,-10.979818072118729,Alzheimer's
6.34765625,Fp1,9.419231325901804e-12,-11.025984537179555,Alzheimer's
6.591796875,Fp1,7.561102866942219e-12,-11.121414853428128,Alzheimer's
6.8359375,Fp1,6.854876410667569e-12,-11.164000370874316,Alzheimer's
7.080078125,Fp1,6.529362790814746e-12,-11.185129200032137,Alzheimer's
7.32421875,Fp1,5.736645006919758e-12,-11.241342024146835,Alzheimer's
7.568359375,Fp1,6.149492991060454e-12,-11.21116068914516,Alzheimer's
7.8125,Fp1,5.34523166813933e-12,-11.272033467253296,Alzheimer's
8.056640625,Fp1,5.5039487262654905e-12,-11.259325620558098,Alzheimer's
8.30078125,Fp1,4.825907387167037e-12,-11.31642101678866,Alzheimer's
8.544921875,Fp1,4.0150743227260185e-12,-11.396306411119786,Alzheimer's
8.7890625,Fp1,4.18608459507087e-12,-11.378191999408406,Alzheimer's
9.033203125,Fp1,4.158131614085821e-12,-11.381101768403637,Alzheimer's
9.27734375,Fp1,3.994267350615134e-12,-11.398562869607778,Alzheimer's
9.521484375,Fp1,3.508971043407077e-12,-11.45482021563766,Alzheimer's
9.765625,Fp1,3.393663630366039e-12,-11.469331205835475,Alzheimer's
10.009765625,Fp1,2.800073550968116e-12,-11.552830560672046,Alzheimer's
10.25390625,Fp1,2.671327378108144e-12,-11.573272884800293,Alzheimer's
10.498046875,Fp1,2.907709528762557e-12,-11.536448980328943,Alzheimer's
10.7421875,Fp1,2.6135022142347284e-12,-11.582777127619218,Alzheimer's
10.986328125,Fp1,2.472137898393059e-12,-11.60692730751493,Alzheimer's
11.23046875,Fp1,2.2721034115620228e-12,-11.64357190621423,Alzheimer's
11.474609375,Fp1,2.3107458955075987e-12,-11.636247809711886,Alzheimer's
11.71875,Fp1,1.949123727114111e-12,-11.710160591720031,Alzheimer's
11.962890625,Fp1,1.7040860030202499e-12,-11.768508490734469,Alzheimer's
12.20703125,Fp1,1.833287340914904e-12,-11.736769460409464,Alzheimer's
12.451171875,Fp1,1.8341442262967083e-12,-11.73656651696368,Alzheimer's
12.6953125,Fp1,1.8403836685426032e-12,-11.73509162929406,Alzheimer's
12.939453125,Fp1,1.8023255177436648e-12,-11.744166768411002,Alzheimer's
13.18359375,Fp1,1.690336229127869e-12,-11.77202690016084,Alzheimer's
13.427734375,Fp1,1.6111137376365322e-12,-11.79287379919324,Alzheimer's
13.671875,Fp1,1.6612354895659366e-12,-11.779568799475223,Alzheimer's
13.916015625,Fp1,1.354816952587851e-12,-11.868119377742424,Alzheimer's
14.16015625,Fp1,1.2909605947825136e-12,-11.8890870139146,Alzheimer's
14.404296875,Fp1,1.3369935163265813e-12,-11.873870698819104,Alzheimer's
14.6484375,Fp1,1.1731539994965301e-12,-11.93064497446449,Alzheimer's
14.892578125,Fp1,1.2802074152964508e-12,-11.892719661585623,Alzheimer's
15.13671875,Fp1,1.2557558884638081e-12,-11.901094776679187,Alzheimer's
15.380859375,Fp1,1.1515904078367582e-12,-11.93870196123136,Alzheimer's
15.625,Fp1,1.1688673932727117e-12,-11.932234756277497,Alzheimer's
15.869140625,Fp1,1.1521370203672062e-12,-11.93849586843821,Alzheimer's
16.11328125,Fp1,1.1331019692782922e-12,-11.945731005668634,Alzheimer's
16.357421875,Fp1,1.1054664949858908e-12,-11.956454415693363,Alzheimer's
16.6015625,Fp1,1.0597576178832322e-12,-11.974793452898208,Alzheimer's
16.845703125,Fp1,1.0092244161908503e-12,-11.9960122511304,Alzheimer's
17.08984375,Fp1,8.80790295543982e-13,-12.05512747902145,Alzheimer's
17.333984375,Fp1,9.115884546045464e-13,-12.04020118385727,Alzheimer's
17.578125,Fp1,1.0532623877236525e-12,-11.977463424308032,Alzheimer's
17.822265625,Fp1,9.426899762813602e-13,-12.025631110791537,Alzheimer's
18.06640625,Fp1,9.088290748907119e-13,-12.0415177876381,Alzheimer's
18.310546875,Fp1,9.45676634121881e-13,-12.02425734142506,Alzheimer's
18.5546875,Fp1,8.532867205065342e-13,-12.068905013134046,Alzheimer's
18.798828125,Fp1,8.501951337024078e-13,-12.070481385151346,Alzheimer's
19.04296875,Fp1,8.147757898620347e-13,-12.088961884047835,Alzheimer's
19.287109375,Fp1,6.449919792231891e-13,-12.19044568598608,Alzheimer's
19.53125,Fp1,6.947935619665245e-13,-12.158144214426676,Alzheimer's
19.775390625,Fp1,7.789007189627194e-13,-12.10851789528566,Alzheimer's
20.01953125,Fp1,6.820481562684056e-13,-12.166184960734578,Alzheimer's
20.263671875,Fp1,6.935774119501653e-13,-12.158905059166708,Alzheimer's
20.5078125,Fp1,6.949542739519955e-13,-12.158043769832378,Alzheimer's
20.751953125,Fp1,6.80207946786624e-13,-12.167358298564103,Alzheimer's
20.99609375,Fp1,7.038138842659358e-13,-12.152542170009204,Alzheimer's
21.240234375,Fp1,6.941982597158557e-13,-12.158516479395155,Alzheimer's
21.484375,Fp1,6.7649350397209e-13,-12.16973636935848,Alzheimer's
21.728515625,Fp1,6.390134334357006e-13,-12.194490011942264,Alzheimer's
21.97265625,Fp1,6.584040413916059e-13,-12.1815075120171,Alzheimer's
22.216796875,Fp1,6.348959534309276e-13,-12.197297440933554,Alzheimer's
22.4609375,Fp1,6.970603600730746e-13,-12.156729613707352,Alzheimer's
22.705078125,Fp1,6.728740282938304e-13,-12.172066234346136,Alzheimer's
22.94921875,Fp1,5.599081471879269e-13,-12.251883213067586,Alzheimer's
23.193359375,Fp1,5.420552480192275e-13,-12.265956446511288,Alzheimer's
23.4375,Fp1,5.10046542361912e-13,-12.292390192198749,Alzheimer's
23.681640625,Fp1,5.140903307771253e-13,-12.288960564445803,Alzheimer's
23.92578125,Fp1,5.485467619987328e-13,-12.2607863441834,Alzheimer's
24.169921875,Fp1,5.171587741329545e-13,-12.286376102662826,Alzheimer's
24.4140625,Fp1,4.941518377246556e-13,-12.306139585177766,Alzheimer's
24.658203125,Fp1,5.449679193528068e-13,-12.263629062600652,Alzheimer's
24.90234375,Fp1,5.672878427577531e-13,-12.246196523468257,Alzheimer's
25.146484375,Fp1,5.188289246445725e-13,-12.284975820052564,Alzheimer's
25.390625,Fp1,6.092216100170809e-13,-12.21522469997697,Alzheimer's
25.634765625,Fp1,5.736614381967729e-13,-12.241344342624476,Alzheimer's
25.87890625,Fp1,5.738059130335674e-13,-12.24123498068985,Alzheimer's
26.123046875,Fp1,6.184909290349407e-13,-12.208666665475375,Alzheimer's
26.3671875,Fp1,5.994157102031192e-13,-12.222271878732528,Alzheimer's
26.611328125,Fp1,5.110014403314053e-13,-12.291577875741805,Alzheimer's
26.85546875,Fp1,5.84340451204663e-13,-12.23333404843748,Alzheimer's
27.099609375,Fp1,5.867210426118783e-13,-12.231568335635137,Alzheimer's
27.34375,Fp1,5.198061541012935e-13,-12.284158583095085,Alzheimer's
27.587890625,Fp1,5.862683852589039e-13,-12.231903524675513,Alzheimer's
27.83203125,Fp1,6.208420966780227e-13,-12.207018843078584,Alzheimer's
28.076171875,Fp1,6.480625569761299e-13,-12.188383069996329,Alzheimer's
28.3203125,Fp1,6.480488508782729e-13,-12.18839225513679,Alzheimer's
28.564453125,Fp1,6.521455350161566e-13,-12.185655474818098,Alzheimer's
28.80859375,Fp1,6.875591781961905e-13,-12.162689916176983,Alzheimer's
29.052734375,Fp1,5.705916386574737e-13,-12.243674596701949,Alzheimer's
29.296875,Fp1,6.141463929561223e-13,-12.21172809453475,Alzheimer's
29.541015625,Fp1,5.42514830522745e-13,-12.265588385173157,Alzheimer's
29.78515625,Fp1,5.205652596458359e-13,-12.283524818262014,Alzheimer's
30.029296875,Fp1,5.15542181456427e-13,-12.28773579512477,Alzheimer's
30.2734375,Fp1,5.589822499541339e-13,-12.252601982577556,Alzheimer's
30.517578125,Fp1,5.83387451755765e-13,-12.234042916475577,Alzheimer's
30.76171875,Fp1,5.404915755287891e-13,-12.267211070868624,Alzheimer's
31.005859375,Fp1,4.990865553768648e-13,-12.301824129200766,Alzheimer's
31.25,Fp1,5.355944541087844e-13,-12.271163928602563,Alzheimer's
31.494140625,Fp1,4.39599342250985e-13,-12.356942966059696,Alzheimer's
31.73828125,Fp1,5.115673774206177e-13,-12.291097158208125,Alzheimer's
31.982421875,Fp1,5.223204887221725e-13,-12.282062938044955,Alzheimer's
32.2265625,Fp1,5.005741469426892e-13,-12.300531584072717,Alzheimer's
32.470703125,Fp1,5.803893300906965e-13,-12.236280580254508,Alzheimer's
32.71484375,Fp1,5.465748960163816e-13,-12.262350319170856,Alzheimer's
32.958984375,Fp1,5.724574581126722e-13,-12.242256782164327,Alzheimer's
33.203125,Fp1,5.44288446539263e-13,-12.264170884234272,Alzheimer's
33.447265625,Fp1,4.71345352394516e-13,-12.326660770834318,Alzheimer's
33.69140625,Fp1,5.060105386325673e-13,-12.295840438056825,Alzheimer's
33.935546875,Fp1,5.756561638753162e-13,-12.23983684074098,Alzheimer's
34.1796875,Fp1,5.34124465481324e-13,-12.272357528789543,Alzheimer's
34.423828125,Fp1,4.516087904738162e-13,-12.345237613210497,Alzheimer's
34.66796875,Fp1,4.564007440167208e-13,-12.340653656273776,Alzheimer's
34.912109375,Fp1,4.28048308123488e-13,-12.368507215174787,Alzheimer's
35.15625,Fp1,4.547087707466291e-13,-12.342266668732814,Alzheimer's
35.400390625,Fp1,4.3128982019015524e-13,-12.365230792462482,Alzheimer's
35.64453125,Fp1,5.10471066400076e-13,-12.29202886877569,Alzheimer's
35.888671875,Fp1,5.347489833471989e-13,-12.2718500324266,Alzheimer's
36.1328125,Fp1,4.73101037653913e-13,-12.325046099411011,Alzheimer's
36.376953125,Fp1,4.31739314312941e-13,-12.364778402555766,Alzheimer's
36.62109375,Fp1,4.429046287569581e-13,-12.353689780918446,Alzheimer's
36.865234375,Fp1,4.13004501565278e-13,-12.384045214701212,Alzheimer's
37.109375,Fp1,3.9646431713759414e-13,-12.401795894267186,Alzheimer's
37.353515625,Fp1,4.328884243858983e-13,-12.363624027244231,Alzheimer's
37.59765625,Fp1,4.0994735807841996e-13,-12.3872719080702,Alzheimer's
37.841796875,Fp1,4.1301593366834746e-13,-12.384033193450724,Alzheimer's
38.0859375,Fp1,3.6994068575424585e-13,-12.43186790272926,Alzheimer's
38.330078125,Fp1,3.9564788410707853e-13,-12.402691152502063,Alzheimer's
38.57421875,Fp1,4.335227737132222e-13,-12.362988083336104,Alzheimer's
38.818359375,Fp1,4.447263315423026e-13,-12.351907155900802,Alzheimer's
39.0625,Fp1,3.688546226273525e-13,-12.433144769426772,Alzheimer's
39.306640625,Fp1,4.058336005486941e-13,-12.391651998877872,Alzheimer's
39.55078125,Fp1,3.934505283395413e-13,-12.4051098671673,Alzheimer's
39.794921875,Fp1,4.151640468701637e-13,-12.38178026335317,Alzheimer's
0.0,Fp2,7.644798552500973e-10,-9.116633954161392,Alzheimer's
0.244140625,Fp2,6.713514276831505e-09,-8.173050083183723,Alzheimer's
0.48828125,Fp2,2.9271727619000804e-09,-8.533551644725168,Alzheimer's
0.732421875,Fp2,1.2809999058351579e-09,-8.892450902179805,Alzheimer's
0.9765625,Fp2,9.164883393775371e-10,-9.037873056262274,Alzheimer's
1.220703125,Fp2,4.922616517609828e-10,-9.307803995381596,Alzheimer's
1.46484375,Fp2,3.906320892342607e-10,-9.40823208361615,Alzheimer's
1.708984375,Fp2,2.3298761224017647e-10,-9.632667169440742,Alzheimer's
1.953125,Fp2,1.8866373618891439e-10,-9.724311569292176,Alzheimer's
2.197265625,Fp2,1.4968755134385184e-10,-9.824814315939346,Alzheimer's
2.44140625,Fp2,1.0230316645311291e-10,-9.99011092394344,Alzheimer's
2.685546875,Fp2,9.066720616425011e-11,-10.042549766492892,Alzheimer's
2.9296875,Fp2,7.362593732815802e-11,-10.132969163188127,Alzheimer's
3.173828125,Fp2,6.263934885448975e-11,-10.203152765483509,Alzheimer's
3.41796875,Fp2,5.3245398356495777e-11,-10.273717919433569,Alzheimer's
3.662109375,Fp2,4.2448695420540616e-11,-10.372135652425133,Alzheimer's
3.90625,Fp2,3.5034045128181875e-11,-10.455509714939716,Alzheimer's
4.150390625,Fp2,3.3638539089330636e-11,-10.473162873730825,Alzheimer's
4.39453125,Fp2,2.5488444390416367e-11,-10.593656669563064,Alzheimer's
4.638671875,Fp2,2.0299413393100384e-11,-10.692516512028684,Alzheimer's
4.8828125,Fp2,1.7385883364167117e-11,-10.759803238231406,Alzheimer's
5.126953125,Fp2,1.7726435350085457e-11,-10.751378588901826,Alzheimer's
5.37109375,Fp2,1.63207023630401e-11,-10.78726115527401,Alzheimer's
5.615234375,Fp2,1.4067082810247655e-11,-10.851795955924745,Alzheimer's
5.859375,Fp2,1.151402878135829e-11,-10.9387726892834,Alzheimer's
6.103515625,Fp2,1.1503243064387248e-11,-10.93917970343678,Alzheimer's
6.34765625,Fp2,1.0452525572922688e-11,-10.980778761240774,Alzheimer's
6.591796875,Fp2,8.293004170478268e-12,-11.08128811621478,Alzheimer's
6.8359375,Fp2,6.853538544812399e-12,-11.16408514037716,Alzheimer's
7.080078125,Fp2,6.544179108073354e-12,-11.184144822939508,Alzheimer's
7.32421875,Fp2,6.231937864699709e-12,-11.205376885430578,Alzheimer's
7.568359375,Fp2,6.574548902864899e-12,-11.18213403990548,Alzheimer's
7.8125,Fp2,5.450609295532473e-12,-11.263554947467,Alzheimer's
8.056640625,Fp2,5.835558803821612e-12,-11.233917550279068,Alzheimer's
8.30078125,Fp2,5.486742297169653e-12,-11.260685437388297,Alzheimer's
8.544921875,Fp2,4.446375003924059e-12,-11.351993912022344,Alzheimer's
8.7890625,Fp2,4.505618203041619e-12,-11.346245612287584,Alzheimer's
9.033203125,Fp2,4.196119423098342e-12,-11.377152160122291,Alzheimer's
9.27734375,Fp2,4.107580151901151e-12,-11.386413953349075,Alzheimer's
9.521484375,Fp2,4.036770110351777e-12,-11.393965982481808,Alzheimer's
9.765625,Fp2,3.517645309487351e-12,-11.453747953365834,Alzheimer's
10.009765625,Fp2,2.8919122225966146e-12,-11.538814893196475,Alzheimer's
10.25390625,Fp2,2.7766832535481134e-12,-11.5564736589901,Alzheimer's
10.498046875,Fp2,2.974159434832647e-12,-11.52663575410186,Alzheimer's
10.7421875,Fp2,2.689383557398236e-12,-11.570347254681696,Alzheimer's
10.986328125,Fp2,2.5645609859304776e-12,-11.590986968839148,Alzheimer's
11.23046875,Fp2,2.3039144674586967e-12,-11.637533648078788,Alzheimer's
11.474609375,Fp2,2.253987603575285e-12,-11.647048476805288,Alzheimer's
11.71875,Fp2,2.125190411262744e-12,-11.672602152269675,Alzheimer's
11.962890625,Fp2,1.7913961120948762e-12,-11.746808372679094,Alzheimer's
12.20703125,Fp2,2.0597879433631552e-12,-11.68617748825594,Alzheimer's
12.451171875,Fp2,1.8963267125901853e-12,-11.722086837223944,Alzheimer's
12.6953125,Fp2,1.8150852751322768e-12,-11.741102966413315,Alzheimer's
12.939453125,Fp2,1.78388297765322e-12,-11.74863363865182,Alzheimer's
13.18359375,Fp2,1.5286115764537984e-12,-11.815702855747404,Alzheimer's
13.427734375,Fp2,1.5030325606368465e-12,-11.823031611061968,Alzheimer's
13.671875,Fp2,1.6548033676872174e-12,-11.781253603943744,Alzheimer's
13.916015625,Fp2,1.5473711281624314e-12,-11.810405510746298,Alzheimer's
14.16015625,Fp2,1.468019877787226e-12,-11.833268063796748,Alzheimer's
14.404296875,Fp2,1.3573339398553625e-12,-11.867313291327273,Alzheimer's
14.6484375,Fp2,1.1346669155330688e-12,-11.945131608053329,Alzheimer's
14.892578125,Fp2,1.185667364733984e-12,-11.92603713384086,Alzheimer's
15.13671875,Fp2,1.173519005291784e-12,-11.930509872553236,Alzheimer's
15.380859375,Fp2,1.1869168498584444e-12,-11.925579704729088,Alzheimer's
15.625,Fp2,1.1677862187210029e-12,-11.932636654250633,Alzheimer's
15.869140625,Fp2,1.1371536325037117e-12,-11.944180856999814,Alzheimer's
16.11328125,Fp2,1.1254400445739564e-12,-11.94867763616257,Alzheimer's
16.357421875,Fp2,9.478800746703078e-13,-12.023246605914611,Alzheimer's
16.6015625,Fp2,9.008335967348049e-13,-12.045355425107685,Alzheimer's
16.845703125,Fp2,9.688606626283878e-13,-12.01373867682209,Alzheimer's
17.08984375,Fp2,9.475425386073449e-13,-12.023401283874144,Alzheimer's
17.333984375,Fp2,9.12231851931763e-13,-12.039894767792628,Alzheimer's
17.578125,Fp2,9.652225335730938e-13,-12.015372547836376,Alzheimer's
17.822265625,Fp2,8.876541656346678e-13,-12.051756204503905,Alzheimer's
18.06640625,Fp2,8.776096268146564e-13,-12.056698621475332,Alzheimer's
18.310546875,Fp2,8.604103669577368e-13,-12.065294365502828,Alzheimer's
18.5546875,Fp2,7.522973719340118e-13,-12.123610455336934,Alzheimer's
18.798828125,Fp2,8.057073975110243e-13,-12.093822648912152,Alzheimer's
19.04296875,Fp2,8.149604809315329e-13,-12.088863450560012,Alzheimer's
19.287109375,Fp2,7.672232954747227e-13,-12.115078218998852,Alzheimer's
19.53125,Fp2,8.401111188372004e-13,-12.075663267383112,Alzheimer's
19.775390625,Fp2,7.820207714036949e-13,-12.106781711407924,Alzheimer's
20.01953125,Fp2,7.292630230292384e-13,-12.137115806595348,Alzheimer's
20.263671875,Fp2,8.078122204019786e-13,-12.09268958120688,Alzheimer's
20.5078125,Fp2,8.104328210713705e-13,-12.091282979146357,Alzheimer's
20.751953125,Fp2,7.569390719379419e-13,-12.120939076624186,Alzheimer's
20.99609375,Fp2,8.330172008044368e-13,-12.079346030841322,Alzheimer's
21.240234375,Fp2,8.16001353516143e-13,-12.08830912087346,Alzheimer's
21.484375,Fp2,7.068118437931265e-13,-12.150696181787085,Alzheimer's
21.728515625,Fp2,7.225673730217059e-13,-12.14112165256116,Alzheimer's
21.97265625,Fp2,7.26764271830712e-13,-12.138606431017504,Alzheimer's
22.216796875,Fp2,7.366183557198855e-13,-12.132757463205063,Alzheimer's
22.4609375,Fp2,7.686159377362997e-13,-12.114290614408274,Alzheimer's
22.705078125,Fp2,6.865958698807026e-13,-12.16329881333878,Alzheimer's
22.94921875,Fp2,5.89555813856385e-13,-12.22947507351646,Alzheimer's
23.193359375,Fp2,5.822284232375153e-13,-12.234906596983947,Alzheimer's
23.4375,Fp2,5.681249650918998e-13,-12.245556126118922,Alzheimer's
23.681640625,Fp2,5.913397003306037e-13,-12.228162963118722,Alzheimer's
23.92578125,Fp2,6.396923356672621e-13,-12.194028852654888,Alzheimer's
24.169921875,Fp2,6.583238932644535e-13,-12.1815603823003,Alzheimer's
24.4140625,Fp2,5.993867678746074e-13,-12.222292848815254,Alzheimer's
24.658203125,Fp2,6.026412267368721e-13,-12.219941161524442,Alzheimer's
24.90234375,Fp2,6.584805620196486e-13,-12.1814570406448,Alzheimer's
25.146484375,Fp2,6.186331452948561e-13,-12.20856681496164,Alzheimer's
25.390625,Fp2,6.28439523460333e-13,-12.201736509372108,Alzheimer's
25.634765625,Fp2,6.289007619441696e-13,-12.201417879102031,Alzheimer's
25.87890625,Fp2,6.72117115784676e-13,-12.172555044941149,Alzheimer's
26.123046875,Fp2,7.535400901218773e-13,-12.12289363723714,Alzheimer's
26.3671875,Fp2,7.243134672894967e-13,-12.140073439809443,Alzheimer's
26.611328125,Fp2,7.34035672226813e-13,-12.134282833987452,Alzheimer's
26.85546875,Fp2,8.395994178183624e-13,-12.075927871231086,Alzheimer's
27.099609375,Fp2,7.112623842198705e-13,-12.147970158766954,Alzheimer's
27.34375,Fp2,6.394027432324471e-13,-12.194225504804775,Alzheimer's
27.587890625,Fp2,7.346117566419998e-13,-12.133942125536208,Alzheimer's
27.83203125,Fp2,6.857001270033014e-13,-12.163865770095908,Alzheimer's
28.076171875,Fp2,7.600142672242732e-13,-12.119178254931557,Alzheimer's
28.3203125,Fp2,7.544776538860359e-13,-12.122353618628887,Alzheimer's
28.564453125,Fp2,7.571698425483469e-13,-12.12080669195555,Alzheimer's
28.80859375,Fp2,7.03814558317269e-13,-12.15254175408016,Alzheimer's
29.052734375,Fp2,6.77048381827423e-13,-12.169380295554294,Alzheimer's
29.296875,Fp2,6.539451502547833e-13,-12.18445867666143,Alzheimer's
29.541015625,Fp2,6.119833743701489e-13,-12.21326037608545,Alzheimer's
29.78515625,Fp2,5.713534472593782e-13,-12.243095147960965,Alzheimer's
30.029296875,Fp2,6.170539870079501e-13,-12.209676837208342,Alzheimer's
30.2734375,Fp2,6.19066370133959e-13,-12.208262787752474,Alzheimer's
30.517578125,Fp2,5.949147150487628e-13,-12.225545288789874,Alzheimer's
30.76171875,Fp2,5.2079530439669e-13,-12.283332940115365,Alzheimer's
31.005859375,Fp2,5.747936972303578e-13,-12.240488002669132,Alzheimer's
31.25,Fp2,5.721346189346339e-13,-12.242501772986987,Alzheimer's
31.494140625,Fp2,5.195692525356836e-13,-12.28435655784766,Alzheimer's
31.73828125,Fp2,5.633612624025718e-13,-12.24921301908826,Alzheimer's
31.982421875,Fp2,5.458503701659437e-13,-12.262926390843155,Alzheimer's
32.2265625,Fp2,4.555753630690901e-13,-12.34143977004608,Alzheimer's
32.470703125,Fp2,4.2445248161531963e-13,-12.372170922916824,Alzheimer's
32.71484375,Fp2,4.683834515943869e-13,-12.329398457340494,Alzheimer's
32.958984375,Fp2,4.800795811896049e-13,-12.31868676511032,Alzheimer's
33.203125,Fp2,4.881234921129265e-13,-12.311470290377695,Alzheimer's
33.447265625,Fp2,4.691852433622773e-13,-12.328655655608332,Alzheimer's
33.69140625,Fp2,6.606374989680248e-13,-12.180036778612086,Alzheimer's
33.935546875,Fp2,6.260101920435104e-13,-12.20341859600327,Alzheimer's
34.1796875,Fp2,5.393325027356214e-13,-12.268143406277057,Alzheimer's
34.423828125,Fp2,4.4075072821382693e-13,-12.355806961481312,Alzheimer's
34.66796875,Fp2,5.492844430916129e-13,-12.260202700951597,Alzheimer's
34.912109375,Fp2,4.512202130117725e-13,-12.345611453787896,Alzheimer's
35.15625,Fp2,5.11325582684322e-13,-12.291302478072035,Alzheimer's
35.400390625,Fp2,5.043462971592759e-13,-12.29727116335402,Alzheimer's
35.64453125,Fp2,4.705953322785377e-13,-12.327352384800728,Alzheimer's
35.888671875,Fp2,4.862086279192131e-13,-12.31317733873732,Alzheimer's
36.1328125,Fp2,5.099535178594516e-13,-12.292469407935664,Alzheimer's
36.376953125,Fp2,5.65977851814244e-13,-12.247200563552118,Alzheimer's
36.62109375,Fp2,5.251365162750858e-13,-12.279727781245658,Alzheimer's
36.865234375,Fp2,4.3383107374878824e-13,-12.362679344266695,Alzheimer's
37.109375,Fp2,4.952353751698445e-13,-12.305188340780465,Alzheimer's
37.353515625,Fp2,5.233206688953618e-13,-12.281232112174273,Alzheimer's
37.59765625,Fp2,5.232964462911332e-13,-12.281252214546388,Alzheimer's
37.841796875,Fp2,6.288472647359368e-13,-12.201454823771162,Alzheimer's
38.0859375,Fp2,5.510674459419279e-13,-12.258795243965231,Alzheimer's
38.330078125,Fp2,4.938490839953408e-13,-12.3064057474358,Alzheimer's
38.57421875,Fp2,4.943702604129815e-13,-12.30594766277161,Alzheimer's
38.818359375,Fp2,5.124508274642856e-13,-12.290347801268252,Alzheimer's
39.0625,Fp2,4.639519888085053e-13,-12.333526959260553,Alzheimer's
39.306640625,Fp2,4.85390697739291e-13,-12.313908550952592,Alzheimer's
39.55078125,Fp2,4.930999381399476e-13,-12.307065051951689,Alzheimer's
39.794921875,Fp2,4.822188545740328e-13,-12.31675581287732,Alzheimer's
0.0,F3,9.445141755752675e-10,-9.02479151966071,Alzheimer's
0.244140625,F3,8.642718854029083e-09,-8.063349614285555,Alzheimer's
0.48828125,F3,2.304525624183201e-09,-8.637418458561593,Alzheimer's
0.732421875,F3,8.880263517049753e-10,-9.051574146574715,Alzheimer's
0.9765625,F3,5.078442869275487e-10,-9.294269428847109,Alzheimer's
1.220703125,F3,3.2698518238494675e-10,-9.485471927322155,Alzheimer's
1.46484375,F3,2.2866114899598267e-10,-9.640807618558869,Alzheimer's
1.708984375,F3,1.5835366186037283e-10,-9.800371889302708,Alzheimer's
1.953125,F3,1.3323012443991428e-10,-9.875397566465718,Alzheimer's
2.197265625,F3,9.682294004108398e-11,-10.014021734086851,Alzheimer's
2.44140625,F3,7.479457365373904e-11,-10.126129909056967,Alzheimer's
2.685546875,F3,6.264911705506482e-11,-10.203085045353236,Alzheimer's
2.9296875,F3,4.8171857433324974e-11,-10.31720660763011,Alzheimer's
3.173828125,F3,4.1865240621481246e-11,-10.378146408330494,Alzheimer's
3.41796875,F3,3.689475611304005e-11,-10.433035356144645,Alzheimer's
3.662109375,F3,3.078120259898076e-11,-10.5117144166066,Alzheimer's
3.90625,F3,2.4345833646306463e-11,-10.61357534981835,Alzheimer's
4.150390625,F3,2.1611785715532365e-11,-10.665309347213872,Alzheimer's
4.39453125,F3,1.7908707503905252e-11,-10.746935756651084,Alzheimer's
4.638671875,F3,1.5212607601418257e-11,-10.817796336910645,Alzheimer's
4.8828125,F3,1.4087484611631872e-11,-10.851166545344205,Alzheimer's
5.126953125,F3,1.2005411813106724e-11,-10.920622938056573,Alzheimer's
5.37109375,F3,1.0894424795665015e-11,-10.962795694712192,Alzheimer's
5.615234375,F3,9.321200593424502e-12,-11.030528145852209,Alzheimer's
5.859375,F3,8.973754508744587e-12,-11.047025815453257,Alzheimer's
6.103515625,F3,8.11029839404143e-12,-11.090963166935374,Alzheimer's
6.34765625,F3,7.412161599995306e-12,-11.13005512075881,Alzheimer's
6.591796875,F3,6.098018764038274e-12,-11.214811243613514,Alzheimer's
6.8359375,F3,5.444517815940812e-12,-11.264040576725268,Alzheimer's
7.080078125,F3,5.587976534802518e-12,-11.252745426256348,Alzheimer's
7.32421875,F3,5.017305812988911e-12,-11.299529427207068,Alzheimer's
7.568359375,F3,4.957139006245646e-12,-11.304768902599994,Alzheimer's
7.8125,F3,4.377669611653412e-12,-11.358757018293486,Alzheimer's
8.056640625,F3,4.623597345868247e-12,-11.335019994241888,Alzheimer's
8.30078125,F3,4.1167795991168004e-12,-11.38544238329389,Alzheimer's
8.544921875,F3,3.4036786986711266e-12,-11.468051443293705,Alzheimer's
8.7890625,F3,3.406010344832056e-12,-11.467754037319793,Alzheimer's
9.033203125,F3,3.229688837491077e-12,-11.490839317504872,Alzheimer's
9.27734375,F3,3.107486096726934e-12,-11.50759080576863,Alzheimer's
9.521484375,F3,2.93245846546408e-12,-11.532768130396578,Alzheimer's
9.765625,F3,2.691871341384295e-12,-11.569945701157616,Alzheimer's
10.009765625,F3,2.236300181147768e-12,-11.650469901024437,Alzheimer's
10.25390625,F3,2.2531200158643087e-12,-11.647215674303954,Alzheimer's
10.498046875,F3,2.380766696643499e-12,-11.623283161220373,Alzheimer's
10.7421875,F3,2.148797595133325e-12,-11.66780449072381,Alzheimer's
10.986328125,F3,2.083042318615602e-12,-11.681301906934372,Alzheimer's
11.23046875,F3,1.948159103838168e-12,-11.71037557769492,Alzheimer's
11.474609375,F3,2.088937563057604e-12,-11.68007454059642,Alzheimer's
11.71875,F3,1.6833278821978929e-12,-11.773831282978351,Alzheimer's
11.962890625,F3,1.5713489393584236e-12,-11.80372736326645,Alzheimer's
12.20703125,F3,1.654459742829074e-12,-11.78134379585372,Alzheimer's
12.451171875,F3,1.5570968392309664e-12,-11.807684376875802,Alzheimer's
12.6953125,F3,1.6195277743253205e-12,-11.790611599594037,Alzheimer's
12.939453125,F3,1.579723370202426e-12,-11.801418956914516,Alzheimer's
13.18359375,F3,1.457605613793484e-12,-11.836359967734662,Alzheimer's
13.427734375,F3,1.4350059996430904e-12,-11.843146283176372,Alzheimer's
13.671875,F3,1.29543777078349e-12,-11.88758344447241,Alzheimer's
13.916015625,F3,1.191736923834687e-12,-11.923819604609728,Alzheimer's
14.16015625,F3,1.0644674503884501e-12,-11.972867614012236,Alzheimer's
14.404296875,F3,1.128727093967438e-12,-11.947411050024602,Alzheimer's
14.6484375,F3,9.593111869525716e-13,-12.01804049100022,Alzheimer's
14.892578125,F3,1.0720796636680392e-12,-11.969772942063043,Alzheimer's
15.13671875,F3,1.0554003570359495e-12,-11.976582763239511,Alzheimer's
15.380859375,F3,9.367020105424789e-13,-12.028398547596815,Alzheimer's
15.625,F3,9.756316508738518e-13,-12.0107141190011,Alzheimer's
15.869140625,F3,9.465570380860973e-13,-12.023853210987356,Alzheimer's
16.11328125,F3,9.810934140797366e-13,-12.008289639625234,Alzheimer's
16.357421875,F3,8.903830457414573e-13,-12.050423118227515,Alzheimer's
16.6015625,F3,8.478397612610148e-13,-12.071686220120553,Alzheimer's
16.845703125,F3,9.134945838682013e-13,-12.039294023246448,Alzheimer's
17.08984375,F3,7.072102403106729e-13,-12.15045145942284,Alzheimer's
17.333984375,F3,8.406529268220938e-13,-12.075383270643714,Alzheimer's
17.578125,F3,8.433186645583255e-13,-12.074008287642794,Alzheimer's
17.822265625,F3,7.874930699480122e-13,-12.103753259375289,Alzheimer's
18.06640625,F3,7.403461721838359e-13,-12.130565164707551,Alzheimer's
18.310546875,F3,7.448486271038812e-13,-12.127931978383431,Alzheimer's
18.5546875,F3,7.309581980139222e-13,-12.136107458734315,Alzheimer's
18.798828125,F3,6.83180617417989e-13,-12.165464463554152,Alzheimer's
19.04296875,F3,6.818840880751854e-13,-12.166289443800522,Alzheimer's
19.287109375,F3,5.951689409428289e-13,-12.2253597406495,Alzheimer's
19.53125,F3,6.09816716848985e-13,-12.214800674533183,Alzheimer's
19.775390625,F3,6.555469696120833e-13,-12.183396185876946,Alzheimer's
20.01953125,F3,5.958474360838909e-13,-12.224864925072954,Alzheimer's
20.263671875,F3,5.531660911643956e-13,-12.257144449805574,Alzheimer's
20.5078125,F3,5.791498884163194e-13,-12.237209022994934,Alzheimer's
20.751953125,F3,5.749830487680524e-13,-12.24034495867561,Alzheimer's
20.99609375,F3,5.612491817700866e-13,-12.250844279134268,Alzheimer's
21.240234375,F3,5.85915969231534e-13,-12.23216466506703,Alzheimer's
21.484375,F3,5.656780193547718e-13,-12.247430696384914,Alzheimer's
21.728515625,F3,6.000820203636191e-13,-12.221789385354956,Alzheimer's
21.97265625,F3,5.444341297336054e-13,-12.264054657365897,Alzheimer's
22.216796875,F3,5.382401827038465e-13,-12.269023882798352,Alzheimer's
22.4609375,F3,5.315729059466504e-13,-12.274437162977108,Alzheimer's
22.705078125,F3,5.170761257085683e-13,-12.286445513886004,Alzheimer's
22.94921875,F3,4.2563064383594453e-13,-12.37096711198706,Alzheimer's
23.193359375,F3,4.243847927693801e-13,-12.372240186822232,Alzheimer's
23.4375,F3,4.330256945982923e-13,-12.363486332997274,Alzheimer's
23.681640625,F3,3.894505953960629e-13,-12.409547627870095,Alzheimer's
23.92578125,F3,4.362952070572648e-13,-12.360219557950645,Alzheimer's
24.169921875,F3,4.1350085164947033e-13,-12.383523591634326,Alzheimer's
24.4140625,F3,3.990403762908773e-13,-12.39898315866623,Alzheimer's
24.658203125,F3,4.251271445218469e-13,-12.371481164287909,Alzheimer's
24.90234375,F3,4.0534106255668e-13,-12.392179398383988,Alzheimer's
25.146484375,F3,3.902879860761489e-13,-12.40861481705372,Alzheimer's
25.390625,F3,4.033159085635327e-13,-12.39435464715902,Alzheimer's
25.634765625,F3,4.032553157078944e-13,-12.394419899035368,Alzheimer's
25.87890625,F3,4.1774513488946134e-13,-12.37908859925136,Alzheimer's
26.123046875,F3,4.3863464752149686e-13,-12.357897066609484,Alzheimer's
26.3671875,F3,4.054459040738665e-13,-12.39206708258584,Alzheimer's
26.611328125,F3,3.509063240841688e-13,-12.45480880479654,Alzheimer's
26.85546875,F3,3.707710075707949e-13,-12.430894232845484,Alzheimer's
27.099609375,F3,3.868794877066939e-13,-12.41242429589765,Alzheimer's
27.34375,F3,3.3008315214719304e-13,-12.48137664203211,Alzheimer's
27.587890625,F3,3.99154533293444e-13,-12.39885893397868,Alzheimer's
27.83203125,F3,4.019893968465712e-13,-12.3957854020194,Alzheimer's
28.076171875,F3,3.9831682783011147e-13,-12.399771345412464,Alzheimer's
28.3203125,F3,4.08782106912361e-13,-12.388508122264966,Alzheimer's
28.564453125,F3,3.8159389164105993e-13,-12.418398585875211,Alzheimer's
28.80859375,F3,3.82564296056013e-13,-12.417295564233989,Alzheimer's
29.052734375,F3,3.3488506442601774e-13,-12.475104221173202,Alzheimer's
29.296875,F3,3.450521139142133e-13,-12.462115307604552,Alzheimer's
29.541015625,F3,3.5453574670108693e-13,-12.45033996975495,Alzheimer's
29.78515625,F3,3.319472471755008e-13,-12.47893092858792,Alzheimer's
30.029296875,F3,3.275202407189939e-13,-12.484761855486123,Alzheimer's
30.2734375,F3,3.935922505199301e-13,-12.40495346102719,Alzheimer's
30.517578125,F3,4.145386520040305e-13,-12.382434969168104,Alzheimer's
30.76171875,F3,3.699534628032003e-13,-12.431852903281388,Alzheimer's
31.005859375,F3,3.344589505458079e-13,-12.475657177284557,Alzheimer's
31.25,F3,3.286108398874449e-13,-12.483318114590384,Alzheimer's
31.494140625,F3,3.139109222128806e-13,-12.503193573200049,Alzheimer's
31.73828125,F3,3.393153732445023e-13,-12.469396463478937,Alzheimer's
31.982421875,F3,3.1823262704044106e-13,-12.49725529603696,Alzheimer's
32.2265625,F3,3.2262995098126353e-13,-12.491295317845688,Alzheimer's
32.470703125,F3,3.36945137887074e-13,-12.47244080610946,Alzheimer's
32.71484375,F3,3.2431034553992323e-13,-12.489039197058643,Alzheimer's
32.958984375,F3,3.081385385813109e-13,-12.511253981506124,Alzheimer's
33.203125,F3,3.0608552752222874e-13,-12.514157204430193,Alzheimer's
33.447265625,F3,3.0772581791465133e-13,-12.511836065314156,Alzheimer's
33.69140625,F3,3.20153438862281e-13,-12.494641828929954,Alzheimer's
33.935546875,F3,3.4979624286943533e-13,-12.456184859550982,Alzheimer's
34.1796875,F3,3.2167703506377705e-13,-12.49257994283158,Alzheimer's
34.423828125,F3,3.0171939041595045e-13,-12.520396778389662,Alzheimer's
34.66796875,F3,3.41955005924167e-13,-12.466031034190552,Alzheimer's
34.912109375,F3,2.963365933523768e-13,-12.52821471602,Alzheimer's
35.15625,F3,2.8726353164246125e-13,-12.541719504574449,Alzheimer's
35.400390625,F3,2.597168637431589e-13,-12.585499850167308,Alzheimer's
35.64453125,F3,2.740372028104679e-13,-12.562190474119296,Alzheimer's
35.888671875,F3,3.1052891581017493e-13,-12.507897953000786,Alzheimer's
36.1328125,F3,2.763627161387964e-13,-12.558520547648678,Alzheimer's
36.376953125,F3,2.810644666888494e-13,-12.551194056194047,Alzheimer's
36.62109375,F3,2.7919200074457144e-13,-12.554097029036912,Alzheimer's
36.865234375,F3,2.752760802603551e-13,-12.56023152439402,Alzheimer's
37.109375,F3,2.7910069520898124e-13,-12.554239081730472,Alzheimer's
37.353515625,F3,3.0325833024851375e-13,-12.51818726059734,Alzheimer's
37.59765625,F3,2.863927721261757e-13,-12.543037946787814,Alzheimer's
37.841796875,F3,2.8460641698255493e-13,-12.545755312162148,Alzheimer's
38.0859375,F3,2.680796608520309e-13,-12.571736134599018,Alzheimer's
38.330078125,F3,2.820570632718863e-13,-12.549663020201676,Alzheimer's
38.57421875,F3,2.8060789952879493e-13,-12.551900107101403,Alzheimer's
38.818359375,F3,2.916265007338721e-13,-12.535173013277443,Alzheimer's
39.0625,F3,2.532694309085707e-13,-12.596417225483371,Alzheimer's
39.306640625,F3,3.060617869627897e-13,-12.51419089041957,Alzheimer's
39.55078125,F3,2.7897485814238133e-13,-12.55443493458316,Alzheimer's
39.794921875,F3,2.764000904104925e-13,-12.558461819240057,Alzheimer's
0.0,F4,8.238654722698184e-10,-9.084143697793971,Alzheimer's
0.244140625,F4,7.6249283128872e-09,-8.117764235058404,Alzheimer's
0.48828125,F4,2.501190186401828e-09,-8.601853283973416,Alzheimer's
0.732421875,F4,9.065159291495527e-10,-9.04262456014986,Alzheimer's
0.9765625,F4,5.292082080389868e-10,-9.276373428508734,Alzheimer's
1.220703125,F4,3.2906588895311926e-10,-9.48271713443984,Alzheimer's
1.46484375,F4,2.26354549524238e-10,-9.645210772149884,Alzheimer's
1.708984375,F4,1.5972803907508888e-10,-9.796618839987277,Alzheimer's
1.953125,F4,1.3558444365817378e-10,-9.867790136582355,Alzheimer's
2.197265625,F4,9.661560112005583e-11,-10.01495273969959,Alzheimer's
2.44140625,F4,7.493669186852265e-11,-10.125305483045766,Alzheimer's
2.685546875,F4,6.410286807174709e-11,-10.19312253896998,Alzheimer's
2.9296875,F4,5.1821619401603476e-11,-10.285489019636737,Alzheimer's
3.173828125,F4,4.24028756050795e-11,-10.372604690174468,Alzheimer's
3.41796875,F4,3.6765318868947525e-11,-10.434561663000446,Alzheimer's
3.662109375,F4,3.0756482131402413e-11,-10.512063339816304,Alzheimer's
3.90625,F4,2.4882710888671703e-11,-10.604102306462888,Alzheimer's
4.150390625,F4,2.2663597479150055e-11,-10.644671151783434,Alzheimer's
4.39453125,F4,1.8436217985338128e-11,-10.73432816552529,Alzheimer's
4.638671875,F4,1.5888237564494494e-11,-10.798924275131569,Alzheimer's
4.8828125,F4,1.3727186073290635e-11,-10.862418479375751,Alzheimer's
5.126953125,F4,1.179595875484252e-11,-10.928266754649878,Alzheimer's
5.37109375,F4,1.0985361631562283e-11,-10.959185641792455,Alzheimer's
5.615234375,F4,1.0277392477151151e-11,-10.9881170581452,Alzheimer's
5.859375,F4,9.316174203371814e-12,-11.030762399178172,Alzheimer's
6.103515625,F4,8.630107835603977e-12,-11.063983777620228,Alzheimer's
6.34765625,F4,7.710722926212613e-12,-11.11290490234508,Alzheimer's
6.591796875,F4,6.317254696870886e-12,-11.199471613019243,Alzheimer's
6.8359375,F4,5.222247516388536e-12,-11.282142547975686,Alzheimer's
7.080078125,F4,5.3460272953532536e-12,-11.271968828184974,Alzheimer's
7.32421875,F4,4.950412274724411e-12,-11.30535863113068,Alzheimer's
7.568359375,F4,5.1380265082986015e-12,-11.289203659435552,Alzheimer's
7.8125,F4,4.489735772759474e-12,-11.347779217083344,Alzheimer's
8.056640625,F4,4.8048598350647044e-12,-11.318319276829111,Alzheimer's
8.30078125,F4,4.504917138816289e-12,-11.346313192806074,Alzheimer's
8.544921875,F4,3.614465657267261e-12,-11.441955897332887,Alzheimer's
8.7890625,F4,3.65656736771612e-12,-11.436926420829137,Alzheimer's
9.033203125,F4,3.354470251709635e-12,-11.47437605520431,Alzheimer's
9.27734375,F4,3.175445053987345e-12,-11.498195397633316,Alzheimer's
9.521484375,F4,3.287395813642946e-12,-11.48314800223662,Alzheimer's
9.765625,F4,2.817945915629731e-12,-11.550067346488897,Alzheimer's
10.009765625,F4,2.306587244425654e-12,-11.637030113977431,Alzheimer's
10.25390625,F4,2.294192731272516e-12,-11.639370100553233,Alzheimer's
10.498046875,F4,2.4226869142262495e-12,-11.615702706460668,Alzheimer's
10.7421875,F4,2.16906037583543e-12,-11.663728359222674,Alzheimer's
10.986328125,F4,2.1001958981299546e-12,-11.677740194071374,Alzheimer's
11.23046875,F4,1.9467086559321507e-12,-11.710699040050946,Alzheimer's
11.474609375,F4,1.9878057769719026e-12,-11.70162605158359,Alzheimer's
11.71875,F4,1.7341560198779897e-12,-11.760911832163206,Alzheimer's
11.962890625,F4,1.4658473784513341e-12,-11.833911245347624,Alzheimer's
12.20703125,F4,1.7029308603230218e-12,-11.76880298420988,Alzheimer's
12.451171875,F4,1.6017992766262418e-12,-11.795391906800637,Alzheimer's
12.6953125,F4,1.5122274048167648e-12,-11.820382895851331,Alzheimer's
12.939453125,F4,1.4983078206192317e-12,-11.824398953617235,Alzheimer's
13.18359375,F4,1.3223504855866236e-12,-11.878653420960427,Alzheimer's
13.427734375,F4,1.281964548392638e-12,-11.89212398468486,Alzheimer's
13.671875,F4,1.3076989265486802e-12,-11.883492232761986,Alzheimer's
13.916015625,F4,1.2610933749543738e-12,-11.89925275583287,Alzheimer's
14.16015625,F4,1.2399589263755136e-12,-11.90659270059898,Alzheimer's
14.404296875,F4,1.1509752962223325e-12,-11.93893399768164,Alzheimer's
14.6484375,F4,9.713101770313206e-13,-12.012642060862282,Alzheimer's
14.892578125,F4,1.0260987733125814e-12,-11.988810831582969,Alzheimer's
15.13671875,F4,1.028098302566373e-12,-11.987965357888372,Alzheimer's
15.380859375,F4,9.404934247478878e-13,-12.026644236376963,Alzheimer's
15.625,F4,9.408149369023858e-13,-12.026495796111911,Alzheimer's
15.869140625,F4,9.304136515207398e-13,-12.031323926034734,Alzheimer's
16.11328125,F4,1.004843033970448e-12,-11.997901773869923,Alzheimer's
16.357421875,F4,8.173995858121725e-13,-12.087565586687472,Alzheimer's
16.6015625,F4,7.73802759567384e-13,-12.11136972581308,Alzheimer's
16.845703125,F4,8.473272499093832e-13,-12.07194882652717,Alzheimer's
17.08984375,F4,7.844358335760932e-13,-12.10544257567622,Alzheimer's
17.333984375,F4,7.496788129443738e-13,-12.125124762798505,Alzheimer's
17.578125,F4,7.844301454453803e-13,-12.10544572486017,Alzheimer's
17.822265625,F4,7.69284993613046e-13,-12.113912739230798,Alzheimer's
18.06640625,F4,7.874087805317867e-13,-12.103799746625748,Alzheimer's
18.310546875,F4,7.41749992988627e-13,-12.12974244911628,Alzheimer's
18.5546875,F4,6.354074170208199e-13,-12.196947720021283,Alzheimer's
18.798828125,F4,7.008785792026456e-13,-12.154357213060042,Alzheimer's
19.04296875,F4,7.228937783088075e-13,-12.14092551305602,Alzheimer's
19.287109375,F4,6.379775571789555e-13,-12.195194598653089,Alzheimer's
19.53125,F4,6.128610025451858e-13,-12.212638012712612,Alzheimer's
19.775390625,F4,6.242340848476682e-13,-12.204652521385018,Alzheimer's
20.01953125,F4,5.622793935257491e-13,-12.250047832268727,Alzheimer's
20.263671875,F4,5.923516521871425e-13,-12.22742039587198,Alzheimer's
20.5078125,F4,5.719395962955368e-13,-12.24264983550898,Alzheimer's
20.751953125,F4,5.59140931718316e-13,-12.252478714200413,Alzheimer's
20.99609375,F4,5.843209055955563e-13,-12.233348575400544,Alzheimer's
21.240234375,F4,5.685136438077696e-13,-12.245259108180605,Alzheimer's
21.484375,F4,5.446824270928057e-13,-12.263856635998645,Alzheimer's
21.728515625,F4,5.682911041146898e-13,-12.245429142238114,Alzheimer's
21.97265625,F4,5.959877397418061e-13,-12.22476267418132,Alzheimer's
22.216796875,F4,5.088746782978218e-13,-12.293389159166264,Alzheimer's
22.4609375,F4,5.317554872328616e-13,-12.274288019878158,Alzheimer's
22.705078125,F4,5.191359553619971e-13,-12.28471889083885,Alzheimer's
22.94921875,F4,4.691692943429298e-13,-12.32867041883655,Alzheimer's
23.193359375,F4,4.648497924715175e-13,-12.3326873585923,Alzheimer's
23.4375,F4,4.654497413093217e-13,-12.332127206735093,Alzheimer's
23.681640625,F4,4.217342653151983e-13,-12.374961111736487,Alzheimer's
23.92578125,F4,4.749711317993087e-13,-12.323332785493568,Alzheimer's
24.169921875,F4,4.617181754664698e-13,-12.33562302917546,Alzheimer's
24.4140625,F4,4.0694739016204564e-13,-12.390461732394312,Alzheimer's
24.658203125,F4,4.1930377218127523e-13,-12.377471230536704,Alzheimer's
24.90234375,F4,4.4599835178936e-13,-12.350666746243258,Alzheimer's
25.146484375,F4,4.2531525030651574e-13,-12.37128904473666,Alzheimer's
25.390625,F4,3.987682452620169e-13,-12.39927943274896,Alzheimer's
25.634765625,F4,3.711486760587234e-13,-12.43045208430008,Alzheimer's
25.87890625,F4,3.849462590759952e-13,-12.414599896506656,Alzheimer's
26.123046875,F4,4.363343250315331e-13,-12.360180621105728,Alzheimer's
26.3671875,F4,4.2151053995135413e-13,-12.375191561287204,Alzheimer's
26.611328125,F4,3.996912551711676e-13,-12.398275353547383,Alzheimer's
26.85546875,F4,4.491016284090307e-13,-12.347655370215008,Alzheimer's
27.099609375,F4,4.04150299293399e-13,-12.393457095248646,Alzheimer's
27.34375,F4,3.896873967062501e-13,-12.40928363995902,Alzheimer's
27.587890625,F4,4.564583091340364e-13,-12.340598882839156,Alzheimer's
27.83203125,F4,4.2978251084760323e-13,-12.366751261243174,Alzheimer's
28.076171875,F4,3.785788794284822e-13,-12.421843618590724,Alzheimer's
28.3203125,F4,3.749544464869742e-13,-12.426021491848427,Alzheimer's
28.564453125,F4,3.835502356500245e-13,-12.41617774609104,Alzheimer's
28.80859375,F4,3.525345473770724e-13,-12.452798316970338,Alzheimer's
29.052734375,F4,3.57200916266265e-13,-12.447087435760892,Alzheimer's
29.296875,F4,3.5648375356725613e-13,-12.447960257949196,Alzheimer's
29.541015625,F4,3.255600693105312e-13,-12.487368867731083,Alzheimer's
29.78515625,F4,3.4632503420586177e-13,-12.46051611421287,Alzheimer's
30.029296875,F4,3.487194302686664e-13,-12.457523853532058,Alzheimer's
30.2734375,F4,3.63641971652905e-13,-12.439325996172652,Alzheimer's
30.517578125,F4,3.471874723088564e-13,-12.459435954017705,Alzheimer's
30.76171875,F4,3.195174881565693e-13,-12.495505366607166,Alzheimer's
31.005859375,F4,3.6457420105778324e-13,-12.438214067262692,Alzheimer's
31.25,F4,3.0646789432209814e-13,-12.513615015596066,Alzheimer's
31.494140625,F4,2.905042596000799e-13,-12.536847495262473,Alzheimer's
31.73828125,F4,3.326410664219136e-13,-12.478024135695357,Alzheimer's
31.982421875,F4,3.3566540057270534e-13,-12.474093422275256,Alzheimer's
32.2265625,F4,3.327301437294394e-13,-12.47790785238534,Alzheimer's
32.470703125,F4,3.016631258239079e-13,-12.52047777311942,Alzheimer's
32.71484375,F4,3.4230621534004624e-13,-12.465585215196391,Alzheimer's
32.958984375,F4,3.1947864753399173e-13,-12.495558162757682,Alzheimer's
33.203125,F4,2.874624935864828e-13,-12.54141881146484,Alzheimer's
33.447265625,F4,2.877093079647313e-13,-12.541046087597577,Alzheimer's
33.69140625,F4,3.017444305953617e-13,-12.520360737084877,Alzheimer's
33.935546875,F4,2.902820877404519e-13,-12.537179762085955,Alzheimer's
34.1796875,F4,2.8721224285225804e-13,-12.541797051582057,Alzheimer's
34.423828125,F4,2.520181773427399e-13,-12.598568133682964,Alzheimer's
34.66796875,F4,3.0359781662843793e-13,-12.51770135606256,Alzheimer's
34.912109375,F4,2.704976115463355e-13,-12.56783656529614,Alzheimer's
35.15625,F4,2.700891865829871e-13,-12.568492803081517,Alzheimer's
35.400390625,F4,2.3596411390966666e-13,-12.62715404074203,Alzheimer's
35.64453125,F4,2.401078272042436e-13,-12.619593682274482,Alzheimer's
35.888671875,F4,2.492945788697175e-13,-12.603287165509728,Alzheimer's
36.1328125,F4,2.3009833077549e-13,-12.63808653186427,Alzheimer's
36.376953125,F4,2.523114613088746e-13,-12.59806302110294,Alzheimer's
36.62109375,F4,3.043979764660042e-13,-12.51655823893356,Alzheimer's
36.865234375,F4,2.7374328517846085e-13,-12.562656525104185,Alzheimer's
37.109375,F4,2.659887563934418e-13,-12.575136721036184,Alzheimer's
37.353515625,F4,2.461292267881284e-13,-12.608836812631385,Alzheimer's
37.59765625,F4,2.137849126282132e-13,-12.670022947366329,Alzheimer's
37.841796875,F4,2.4091065811987293e-13,-12.618143985969876,Alzheimer's
38.0859375,F4,2.554259173222503e-13,-12.592735038243411,Alzheimer's
38.330078125,F4,2.9778019994302953e-13,-12.526104182814072,Alzheimer's
38.57421875,F4,3.46345021215834e-13,-12.460491051058847,Alzheimer's
38.818359375,F4,3.217446889742876e-13,-12.4924886132447,Alzheimer's
39.0625,F4,2.6542318860038666e-13,-12.576061137834554,Alzheimer's
39.306640625,F4,2.648818431380756e-13,-12.57694781027656,Alzheimer's
39.55078125,F4,2.674584770307235e-13,-12.57274363269391,Alzheimer's
39.794921875,F4,2.547009933148684e-13,-12.59396936131701,Alzheimer's
0.0,C3,4.605326848064952e-10,-9.336739541737762,Alzheimer's
0.244140625,C3,3.350094453410562e-09,-8.474942948182042,Alzheimer's
0.48828125,C3,1.635952805222733e-09,-8.786229229226421,Alzheimer's
0.732421875,C3,8.05390265531934e-10,-9.093993623861085,Alzheimer's
0.9765625,C3,4.680813994974539e-10,-9.329678616416068,Alzheimer's
1.220703125,C3,3.038273991684515e-10,-9.51737306401138,Alzheimer's
1.46484375,C3,2.1084891120331616e-10,-9.676028637284226,Alzheimer's
1.708984375,C3,1.5221477061136248e-10,-9.817543202468473,Alzheimer's
1.953125,C3,1.2765653906440612e-10,-9.893956934037544,Alzheimer's
2.197265625,C3,9.30455717575702e-11,-10.03130429106642,Alzheimer's
2.44140625,C3,7.045365726823659e-11,-10.152096457626476,Alzheimer's
2.685546875,C3,5.7475289019078616e-11,-10.240518836168723,Alzheimer's
2.9296875,C3,4.6267517872066464e-11,-10.334723798606428,Alzheimer's
3.173828125,C3,3.8707459020034077e-11,-10.412205337329926,Alzheimer's
3.41796875,C3,3.3759435585441375e-11,-10.471604822833626,Alzheimer's
3.662109375,C3,2.8677179403833968e-11,-10.54246356672776,Alzheimer's
3.90625,C3,2.2182704459325825e-11,-10.653985506872122,Alzheimer's
4.150390625,C3,2.0162525233660527e-11,-10.695455076077494,Alzheimer's
4.39453125,C3,1.6824955284810755e-11,-10.774046081314134,Alzheimer's
4.638671875,C3,1.4615285944237674e-11,-10.835192683365747,Alzheimer's
4.8828125,C3,1.3227415021293939e-11,-10.878525019884862,Alzheimer's
5.126953125,C3,1.0481290118209618e-11,-10.979585257740125,Alzheimer's
5.37109375,C3,9.69584246233443e-12,-11.01341444952006,Alzheimer's
5.615234375,C3,8.17055299955069e-12,-11.08774854854399,Alzheimer's
5.859375,C3,7.786859157533106e-12,-11.108637680403294,Alzheimer's
6.103515625,C3,7.358415673655134e-12,-11.133215682708244,Alzheimer's
6.34765625,C3,7.1260839290763954e-12,-11.147149066952712,Alzheimer's
6.591796875,C3,5.657325538566976e-12,-11.247388830003532,Alzheimer's
6.8359375,C3,4.930188391657828e-12,-11.307136485206703,Alzheimer's
7.080078125,C3,5.259297870389469e-12,-11.27907223139171,Alzheimer's
7.32421875,C3,4.93242626702622e-12,-11.306939398131115,Alzheimer's
7.568359375,C3,4.433718986072776e-12,-11.35323183640544,Alzheimer's
7.8125,C3,3.918461406999493e-12,-11.406884426249562,Alzheimer's
8.056640625,C3,3.87347000316954e-12,-11.411899802936803,Alzheimer's
8.30078125,C3,3.5597175897194148e-12,-11.448584455423628,Alzheimer's
8.544921875,C3,2.885047076338377e-12,-11.53984709591304,Alzheimer's
8.7890625,C3,2.8733179676866088e-12,-11.54161631136598,Alzheimer's
9.033203125,C3,2.6841552356942375e-12,-11.571192370747518,Alzheimer's
9.27734375,C3,2.566124761509887e-12,-11.590722232638363,Alzheimer's
9.521484375,C3,2.622683966057793e-12,-11.581254038828746,Alzheimer's
9.765625,C3,2.2684836487872245e-12,-11.644264346777984,Alzheimer's
10.009765625,C3,1.9142912488886213e-12,-11.717991986014509,Alzheimer's
10.25390625,C3,2.004411518473368e-12,-11.698013110222591,Alzheimer's
10.498046875,C3,2.114900202111381e-12,-11.674710121288902,Alzheimer's
10.7421875,C3,1.8496403710960504e-12,-11.732912704046274,Alzheimer's
10.986328125,C3,1.8151734751227978e-12,-11.741081863361536,Alzheimer's
11.23046875,C3,1.6546122978812129e-12,-11.781303752109393,Alzheimer's
11.474609375,C3,1.7270142401426257e-12,-11.76270408143088,Alzheimer's
11.71875,C3,1.4087784612628412e-12,-11.8511572968947,Alzheimer's
11.962890625,C3,1.2659024343226612e-12,-11.897599764988572,Alzheimer's
12.20703125,C3,1.3770272041857044e-12,-11.86105747985126,Alzheimer's
12.451171875,C3,1.3427340640722112e-12,-11.872009993245198,Alzheimer's
12.6953125,C3,1.3957537680226277e-12,-11.85519119104033,Alzheimer's
12.939453125,C3,1.3546573588142776e-12,-11.868170539471471,Alzheimer's
13.18359375,C3,1.1953794055958085e-12,-11.922494230611374,Alzheimer's
13.427734375,C3,1.1935162404386758e-12,-11.923171667076234,Alzheimer's
13.671875,C3,1.0858616194248476e-12,-11.964225517057876,Alzheimer's
13.916015625,C3,9.755507501234057e-13,-12.010750132804322,Alzheimer's
14.16015625,C3,8.94703252127185e-13,-12.048320984051218,Alzheimer's
14.404296875,C3,9.726022258266992e-13,-12.012064740871947,Alzheimer's
14.6484375,C3,8.469490887554318e-13,-12.072142694907916,Alzheimer's
14.892578125,C3,8.310668944114716e-13,-12.080364017486026,Alzheimer's
15.13671875,C3,8.51989922052719e-13,-12.069565542349238,Alzheimer's
15.380859375,C3,8.947964000943446e-13,-12.048275771806416,Alzheimer's
15.625,C3,8.543049208259835e-13,-12.06838709207855,Alzheimer's
15.869140625,C3,8.002338373828686e-13,-12.09678308870063,Alzheimer's
16.11328125,C3,7.708077542365254e-13,-12.113053925042538,Alzheimer's
16.357421875,C3,7.543496952702934e-13,-12.122427280762452,Alzheimer's
16.6015625,C3,6.981302094225589e-13,-12.156063568838391,Alzheimer's
16.845703125,C3,7.087411637703304e-13,-12.149512342631253,Alzheimer's
17.08984375,C3,6.084552914924138e-13,-12.2157713276582,Alzheimer's
17.333984375,C3,6.637027125955951e-13,-12.178026407364902,Alzheimer's
17.578125,C3,6.698062212864625e-13,-12.174050822968391,Alzheimer's
17.822265625,C3,6.601961582039553e-13,-12.18032700723333,Alzheimer's
18.06640625,C3,6.042844733808931e-13,-12.2187585644668,Alzheimer's
18.310546875,C3,5.99528211939398e-13,-12.222190375532069,Alzheimer's
18.5546875,C3,5.313537596394946e-13,-12.274616242186156,Alzheimer's
18.798828125,C3,5.458461011202077e-13,-12.262929787433794,Alzheimer's
19.04296875,C3,5.498840746221249e-13,-12.259728857884742,Alzheimer's
19.287109375,C3,5.164262131845983e-13,-12.286991721571198,Alzheimer's
19.53125,C3,4.832222806574371e-13,-12.315853049255525,Alzheimer's
19.775390625,C3,5.128368180484996e-13,-12.29002080310448,Alzheimer's
20.01953125,C3,4.502772487325569e-13,-12.346519996185028,Alzheimer's
20.263671875,C3,4.0523841952476313e-13,-12.392289387110797,Alzheimer's
20.5078125,C3,4.084509460880407e-13,-12.388860093654202,Alzheimer's
20.751953125,C3,4.3167388963861973e-13,-12.364844219420652,Alzheimer's
20.99609375,C3,4.505211857260498e-13,-12.346284781538236,Alzheimer's
21.240234375,C3,4.903832466835665e-13,-12.309464375351723,Alzheimer's
21.484375,C3,4.697987428396118e-13,-12.328088149709435,Alzheimer's
21.728515625,C3,4.386623570827768e-13,-12.35786963209301,Alzheimer's
21.97265625,C3,4.124663760047268e-13,-12.384611449079614,Alzheimer's
22.216796875,C3,4.051281712243192e-13,-12.392407556416796,Alzheimer's
22.4609375,C3,4.1604353359769083e-13,-12.38086122367118,Alzheimer's
22.705078125,C3,4.087804541751758e-13,-12.388509878154176,Alzheimer's
22.94921875,C3,3.515891871231316e-13,-12.453964489812622,Alzheimer's
23.193359375,C3,3.33514684025486e-13,-12.476885040155675,Alzheimer's
23.4375,C3,3.3335819663483694e-13,-12.4770888619438,Alzheimer's
23.681640625,C3,3.1871353932891666e-13,-12.496599486790029,Alzheimer's
23.92578125,C3,3.145167355496424e-13,-12.502356240636876,Alzheimer's
24.169921875,C3,3.175847495735507e-13,-12.49814036057452,Alzheimer's
24.4140625,C3,2.846853291707216e-13,-12.545634912987817,Alzheimer's
24.658203125,C3,2.9278860645788336e-13,-12.53344582737029,Alzheimer's
24.90234375,C3,2.738088101645621e-13,-12.56255258197158,Alzheimer's
25.146484375,C3,2.9867114061478185e-13,-12.524806739489147,Alzheimer's
25.390625,C3,3.114861472158382e-13,-12.506561263038511,Alzheimer's
25.634765625,C3,2.6835905325577334e-13,-12.571283748941491,Alzheimer's
25.87890625,C3,2.7238858448488654e-13,-12.5648110971965,Alzheimer's
26.123046875,C3,3.093095336326318e-13,-12.509606693833758,Alzheimer's
26.3671875,C3,2.917138340753038e-13,-12.535042974648912,Alzheimer's
26.611328125,C3,2.62563614039548e-13,-12.580765458432088,Alzheimer's
26.85546875,C3,2.579073101178441e-13,-12.588536348056522,Alzheimer's
27.099609375,C3,2.583875739992924e-13,-12.58772837563554,Alzheimer's
27.34375,C3,2.370677153641475e-13,-12.625127585599513,Alzheimer's
27.587890625,C3,2.6034532590060084e-13,-12.584450215006914,Alzheimer's
27.83203125,C3,2.499691467516131e-13,-12.602113592217648,Alzheimer's
28.076171875,C3,2.658598140767222e-13,-12.575347303299036,Alzheimer's
28.3203125,C3,2.848868118831736e-13,-12.545327654863485,Alzheimer's
28.564453125,C3,2.7732494600996295e-13,-12.557011062888096,Alzheimer's
28.80859375,C3,2.540601455955129e-13,-12.595063457363928,Alzheimer's
29.052734375,C3,2.2955541132477215e-13,-12.639112465124976,Alzheimer's
29.296875,C3,2.330926030687623e-13,-12.632471508107011,Alzheimer's
29.541015625,C3,2.3557376932349363e-13,-12.627873069030391,Alzheimer's
29.78515625,C3,2.340532531561603e-13,-12.630685318142817,Alzheimer's
30.029296875,C3,2.594086063289529e-13,-12.58601561954272,Alzheimer's
30.2734375,C3,2.833226426326452e-13,-12.547718716063882,Alzheimer's
30.517578125,C3,2.721066189343392e-13,-12.565260893972916,Alzheimer's
30.76171875,C3,2.4128906075598095e-13,-12.617462367113204,Alzheimer's
31.005859375,C3,2.397066063115009e-13,-12.620319996650142,Alzheimer's
31.25,C3,2.2599247747318425e-13,-12.645906016809498,Alzheimer's
31.494140625,C3,2.0771190989581362e-13,-12.682538600943282,Alzheimer's
31.73828125,C3,2.2850040596492245e-13,-12.64111302400477,Alzheimer's
31.982421875,C3,2.0033990585554698e-13,-12.698232534647172,Alzheimer's
32.2265625,C3,1.9529675021600385e-13,-12.709304983414652,Alzheimer's
32.470703125,C3,2.1745521142392494e-13,-12.662630179787412,Alzheimer's
32.71484375,C3,2.213225944276873e-13,-12.654974247462835,Alzheimer's
32.958984375,C3,2.0789536898549975e-13,-12.6821551847736,Alzheimer's
33.203125,C3,2.147588861148722e-13,-12.668048857248468,Alzheimer's
33.447265625,C3,1.871647969119345e-13,-12.727775832652297,Alzheimer's
33.69140625,C3,1.985797470003075e-13,-12.70206504695106,Alzheimer's
33.935546875,C3,1.8888440744114974e-13,-12.723803891955177,Alzheimer's
34.1796875,C3,1.992220964865373e-13,-12.700662493974734,Alzheimer's
34.423828125,C3,1.850811553736393e-13,-12.732637798069751,Alzheimer's
34.66796875,C3,2.037668843845166e-13,-12.69086639490104,Alzheimer's
34.912109375,C3,1.840379237012289e-13,-12.735092675049632,Alzheimer's
35.15625,C3,1.7668178138684432e-13,-12.752808230635196,Alzheimer's
35.400390625,C3,1.6059888745885413e-13,-12.79425746760126,Alzheimer's
35.64453125,C3,1.479448905410409e-13,-12.82990002913903,Alzheimer's
35.888671875,C3,1.570230658182819e-13,-12.804036547451805,Alzheimer's
36.1328125,C3,1.5039935638541576e-13,-12.822754022247436,Alzheimer's
36.376953125,C3,1.5602615209838477e-13,-12.806802601901229,Alzheimer's
36.62109375,C3,1.684745631058712e-13,-12.773465661182438,Alzheimer's
36.865234375,C3,1.559692675205313e-13,-12.806960967421922,Alzheimer's
37.109375,C3,1.494321888444585e-13,-12.82555584206694,Alzheimer's
37.353515625,C3,1.4918695898352264e-13,-12.826269138586056,Alzheimer's
37.59765625,C3,1.535666559895067e-13,-12.813703072662545,Alzheimer's
37.841796875,C3,1.407551371754772e-13,-12.851535745632932,Alzheimer's
38.0859375,C3,1.471837869352181e-13,-12.832140027174948,Alzheimer's
38.330078125,C3,1.4891308930141394e-13,-12.827067126549146,Alzheimer's
38.57421875,C3,1.426450648349158e-13,-12.845743249257795,Alzheimer's
38.818359375,C3,1.4972286445602305e-13,-12.82471187267741,Alzheimer's
39.0625,C3,1.5442075306452374e-13,-12.811294333950151,Alzheimer's
39.306640625,C3,1.5336407667399888e-13,-12.81427635570191,Alzheimer's
39.55078125,C3,1.3850948267243214e-13,-12.858520492799284,Alzheimer's
39.794921875,C3,1.466047911984071e-13,-12.833851836263593,Alzheimer's
0.0,C4,4.5057800128700064e-10,-9.346230015792145,Alzheimer's
0.244140625,C4,3.404352535308084e-09,-8.467965473202195,Alzheimer's
0.48828125,C4,1.666667956039183e-09,-8.778150914403351,Alzheimer's
0.732421875,C4,8.061246968754651e-10,-9.09359777336096,Alzheimer's
0.9765625,C4,4.67025150900224e-10,-9.33065973056224,Alzheimer's
1.220703125,C4,3.0316902154975046e-10,-9.518315177899302,Alzheimer's
1.46484375,C4,2.0779197190447084e-10,-9.68237123553216,Alzheimer's
1.708984375,C4,1.534275924050554e-10,-9.814096529880768,Alzheimer's
1.953125,C4,1.285953292133747e-10,-9.890774805390771,Alzheimer's
2.197265625,C4,9.271342878091088e-11,-10.032857357300315,Alzheimer's
2.44140625,C4,6.99191088572768e-11,-10.155404115568642,Alzheimer's
2.685546875,C4,5.863213300290285e-11,-10.23186430614711,Alzheimer's
2.9296875,C4,4.7956569215762216e-11,-10.31915189362902,Alzheimer's
3.173828125,C4,3.895664137274367e-11,-10.409418492659952,Alzheimer's
3.41796875,C4,3.3118668434716006e-11,-10.479927132728957,Alzheimer's
3.662109375,C4,2.869650518388641e-11,-10.542170990784172,Alzheimer's
3.90625,C4,2.2790461008971734e-11,-10.64224688975479,Alzheimer's
4.150390625,C4,2.0917052233846223e-11,-10.679499519077098,Alzheimer's
4.39453125,C4,1.6997210054827384e-11,-10.76962235845875,Alzheimer's
4.638671875,C4,1.4532095007366647e-11,-10.837671771486436,Alzheimer's
4.8828125,C4,1.2608635465532524e-11,-10.899331911194976,Alzheimer's
5.126953125,C4,1.0205153512590938e-11,-10.991180457957247,Alzheimer's
5.37109375,C4,9.283512469592564e-12,-11.032287674907764,Alzheimer's
5.615234375,C4,8.608797203350096e-12,-11.06505752269711,Alzheimer's
5.859375,C4,7.883620790208274e-12,-11.103274273875194,Alzheimer's
6.103515625,C4,7.545531618490186e-12,-11.122310156704389,Alzheimer's
6.34765625,C4,6.830647615866288e-12,-11.165538118768875,Alzheimer's
6.591796875,C4,5.5924414748776726e-12,-11.252398552116569,Alzheimer's
6.8359375,C4,4.577871242754287e-12,-11.339336426460012,Alzheimer's
7.080078125,C4,4.9698771533628836e-12,-11.303654346131053,Alzheimer's
7.32421875,C4,4.615012367446053e-12,-11.335827130801368,Alzheimer's
7.568359375,C4,4.338068986479354e-12,-11.362703545865145,Alzheimer's
7.8125,C4,3.735301669658692e-12,-11.427674318031302,Alzheimer's
8.056640625,C4,3.753176324051395e-12,-11.425601031972812,Alzheimer's
8.30078125,C4,3.602792143580084e-12,-11.443360792970452,Alzheimer's
8.544921875,C4,2.912737442658228e-12,-11.535698661388066,Alzheimer's
8.7890625,C4,2.847046465600432e-12,-11.54560544483436,Alzheimer's
9.033203125,C4,2.729454889019497e-12,-11.563924079087204,Alzheimer's
9.27734375,C4,2.644477429458088e-12,-11.5776601353206,Alzheimer's
9.521484375,C4,2.6912371474330818e-12,-11.570048031227804,Alzheimer's
9.765625,C4,2.387222152119398e-12,-11.622107164172832,Alzheimer's
10.009765625,C4,1.9022470488071597e-12,-11.720733081002026,Alzheimer's
10.25390625,C4,2.023513115898599e-12,-11.693893976276652,Alzheimer's
10.498046875,C4,2.2157461819038525e-12,-11.654479990384022,Alzheimer's
10.7421875,C4,1.8628996794950928e-12,-11.72981053201455,Alzheimer's
10.986328125,C4,1.808384155586701e-12,-11.74270930675354,Alzheimer's
11.23046875,C4,1.620249918806624e-12,-11.790417991638018,Alzheimer's
11.474609375,C4,1.5809705611302394e-12,-11.80107621688482,Alzheimer's
11.71875,C4,1.4150384958064965e-12,-11.849231745094515,Alzheimer's
11.962890625,C4,1.2690411095826237e-12,-11.89652430905131,Alzheimer's
12.20703125,C4,1.4598003827813952e-12,-11.835706526807044,Alzheimer's
12.451171875,C4,1.4376405833103e-12,-11.842349675980504,Alzheimer's
12.6953125,C4,1.2739438371506674e-12,-11.894849717803806,Alzheimer's
12.939453125,C4,1.2736509124487605e-12,-11.894949588933022,Alzheimer's
13.18359375,C4,1.0991916098112254e-12,-11.95892659526505,Alzheimer's
13.427734375,C4,1.1038046283131221e-12,-11.957107789246445,Alzheimer's
13.671875,C4,1.1048548978960906e-12,-11.95669475472178,Alzheimer's
13.916015625,C4,1.060783830238675e-12,-11.974373108935191,Alzheimer's
14.16015625,C4,1.043895027023078e-12,-11.981343171330645,Alzheimer's
14.404296875,C4,9.391322394532373e-13,-12.027273250309806,Alzheimer's
14.6484375,C4,8.274858077730551e-13,-12.0822394460824,Alzheimer's
14.892578125,C4,8.084787876491569e-13,-12.092331370349754,Alzheimer's
15.13671875,C4,8.105384522327014e-13,-12.091226377241924,Alzheimer's
15.380859375,C4,8.822373671332562e-13,-12.05441455164025,Alzheimer's
15.625,C4,8.094330015572914e-13,-12.091819092874958,Alzheimer's
15.869140625,C4,7.571985818083277e-13,-12.120790208117372,Alzheimer's
16.11328125,C4,8.454887273522212e-13,-12.072892178345793,Alzheimer's
16.357421875,C4,7.412412634967085e-13,-12.13004041232924,Alzheimer's
16.6015625,C4,6.458231039989974e-13,-12.189886422372757,Alzheimer's
16.845703125,C4,7.244286435153397e-13,-12.140004386250412,Alzheimer's
17.08984375,C4,6.865967903401764e-13,-12.163298231118262,Alzheimer's
17.333984375,C4,6.527704393568333e-13,-12.185239520790484,Alzheimer's
17.578125,C4,6.203255465296658e-13,-12.207380333153251,Alzheimer's
17.822265625,C4,6.463334165051811e-13,-12.18954338975482,Alzheimer's
18.06640625,C4,6.52463594316122e-13,-12.18544371575782,Alzheimer's
18.310546875,C4,6.544573560935626e-13,-12.184118646464812,Alzheimer's
18.5546875,C4,5.260992068026115e-13,-12.278932352986168,Alzheimer's
18.798828125,C4,5.641954860693453e-13,-12.248570392804927,Alzheimer's
19.04296875,C4,5.968934320141624e-13,-12.22410319989154,Alzheimer's
19.287109375,C4,5.13852212979503e-13,-12.2891617687797,Alzheimer's
19.53125,C4,4.737757266727068e-13,-12.324427193596671,Alzheimer's
19.775390625,C4,4.948686636525696e-13,-12.30551004595374,Alzheimer's
20.01953125,C4,4.4020503863252013e-13,-12.356344990774549,Alzheimer's
20.263671875,C4,4.504167154865618e-13,-12.34638550068586,Alzheimer's
20.5078125,C4,4.3177115384549814e-13,-12.364746375767876,Alzheimer's
20.751953125,C4,4.227679024652432e-13,-12.373897992772806,Alzheimer's
20.99609375,C4,4.337061538502531e-13,-12.362804415609489,Alzheimer's
21.240234375,C4,4.3029403823925924e-13,-12.36623467106299,Alzheimer's
21.484375,C4,4.314305881729234e-13,-12.365089066920593,Alzheimer's
21.728515625,C4,3.9669396533435064e-13,-12.401544406135192,Alzheimer's
21.97265625,C4,4.254978762911017e-13,-12.371102603187754,Alzheimer's
22.216796875,C4,4.3376948305632283e-13,-12.36274100512597,Alzheimer's
22.4609375,C4,4.594549180495425e-13,-12.337757095383049,Alzheimer's
22.705078125,C4,4.192278544909883e-13,-12.377549869512295,Alzheimer's
22.94921875,C4,3.605748113776449e-13,-12.44300461500069,Alzheimer's
23.193359375,C4,3.335838640607666e-13,-12.4767949649853,Alzheimer's
23.4375,C4,3.3022335070575106e-13,-12.481192220218894,Alzheimer's
23.681640625,C4,2.957161567662511e-13,-12.52912494668545,Alzheimer's
23.92578125,C4,3.353944638848605e-13,-12.47444411025736,Alzheimer's
24.169921875,C4,3.4551119245690273e-13,-12.461537879567524,Alzheimer's
24.4140625,C4,3.02135842360134e-13,-12.5197977513375,Alzheimer's
24.658203125,C4,3.225011077067775e-13,-12.491468789338434,Alzheimer's
24.90234375,C4,3.0644278152810015e-13,-12.513650604298611,Alzheimer's
25.146484375,C4,2.807965115901555e-13,-12.551608291864728,Alzheimer's
25.390625,C4,2.836882053454668e-13,-12.547158720107786,Alzheimer's
25.634765625,C4,2.5839051117425613e-13,-12.587723438898028,Alzheimer's
25.87890625,C4,2.861570522742992e-13,-12.543395546536749,Alzheimer's
26.123046875,C4,3.011504652030528e-13,-12.521216461615223,Alzheimer's
26.3671875,C4,2.9920121591837525e-13,-12.52403664588255,Alzheimer's
26.611328125,C4,2.593538384714455e-13,-12.5861073200065,Alzheimer's
26.85546875,C4,2.6844197688728693e-13,-12.571149571569055,Alzheimer's
27.099609375,C4,2.732725410280642e-13,-12.563404004893904,Alzheimer's
27.34375,C4,2.682274032403157e-13,-12.571496854865842,Alzheimer's
27.587890625,C4,3.0056945402972484e-13,-12.522055157549511,Alzheimer's
27.83203125,C4,2.8070824171865163e-13,-12.551744836099491,Alzheimer's
28.076171875,C4,2.268394657733559e-13,-12.64428138418606,Alzheimer's
28.3203125,C4,2.456359165961841e-13,-12.609708130857062,Alzheimer's
28.564453125,C4,2.306351301128416e-13,-12.637074540700707,Alzheimer's
28.80859375,C4,2.2008521995343497e-13,-12.657409121954576,Alzheimer's
29.052734375,C4,2.0587450051621402e-13,-12.686397441487353,Alzheimer's
29.296875,C4,2.3861579372039633e-13,-12.622300814233938,Alzheimer's
29.541015625,C4,2.470590805082484e-13,-12.607199179248148,Alzheimer's
29.78515625,C4,2.2223877955166065e-13,-12.653180156575118,Alzheimer's
30.029296875,C4,2.2038364467128722e-13,-12.656820638915406,Alzheimer's
30.2734375,C4,2.2849286322734173e-13,-12.64112736018664,Alzheimer's
30.517578125,C4,2.541112961584596e-13,-12.594976028573234,Alzheimer's
30.76171875,C4,2.3688825474736297e-13,-12.625456471674289,Alzheimer's
31.005859375,C4,2.308726439705018e-13,-12.63662752345568,Alzheimer's
31.25,C4,2.363547772159352e-13,-12.626435615288074,Alzheimer's
31.494140625,C4,2.1311695510838162e-13,-12.671381997413484,Alzheimer's
31.73828125,C4,2.116971158339251e-13,-12.674285058777675,Alzheimer's
31.982421875,C4,2.0186242268429735e-13,-12.6949445187965,Alzheimer's
32.2265625,C4,2.138575701616196e-13,-12.669875371915335,Alzheimer's
32.470703125,C4,1.994722035154269e-13,-12.700117614768889,Alzheimer's
32.71484375,C4,2.097289772334872e-13,-12.678341561031155,Alzheimer's
32.958984375,C4,2.0682015634363338e-13,-12.684407137907703,Alzheimer's
33.203125,C4,2.0871254884961453e-13,-12.680451438177952,Alzheimer's
33.447265625,C4,1.8588702674267813e-13,-12.730750919053662,Alzheimer's
33.69140625,C4,1.7045898699380665e-13,-12.768380096817433,Alzheimer's
33.935546875,C4,1.852478890230276e-13,-12.732246732287226,Alzheimer's
34.1796875,C4,2.0391765068699746e-13,-12.690545180969304,Alzheimer's
34.423828125,C4,2.007924024781665e-13,-12.69725272391861,Alzheimer's
34.66796875,C4,1.838801165753966e-13,-12.735465229589796,Alzheimer's
34.912109375,C4,1.8143716233880402e-13,-12.741273755061416,Alzheimer's
35.15625,C4,1.754359238415776e-13,-12.75588147180976,Alzheimer's
35.400390625,C4,1.5088175863540253e-13,-12.82136326256274,Alzheimer's
35.64453125,C4,1.4174186005909985e-13,-12.848501872349846,Alzheimer's
35.888671875,C4,1.4699617241100924e-13,-12.832693973567604,Alzheimer's
36.1328125,C4,1.599850315254689e-13,-12.795920648781522,Alzheimer's
36.376953125,C4,1.9779103823821621e-13,-12.703793389846334,Alzheimer's
36.62109375,C4,1.6161378327508313e-13,-12.791521603059916,Alzheimer's
36.865234375,C4,1.6454706134347494e-13,-12.783709869393364,Alzheimer's
37.109375,C4,1.625204135998529e-13,-12.789092081103778,Alzheimer's
37.353515625,C4,1.3969184051494134e-13,-12.854828960548858,Alzheimer's
37.59765625,C4,1.681659541041665e-13,-12.774261924360514,Alzheimer's
37.841796875,C4,1.555285890870093e-13,-12.808189767785016,Alzheimer's
38.0859375,C4,1.511102566766888e-13,-12.820706056727074,Alzheimer's
38.330078125,C4,1.5731588247502839e-13,-12.80322742916908,Alzheimer's
38.57421875,C4,1.4148190473259445e-13,-12.849299102028851,Alzheimer's
38.818359375,C4,1.795267077164649e-13,-12.745870933430703,Alzheimer's
39.0625,C4,1.609786324915365e-13,-12.793231766246828,Alzheimer's
39.306640625,C4,1.397988682532748e-13,-12.854496344422577,Alzheimer's
39.55078125,C4,1.4682241892632352e-13,-12.833207625124256,Alzheimer's
39.794921875,C4,1.5922102725758225e-13,-12.797999578439375,Alzheimer's
0.0,P3,4.5326846469524817e-10,-9.343644495115702,Alzheimer's
0.244140625,P3,3.5401749527505357e-09,-8.450975274941257,Alzheimer's
0.48828125,P3,1.6839584085618195e-09,-8.773668639175538,Alzheimer's
0.732421875,P3,8.003168979790623e-10,-9.096738013267748,Alzheimer's
0.9765625,P3,4.673260033150498e-10,-9.33038005295377,Alzheimer's
1.220703125,P3,3.0237228660536893e-10,-9.51945801583586,Alzheimer's
1.46484375,P3,2.1050689333098256e-10,-9.676733678039286,Alzheimer's
1.708984375,P3,1.5357088002366906e-10,-9.813691127038757,Alzheimer's
1.953125,P3,1.2840095964787842e-10,-9.89143173040875,Alzheimer's
2.197265625,P3,9.25386222970827e-11,-10.033676970507493,Alzheimer's
2.44140625,P3,7.023575076776428e-11,-10.153441770933595,Alzheimer's
2.685546875,P3,5.767028414086253e-11,-10.239047908819645,Alzheimer's
2.9296875,P3,4.6902380901860784e-11,-10.32880511066882,Alzheimer's
3.173828125,P3,3.901755580900246e-11,-10.408739939757242,Alzheimer's
3.41796875,P3,3.34339570770867e-11,-10.47581221942776,Alzheimer's
3.662109375,P3,2.888476355261907e-11,-10.539331183193127,Alzheimer's
3.90625,P3,2.2586551948553295e-11,-10.64615006319262,Alzheimer's
4.150390625,P3,2.111739233043449e-11,-10.67535971144234,Alzheimer's
4.39453125,P3,1.753169294612936e-11,-10.756176144279168,Alzheimer's
4.638671875,P3,1.5304816729279063e-11,-10.81517186658539,Alzheimer's
4.8828125,P3,1.3398890639571294e-11,-10.872931157534964,Alzheimer's
5.126953125,P3,1.0757434966354751e-11,-10.968291270747487,Alzheimer's
5.37109375,P3,9.92400820426084e-12,-11.003312885364789,Alzheimer's
5.615234375,P3,8.224273892163871e-12,-11.084902434842634,Alzheimer's
5.859375,P3,7.882361836251214e-12,-11.103343632921266,Alzheimer's
6.103515625,P3,7.71463048776166e-12,-11.11268487076341,Alzheimer's
6.34765625,P3,7.406512248919387e-12,-11.130386254589338,Alzheimer's
6.591796875,P3,6.040656579923719e-12,-11.21891585383908,Alzheimer's
6.8359375,P3,5.347791614433601e-12,-11.271825524084852,Alzheimer's
7.080078125,P3,5.608941570206947e-12,-11.25111908412471,Alzheimer's
7.32421875,P3,5.398381629090816e-12,-11.267736417009994,Alzheimer's
7.568359375,P3,4.659716410304778e-12,-11.33164051360774,Alzheimer's
7.8125,P3,4.177063106024505e-12,-11.379128963472922,Alzheimer's
8.056640625,P3,3.93362333279942e-12,-11.40520722863594,Alzheimer's
8.30078125,P3,3.8471937986405824e-12,-11.414855935980606,Alzheimer's
8.544921875,P3,3.1107420196487066e-12,-11.507136004348936,Alzheimer's
8.7890625,P3,3.142001578698747e-12,-11.50279360108472,Alzheimer's
9.033203125,P3,2.973264031641496e-12,-11.526766522886064,Alzheimer's
9.27734375,P3,2.8688890141375217e-12,-11.542286252548696,Alzheimer's
9.521484375,P3,2.969777343024056e-12,-11.527276110386786,Alzheimer's
9.765625,P3,2.612744964899217e-12,-11.58290298053006,Alzheimer's
10.009765625,P3,2.2406357071218962e-12,-11.64962874732364,Alzheimer's
10.25390625,P3,2.3455924349510123e-12,-11.629747447731466,Alzheimer's
10.498046875,P3,2.379040627947653e-12,-11.623598141257052,Alzheimer's
10.7421875,P3,2.1341777291151706e-12,-11.67076941642048,Alzheimer's
10.986328125,P3,2.0558803476021336e-12,-11.68700216491425,Alzheimer's
11.23046875,P3,1.881282744847972e-12,-11.72554592784187,Alzheimer's
11.474609375,P3,1.845910170646319e-12,-11.733789437298109,Alzheimer's
11.71875,P3,1.6045051269628705e-12,-11.79465889084138,Alzheimer's
11.962890625,P3,1.486355595754007e-12,-11.827877277520956,Alzheimer's
12.20703125,P3,1.7019667569689325e-12,-11.769048926863622,Alzheimer's
12.451171875,P3,1.581545997714583e-12,-11.80091817253541,Alzheimer's
12.6953125,P3,1.463279918716049e-12,-11.83467258739116,Alzheimer's
12.939453125,P3,1.4707501780688345e-12,-11.83246109035897,Alzheimer's
13.18359375,P3,1.33584117201506e-12,-11.874245175257125,Alzheimer's
13.427734375,P3,1.320894677387198e-12,-11.87913180982916,Alzheimer's
13.671875,P3,1.1899241574277612e-12,-11.92448071849006,Alzheimer's
13.916015625,P3,1.0868904270066082e-12,-11.9638142363599,Alzheimer's
14.16015625,P3,9.968682554159222e-13,-12.001362233590555,Alzheimer's
14.404296875,P3,9.937937439430866e-13,-12.0027037415204,Alzheimer's
14.6484375,P3,9.058717232977381e-13,-12.042933296592706,Alzheimer's
14.892578125,P3,8.833764882362993e-13,-12.053854164014826,Alzheimer's
15.13671875,P3,8.927248716015131e-13,-12.0492823654739,Alzheimer's
15.380859375,P3,1.0244492898532597e-12,-11.989509534268125,Alzheimer's
15.625,P3,9.085362777944218e-13,-12.04165772665933,Alzheimer's
15.869140625,P3,8.428836978325894e-13,-12.074232345747802,Alzheimer's
16.11328125,P3,8.195579894981414e-13,-12.086420311613873,Alzheimer's
16.357421875,P3,7.603779729176236e-13,-12.118970472525804,Alzheimer's
16.6015625,P3,6.976696953585577e-13,-12.156350141037468,Alzheimer's
16.845703125,P3,7.138424104530133e-13,-12.14639765352442,Alzheimer's
17.08984375,P3,6.423727309217468e-13,-12.1922129033794,Alzheimer's
17.333984375,P3,6.972488112588448e-13,-12.156612217490975,Alzheimer's
17.578125,P3,6.638574561548682e-13,-12.177925162576472,Alzheimer's
17.822265625,P3,6.865628875945411e-13,-12.163319676221247,Alzheimer's
18.06640625,P3,6.362293319426237e-13,-12.196386312582984,Alzheimer's
18.310546875,P3,6.387118385815921e-13,-12.194695034079984,Alzheimer's
18.5546875,P3,5.476428227229772e-13,-12.26150259971783,Alzheimer's
18.798828125,P3,5.897679096785447e-13,-12.229318861876935,Alzheimer's
19.04296875,P3,5.735250402327439e-13,-12.24144761595364,Alzheimer's
19.287109375,P3,5.068041441077518e-13,-12.29515984257358,Alzheimer's
19.53125,P3,4.838381133104752e-13,-12.315299924009548,Alzheimer's
19.775390625,P3,5.11318177873414e-13,-12.291308767395142,Alzheimer's
20.01953125,P3,4.524383576780998e-13,-12.34444058274357,Alzheimer's
20.263671875,P3,4.0511404077283363e-13,-12.3924227044232,Alzheimer's
20.5078125,P3,4.09774722760106e-13,-12.387454834866944,Alzheimer's
20.751953125,P3,4.322907318404121e-13,-12.364224075485811,Alzheimer's
20.99609375,P3,4.481980138462046e-13,-12.348530072338097,Alzheimer's
21.240234375,P3,4.950551854190211e-13,-12.30534638614302,Alzheimer's
21.484375,P3,4.809642595191496e-13,-12.317887194874226,Alzheimer's
21.728515625,P3,4.295948528546242e-13,-12.366940930730816,Alzheimer's
21.97265625,P3,4.1546558068944763e-13,-12.3814649495834,Alzheimer's
22.216796875,P3,4.0982633872602393e-13,-12.387400133792823,Alzheimer's
22.4609375,P3,4.3251202508540377e-13,-12.36400181338845,Alzheimer's
22.705078125,P3,4.0998347870058485e-13,-12.387233643899137,Alzheimer's
22.94921875,P3,3.553689866246856e-13,-12.449320476152186,Alzheimer's
23.193359375,P3,3.295452074359048e-13,-12.482084999906908,Alzheimer's
23.4375,P3,3.1053786445484214e-13,-12.507885437931156,Alzheimer's
23.681640625,P3,3.164248035402737e-13,-12.499729480868202,Alzheimer's
23.92578125,P3,3.1131543325985e-13,-12.50679934891771,Alzheimer's
24.169921875,P3,3.1752508282234685e-13,-12.49822196202219,Alzheimer's
24.4140625,P3,3.025716391498206e-13,-12.519171781990188,Alzheimer's
24.658203125,P3,3.009375571863349e-13,-12.52152360866758,Alzheimer's
24.90234375,P3,2.652241798183456e-13,-12.576386884931727,Alzheimer's
25.146484375,P3,2.7416875017294e-13,-12.5619820477262,Alzheimer's
25.390625,P3,2.9996050845039984e-13,-12.522935918917122,Alzheimer's
25.634765625,P3,2.583754869996372e-13,-12.58774869178292,Alzheimer's
25.87890625,P3,2.6755321436748493e-13,-12.572589827071802,Alzheimer's
26.123046875,P3,3.097820436087741e-13,-12.508943759551746,Alzheimer's
26.3671875,P3,2.94715866897752e-13,-12.530596481996566,Alzheimer's
26.611328125,P3,2.4906058630916656e-13,-12.603694993871596,Alzheimer's
26.85546875,P3,2.571423826333092e-13,-12.589826336321773,Alzheimer's
27.099609375,P3,2.343857685553234e-13,-12.630068761363532,Alzheimer's
27.34375,P3,2.2413131706326133e-13,-12.649497456818253,Alzheimer's
27.587890625,P3,2.5610622142230814e-13,-12.59157987136929,Alzheimer's
27.83203125,P3,2.4797369418552797e-13,-12.605594388028692,Alzheimer's
28.076171875,P3,2.549462237046355e-13,-12.59355141647307,Alzheimer's
28.3203125,P3,2.6812700841162214e-13,-12.571659437366051,Alzheimer's
28.564453125,P3,2.4701060301454985e-13,-12.607284404101156,Alzheimer's
28.80859375,P3,2.308295953386268e-13,-12.636708509778636,Alzheimer's
29.052734375,P3,2.373016643261828e-13,-12.624699215827572,Alzheimer's
29.296875,P3,2.3163584918435053e-13,-12.635194226040872,Alzheimer's
29.541015625,P3,2.183190400980768e-13,-12.66090838683351,Alzheimer's
29.78515625,P3,2.046291848204703e-13,-12.68903242584095,Alzheimer's
30.029296875,P3,2.313018014132929e-13,-12.635820984865324,Alzheimer's
30.2734375,P3,2.516550557196108e-13,-12.599194340255622,Alzheimer's
30.517578125,P3,2.538107642298986e-13,-12.595489963224315,Alzheimer's
30.76171875,P3,2.30047862427457e-13,-12.638181797783984,Alzheimer's
31.005859375,P3,2.337912977563212e-13,-12.63117165830141,Alzheimer's
31.25,P3,2.1184440796923611e-13,-12.673982995529672,Alzheimer's
31.494140625,P3,1.955467576773584e-13,-12.708749380604234,Alzheimer's
31.73828125,P3,2.1173762900252865e-13,-12.674201954375702,Alzheimer's
31.982421875,P3,1.965593260247889e-13,-12.706506345662168,Alzheimer's
32.2265625,P3,1.8112116311631762e-13,-12.74203080154871,Alzheimer's
32.470703125,P3,2.0972675823253403e-13,-12.678346156032667,Alzheimer's
32.71484375,P3,2.177368066624087e-13,-12.662068150751082,Alzheimer's
32.958984375,P3,2.0169041397203652e-13,-12.695314742629972,Alzheimer's
33.203125,P3,2.013610817946219e-13,-12.696024464244692,Alzheimer's
33.447265625,P3,1.5781162735785917e-13,-12.801861001688543,Alzheimer's
33.69140625,P3,1.6626535795395556e-13,-12.779198228331037,Alzheimer's
33.935546875,P3,1.666601379806309e-13,-12.778168262950771,Alzheimer's
34.1796875,P3,1.91436091656474e-13,-12.717976180824587,Alzheimer's
34.423828125,P3,1.640460302756991e-13,-12.78503427457521,Alzheimer's
34.66796875,P3,1.8476646062113932e-13,-12.733376860437964,Alzheimer's
34.912109375,P3,1.7181755299120676e-13,-12.764932470436005,Alzheimer's
35.15625,P3,1.511734488606212e-13,-12.820524478847233,Alzheimer's
35.400390625,P3,1.46926636853272e-13,-12.832899462278467,Alzheimer's
35.64453125,P3,1.5379598199224666e-13,-12.813055010577434,Alzheimer's
35.888671875,P3,1.5851244790976445e-13,-12.799936627160749,Alzheimer's
36.1328125,P3,1.4084453820532061e-13,-12.851259989809073,Alzheimer's
36.376953125,P3,1.5338443731078984e-13,-12.81421870253121,Alzheimer's
36.62109375,P3,1.61091546212468e-13,-12.792927249957003,Alzheimer's
36.865234375,P3,1.5757294477321145e-13,-12.802518348676244,Alzheimer's
37.109375,P3,1.4008507200582658e-13,-12.853608142308213,Alzheimer's
37.353515625,P3,1.409913879277001e-13,-12.850807414221956,Alzheimer's
37.59765625,P3,1.3767488987346774e-13,-12.86114526223992,Alzheimer's
37.841796875,P3,1.2974235912944942e-13,-12.886918209476647,Alzheimer's
38.0859375,P3,1.3144503394199354e-13,-12.881255817106725,Alzheimer's
38.330078125,P3,1.3557292993809798e-13,-12.867827018080591,Alzheimer's
38.57421875,P3,1.501816942557111e-13,-12.823383000542451,Alzheimer's
38.818359375,P3,1.4671503619049124e-13,-12.833525374909785,Alzheimer's
39.0625,P3,1.443329246972519e-13,-12.840634587941215,Alzheimer's
39.306640625,P3,1.404120303775741e-13,-12.852595680648063,Alzheimer's
39.55078125,P3,1.3029867544742457e-13,-12.885059999090164,Alzheimer's
39.794921875,P3,1.5348064619105897e-13,-12.813946380983882,Alzheimer's
0.0,P4,4.716752840788651e-10,-9.326356880314382,Alzheimer's
0.244140625,P4,3.762974704317691e-09,-8.424468701109358,Alzheimer's
0.48828125,P4,1.640530347980384e-09,-8.785015731240438,Alzheimer's
0.732421875,P4,8.01671360800182e-10,-9.096003631019814,Alzheimer's
0.9765625,P4,4.700825818858206e-10,-9.32782584056035,Alzheimer's
1.220703125,P4,3.0444689782334356e-10,-9.516488446851922,Alzheimer's
1.46484375,P4,2.0752346940068828e-10,-9.682932780615335,Alzheimer's
1.708984375,P4,1.5469827112453084e-10,-9.810514539857657,Alzheimer's
1.953125,P4,1.2852410501232943e-10,-9.891015411694037,Alzheimer's
2.197265625,P4,9.384263152599544e-11,-10.02759982227792,Alzheimer's
2.44140625,P4,6.963203815529415e-11,-10.157190892679614,Alzheimer's
2.685546875,P4,5.845605324519369e-11,-10.233170510081834,Alzheimer's
2.9296875,P4,4.8038529846877205e-11,-10.31841029205095,Alzheimer's
3.173828125,P4,3.96426445440033e-11,-10.401837381619696,Alzheimer's
3.41796875,P4,3.346236661037403e-11,-10.475443347011405,Alzheimer's
3.662109375,P4,2.910265862238889e-11,-10.536067334990314,Alzheimer's
3.90625,P4,2.3270414282284755e-11,-10.633195884916594,Alzheimer's
4.150390625,P4,2.155849894830527e-11,-10.66638148101602,Alzheimer's
4.39453125,P4,1.779367598811655e-11,-10.749734321930855,Alzheimer's
4.638671875,P4,1.5255873826495775e-11,-10.81656291177401,Alzheimer's
4.8828125,P4,1.3066743086997666e-11,-10.883832647737648,Alzheimer's
5.126953125,P4,1.0789739824446505e-11,-10.9669890274366,Alzheimer's
5.37109375,P4,9.924207695478318e-12,-11.003304155317172,Alzheimer's
5.615234375,P4,8.506059296126869e-12,-11.070271594124824,Alzheimer's
5.859375,P4,8.031521798340564e-12,-11.095202157585076,Alzheimer's
6.103515625,P4,7.950592064024288e-12,-11.099600529134165,Alzheimer's
6.34765625,P4,7.258566431094652e-12,-11.139149144112844,Alzheimer's
6.591796875,P4,5.91223440071313e-12,-11.228248355919346,Alzheimer's
6.8359375,P4,5.167831841892207e-12,-11.286691626461591,Alzheimer's
7.080078125,P4,5.489236979133341e-12,-11.26048801962678,Alzheimer's
7.32421875,P4,5.143681380625023e-12,-11.28872594111844,Alzheimer's
7.568359375,P4,4.641353477960465e-12,-11.33335535515738,Alzheimer's
7.8125,P4,3.954344649398269e-12,-11.40292548150468,Alzheimer's
8.056640625,P4,3.838695986895641e-12,-11.41581628132926,Alzheimer's
8.30078125,P4,3.823467015647296e-12,-11.41754265203819,Alzheimer's
8.544921875,P4,3.0844940198633294e-12,-11.510816067418016,Alzheimer's
8.7890625,P4,3.1348316864683338e-12,-11.503785772090156,Alzheimer's
9.033203125,P4,3.08353440813836e-12,-11.51095120106247,Alzheimer's
9.27734375,P4,3.097388679487643e-12,-11.509004293266026,Alzheimer's
9.521484375,P4,3.036662000563639e-12,-11.517603545078504,Alzheimer's
9.765625,P4,2.703976586785599e-12,-11.567997073186705,Alzheimer's
10.009765625,P4,2.277423799375333e-12,-11.642556145228486,Alzheimer's
10.25390625,P4,2.545239934838224e-12,-11.5942712712979,Alzheimer's
10.498046875,P4,2.776502246638422e-12,-11.556501970776946,Alzheimer's
10.7421875,P4,2.4163172797542266e-12,-11.616846040332574,Alzheimer's
10.986328125,P4,2.246040795548233e-12,-11.648582359775103,Alzheimer's
11.23046875,P4,1.994410526419098e-12,-11.700185442309303,Alzheimer's
11.474609375,P4,1.8825675948888162e-12,-11.725249421204188,Alzheimer's
11.71875,P4,1.8219248343239e-12,-11.739469544328848,Alzheimer's
11.962890625,P4,1.7485865079466958e-12,-11.757312876940938,Alzheimer's
12.20703125,P4,1.942965081724017e-12,-11.711535004315731,Alzheimer's
12.451171875,P4,1.784744906325018e-12,-11.74842384884722,Alzheimer's
12.6953125,P4,1.5458006868665833e-12,-11.810846504062113,Alzheimer's
12.939453125,P4,1.5604145363726589e-12,-11.80676001257902,Alzheimer's
13.18359375,P4,1.364348706342358e-12,-11.86507461656691,Alzheimer's
13.427734375,P4,1.386063285509963e-12,-11.858216940055886,Alzheimer's
13.671875,P4,1.28654705741889e-12,-11.890574324180724,Alzheimer's
13.916015625,P4,1.209491861747923e-12,-11.91739704950951,Alzheimer's
14.16015625,P4,1.082837463579417e-12,-11.965436727094035,Alzheimer's
14.404296875,P4,9.66454633231092e-13,-12.014818527563854,Alzheimer's
14.6484375,P4,8.788807377211642e-13,-12.056070053781372,Alzheimer's
14.892578125,P4,8.70777607257957e-13,-12.06009274771701,Alzheimer's
15.13671875,P4,8.756398273975857e-13,-12.057674493305989,Alzheimer's
15.380859375,P4,1.0370140331303657e-12,-11.984215366590858,Alzheimer's
15.625,P4,9.553275601915719e-13,-12.0198476931362,Alzheimer's
15.869140625,P4,8.833000047720396e-13,-12.053891767216813,Alzheimer's
16.11328125,P4,8.56992369884948e-13,-12.067023044741465,Alzheimer's
16.357421875,P4,7.228383693165411e-13,-12.140958802513738,Alzheimer's
16.6015625,P4,6.619436874416358e-13,-12.179178955082346,Alzheimer's
16.845703125,P4,7.243150673026148e-13,-12.140072480451195,Alzheimer's
17.08984375,P4,6.885626838884878e-13,-12.162056517240478,Alzheimer's
17.333984375,P4,6.977741960627043e-13,-12.156285094954956,Alzheimer's
17.578125,P4,6.814287527246743e-13,-12.166579545428815,Alzheimer's
17.822265625,P4,7.148553369390168e-13,-12.145781836136932,Alzheimer's
18.06640625,P4,6.84587037396462e-13,-12.164571328453306,Alzheimer's
18.310546875,P4,6.623397098567597e-13,-12.178919206519348,Alzheimer's
18.5546875,P4,5.753723657904283e-13,-12.24005100041046,Alzheimer's
18.798828125,P4,6.187979602993237e-13,-12.208451126505004,Alzheimer's
19.04296875,P4,6.161082846422293e-13,-12.210342951326354,Alzheimer's
19.287109375,P4,5.31316033618447e-13,-12.274647078110686,Alzheimer's
19.53125,P4,4.939022442056418e-13,-12.3063590004756,Alzheimer's
19.775390625,P4,5.060343621077987e-13,-12.295819991525592,Alzheimer's
20.01953125,P4,4.558136483982577e-13,-12.341212674909686,Alzheimer's
20.263671875,P4,4.842802782029127e-13,-12.314903216772269,Alzheimer's
20.5078125,P4,4.422810154007313e-13,-12.354301702013291,Alzheimer's
20.751953125,P4,4.3327722451925783e-13,-12.363234139319133,Alzheimer's
20.99609375,P4,4.473442208334634e-13,-12.349358168863542,Alzheimer's
21.240234375,P4,4.538295822870585e-13,-12.343107198611284,Alzheimer's
21.484375,P4,4.507562908730347e-13,-12.346058203435554,Alzheimer's
21.728515625,P4,4.3608663729432393e-13,-12.360427220912566,Alzheimer's
21.97265625,P4,4.199584164584651e-13,-12.37679371054664,Alzheimer's
22.216796875,P4,4.3019149121549443e-13,-12.366338183801425,Alzheimer's
22.4609375,P4,4.49461148193618e-13,-12.347307843095082,Alzheimer's
22.705078125,P4,4.220752150140099e-13,-12.374610149619302,Alzheimer's
22.94921875,P4,3.708692179056811e-13,-12.430779211558098,Alzheimer's
23.193359375,P4,3.381222164628041e-13,-12.470926292794664,Alzheimer's
23.4375,P4,3.213519610990714e-13,-12.493019045397563,Alzheimer's
23.681640625,P4,3.030828967176273e-13,-12.51843857062919,Alzheimer's
23.92578125,P4,3.404660098379864e-13,-12.467926239042358,Alzheimer's
24.169921875,P4,3.345647200978591e-13,-12.47551985738032,Alzheimer's
24.4140625,P4,3.137877144868701e-13,-12.503364064047386,Alzheimer's
24.658203125,P4,3.112696365732633e-13,-12.50686324138566,Alzheimer's
24.90234375,P4,2.86528908780442e-13,-12.542831554183676,Alzheimer's
25.146484375,P4,2.745063430923139e-13,-12.561447615737888,Alzheimer's
25.390625,P4,2.930480296918602e-13,-12.533061194251069,Alzheimer's
25.634765625,P4,2.7131658281542693e-13,-12.566523661435076,Alzheimer's
25.87890625,P4,2.9602085352119833e-13,-12.528677693501274,Alzheimer's
26.123046875,P4,2.877316828312881e-13,-12.541012314261163,Alzheimer's
26.3671875,P4,2.882742761985435e-13,-12.540194109618238,Alzheimer's
26.611328125,P4,2.789073548015865e-13,-12.554540033214662,Alzheimer's
26.85546875,P4,2.832860582045924e-13,-12.547774798560411,Alzheimer's
27.099609375,P4,2.457674501757141e-13,-12.60947563627928,Alzheimer's
27.34375,P4,2.530684771061348e-13,-12.5967619483679,Alzheimer's
27.587890625,P4,2.8537068287420565e-13,-12.544590645516925,Alzheimer's
27.83203125,P4,2.767040099549586e-13,-12.557984547079892,Alzheimer's
28.076171875,P4,2.4618786093807733e-13,-12.608733365123552,Alzheimer's
28.3203125,P4,2.5869990597137e-13,-12.587203729134725,Alzheimer's
28.564453125,P4,2.5049108723335153e-13,-12.601207722228816,Alzheimer's
28.80859375,P4,2.3155123283419164e-13,-12.63535290237615,Alzheimer's
29.052734375,P4,2.297641800461685e-13,-12.63871767634765,Alzheimer's
29.296875,P4,2.319866546682942e-13,-12.634536997741089,Alzheimer's
29.541015625,P4,2.2167093767929732e-13,-12.654291241630023,Alzheimer's
29.78515625,P4,2.089061270043363e-13,-12.68004882241724,Alzheimer's
30.029296875,P4,2.33594196421252e-13,-12.631537951343608,Alzheimer's
30.2734375,P4,2.4593220461500977e-13,-12.60918459704085,Alzheimer's
30.517578125,P4,2.7388382525121333e-13,-12.562433615104805,Alzheimer's
30.76171875,P4,2.495020162586501e-13,-12.60292594043551,Alzheimer's
31.005859375,P4,2.606265919296502e-13,-12.583981274966,Alzheimer's
31.25,P4,2.3325793205070525e-13,-12.632163578932891,Alzheimer's
31.494140625,P4,1.949109366148158e-13,-12.710163791573976,Alzheimer's
31.73828125,P4,2.1050425675206667e-13,-12.676739117570634,Alzheimer's
31.982421875,P4,2.017357506249809e-13,-12.695217131418742,Alzheimer's
32.2265625,P4,2.0636193096179114e-13,-12.685370417016372,Alzheimer's
32.470703125,P4,2.2118525893549497e-13,-12.655243820298168,Alzheimer's
32.71484375,P4,2.2091337561181e-13,-12.655777988164145,Alzheimer's
32.958984375,P4,1.999524328057434e-13,-12.699073307471032,Alzheimer's
33.203125,P4,1.94135301600805e-13,-12.711895485237989,Alzheimer's
33.447265625,P4,1.8204035209734025e-13,-12.739832333164632,Alzheimer's
33.69140625,P4,1.7955178835019367e-13,-12.74581026490854,Alzheimer's
33.935546875,P4,1.8066397277296906e-13,-12.743128443929743,Alzheimer's
34.1796875,P4,2.064996494623849e-13,-12.685080681231218,Alzheimer's
34.423828125,P4,1.7450283439034614e-13,-12.75819751454956,Alzheimer's
34.66796875,P4,1.9168800170034214e-13,-12.717405070003572,Alzheimer's
34.912109375,P4,1.77340331294451e-13,-12.75119248455281,Alzheimer's
35.15625,P4,1.611945767408523e-13,-12.792649573766305,Alzheimer's
35.400390625,P4,1.5800838189656105e-13,-12.80131987434386,Alzheimer's
35.64453125,P4,1.5567191875862325e-13,-12.807789721587744,Alzheimer's
35.888671875,P4,1.7062070571717041e-13,-12.767968266057988,Alzheimer's
36.1328125,P4,1.5081463213270674e-13,-12.821556520891864,Alzheimer's
36.376953125,P4,1.6829312811289748e-13,-12.773933617141106,Alzheimer's
36.62109375,P4,1.6919647065448976e-13,-12.771608700347032,Alzheimer's
36.865234375,P4,1.6119501859376229e-13,-12.792648383316712,Alzheimer's
37.109375,P4,1.525703916566965e-13,-12.816529738908926,Alzheimer's
37.353515625,P4,1.6912410983994034e-13,-12.771794476233902,Alzheimer's
37.59765625,P4,1.52708371836734e-13,-12.816137153232823,Alzheimer's
37.841796875,P4,1.5047731407709872e-13,-12.822528969264598,Alzheimer's
38.0859375,P4,1.5262988648254784e-13,-12.81636041878213,Alzheimer's
38.330078125,P4,1.6804412228547986e-13,-12.774576673338055,Alzheimer's
38.57421875,P4,1.6808393304787544e-13,-12.77447379829246,Alzheimer's
38.818359375,P4,1.616132420361982e-13,-12.79152305749932,Alzheimer's
39.0625,P4,1.484988888944044e-13,-12.828276795833869,Alzheimer's
39.306640625,P4,1.4685996941360274e-13,-12.833096566578329,Alzheimer's
39.55078125,P4,1.5521446327764045e-13,-12.809067812530111,Alzheimer's
39.794921875,P4,1.550942978045842e-13,-12.809404169159492,Alzheimer's
0.0,O1,4.771605077976553e-10,-9.32133550790886,Alzheimer's
0.244140625,O1,3.556968087557308e-09,-8.448920031204418,Alzheimer's
0.48828125,O1,1.7215248529460283e-09,-8.764086703183294,Alzheimer's
0.732421875,O1,8.203787740082101e-10,-9.085985584835072,Alzheimer's
0.9765625,O1,4.705680903806444e-10,-9.327377526036884,Alzheimer's
1.220703125,O1,3.102280482726775e-10,-9.50831893940645,Alzheimer's
1.46484375,O1,2.0958987552819877e-10,-9.678629700259089,Alzheimer's
1.708984375,O1,1.557691449495071e-10,-9.80751856402704,Alzheimer's
1.953125,O1,1.2908097436801295e-10,-9.889137764982928,Alzheimer's
2.197265625,O1,9.382620030703964e-11,-10.027675871003456,Alzheimer's
2.44140625,O1,7.000276558499079e-11,-10.154884802063243,Alzheimer's
2.685546875,O1,5.827229791283445e-11,-10.234537855580925,Alzheimer's
2.9296875,O1,4.815728098243215e-11,-10.317338041842872,Alzheimer's
3.173828125,O1,4.047580977647685e-11,-10.392804453805288,Alzheimer's
3.41796875,O1,3.4682986298043936e-11,-10.45988351566741,Alzheimer's
3.662109375,O1,3.009547565454315e-11,-10.521498788324871,Alzheimer's
3.90625,O1,2.431999754853352e-11,-10.614036473176377,Alzheimer's
4.150390625,O1,2.2956528133676e-11,-10.639093792510948,Alzheimer's
4.39453125,O1,1.875501454954249e-11,-10.726882594601312,Alzheimer's
4.638671875,O1,1.6576155182403147e-11,-10.780516196144204,Alzheimer's
4.8828125,O1,1.409854018401748e-11,-10.85082585350402,Alzheimer's
5.126953125,O1,1.1783482877280175e-11,-10.928726324929135,Alzheimer's
5.37109375,O1,1.0931127523828155e-11,-10.961335039137095,Alzheimer's
5.615234375,O1,8.811289582228237e-12,-11.054960525474463,Alzheimer's
5.859375,O1,8.639463469851247e-12,-11.063513227349592,Alzheimer's
6.103515625,O1,8.675470338479749e-12,-11.061706970730842,Alzheimer's
6.34765625,O1,8.08339662355484e-12,-11.092406111391316,Alzheimer's
6.591796875,O1,6.671424247100491e-12,-11.175781440951935,Alzheimer's
6.8359375,O1,5.982689808918914e-12,-11.223103513916625,Alzheimer's
7.080078125,O1,6.004144549362415e-12,-11.221548860693462,Alzheimer's
7.32421875,O1,5.907269571797584e-12,-11.228613210135473,Alzheimer's
7.568359375,O1,5.166875099725061e-12,-11.2867720366459,Alzheimer's
7.8125,O1,4.4378368651527595e-12,-11.352828666472227,Alzheimer's
8.056640625,O1,4.33676634784547e-12,-11.36283397572417,Alzheimer's
8.30078125,O1,4.246875688561924e-12,-11.37193045117361,Alzheimer's
8.544921875,O1,3.5192264207555498e-12,-11.453552790532992,Alzheimer's
8.7890625,O1,3.635693485018882e-12,-11.43941273803977,Alzheimer's
9.033203125,O1,3.5257132226906306e-12,-11.45275301559542,Alzheimer's
9.27734375,O1,3.5449079519162448e-12,-11.45039503734801,Alzheimer's
9.521484375,O1,3.770185053378259e-12,-11.423637332635415,Alzheimer's
9.765625,O1,3.3173272290193655e-12,-11.479211686530569,Alzheimer's
10.009765625,O1,2.9592756711137122e-12,-11.528814576283448,Alzheimer's
10.25390625,O1,3.26091854393635e-12,-11.486660049510752,Alzheimer's
10.498046875,O1,3.3307616830591573e-12,-11.477456440090265,Alzheimer's
10.7421875,O1,3.0846346773278816e-12,-11.510796263402344,Alzheimer's
10.986328125,O1,2.8478501313398045e-12,-11.545482869264363,Alzheimer's
11.23046875,O1,2.7841765024583008e-12,-11.555303236154186,Alzheimer's
11.474609375,O1,2.657249321802976e-12,-11.57556769511801,Alzheimer's
11.71875,O1,2.5702495172853105e-12,-11.590024713742618,Alzheimer's
11.962890625,O1,2.573241597681818e-12,-11.589519436636795,Alzheimer's
12.20703125,O1,2.896938319740529e-12,-11.538060751493338,Alzheimer's
12.451171875,O1,2.5688421827386097e-12,-11.590262575870316,Alzheimer's
12.6953125,O1,2.126642526315112e-12,-11.67230550581714,Alzheimer's
12.939453125,O1,2.131759403022588e-12,-11.671261812701731,Alzheimer's
13.18359375,O1,2.025397967747305e-12,-11.6934896301207,Alzheimer's
13.427734375,O1,1.902282349340269e-12,-11.720725021752044,Alzheimer's
13.671875,O1,1.6259664644129236e-12,-11.788888415980947,Alzheimer's
13.916015625,O1,1.540331041957386e-12,-11.812385932251166,Alzheimer's
14.16015625,O1,1.2924846547728017e-12,-11.888574604432904,Alzheimer's
14.404296875,O1,1.2476572551643416e-12,-11.90390470362363,Alzheimer's
14.6484375,O1,1.17528402729863e-12,-11.929857166088146,Alzheimer's
14.892578125,O1,1.1415303982627433e-12,-11.942512519020886,Alzheimer's
15.13671875,O1,1.0788508476009445e-12,-11.967038592890166,Alzheimer's
15.380859375,O1,1.2641843081710909e-12,-11.89818960470356,Alzheimer's
15.625,O1,1.1037363230547289e-12,-11.957134664939776,Alzheimer's
15.869140625,O1,1.020252702429583e-12,-11.99129224620066,Alzheimer's
16.11328125,O1,9.900189121172426e-13,-12.004356509089613,Alzheimer's
16.357421875,O1,8.413373441771453e-13,-12.075029833763434,Alzheimer's
16.6015625,O1,7.822817806771952e-13,-12.106636784343646,Alzheimer's
16.845703125,O1,8.241324914486548e-13,-12.08400296344903,Alzheimer's
17.08984375,O1,7.616256098444907e-13,-12.118258461121547,Alzheimer's
17.333984375,O1,8.132980191616471e-13,-12.089750285450023,Alzheimer's
17.578125,O1,7.695370456747199e-13,-12.11377046830184,Alzheimer's
17.822265625,O1,7.708928424057635e-13,-12.113005986652304,Alzheimer's
18.06640625,O1,7.28405360073728e-13,-12.137626867048072,Alzheimer's
18.310546875,O1,7.247995356346396e-13,-12.139782093575418,Alzheimer's
18.5546875,O1,6.300544494893546e-13,-12.200621917068728,Alzheimer's
18.798828125,O1,6.84472571011489e-13,-12.16464395073968,Alzheimer's
19.04296875,O1,6.629153109975921e-13,-12.17854195020109,Alzheimer's
19.287109375,O1,5.490970070706416e-13,-12.260350923466452,Alzheimer's
19.53125,O1,5.405663961999446e-13,-12.267150955304947,Alzheimer's
19.775390625,O1,5.561409972041375e-13,-12.254815088733114,Alzheimer's
20.01953125,O1,5.018310887098445e-13,-12.2994424374078,Alzheimer's
20.263671875,O1,4.871753306081793e-13,-12.312314711450703,Alzheimer's
20.5078125,O1,4.721725366171704e-13,-12.32589927677122,Alzheimer's
20.751953125,O1,4.932216219754745e-13,-12.306957892946528,Alzheimer's
20.99609375,O1,5.168503583565689e-13,-12.28663517827363,Alzheimer's
21.240234375,O1,5.444651968546787e-13,-12.264029875866036,Alzheimer's
21.484375,O1,5.34248106499698e-13,-12.272257008402432,Alzheimer's
21.728515625,O1,4.959931565556574e-13,-12.304524315627985,Alzheimer's
21.97265625,O1,4.716929467674035e-13,-12.326340617718468,Alzheimer's
22.216796875,O1,4.698475700198882e-13,-12.328043014907776,Alzheimer's
22.4609375,O1,5.10360316324896e-13,-12.29212310205951,Alzheimer's
22.705078125,O1,4.833721060356021e-13,-12.315718415046174,Alzheimer's
22.94921875,O1,4.176786020995164e-13,-12.379157773305964,Alzheimer's
23.193359375,O1,3.9142351011091314e-13,-12.40735309282007,Alzheimer's
23.4375,O1,3.757937097771298e-13,-12.425050493612677,Alzheimer's
23.681640625,O1,3.9177600478596644e-13,-12.406962166881785,Alzheimer's
23.92578125,O1,3.838184142286057e-13,-12.415874193211724,Alzheimer's
24.169921875,O1,3.718854194529898e-13,-12.429590848732296,Alzheimer's
24.4140625,O1,3.718148497958931e-13,-12.429673269067546,Alzheimer's
24.658203125,O1,3.652041718293679e-13,-12.437464270042105,Alzheimer's
24.90234375,O1,3.1887389367067105e-13,-12.49638103515928,Alzheimer's
25.146484375,O1,3.263575851134513e-13,-12.486306289097511,Alzheimer's
25.390625,O1,3.560182204522697e-13,-12.448527774950197,Alzheimer's
25.634765625,O1,3.170519885137494e-13,-12.49886951862324,Alzheimer's
25.87890625,O1,3.3929569699734364e-13,-12.4694216481125,Alzheimer's
26.123046875,O1,3.7796768197095044e-13,-12.422545332812822,Alzheimer's
26.3671875,O1,3.660246234485921e-13,-12.436489697479525,Alzheimer's
26.611328125,O1,3.052088094788923e-13,-12.515402935157342,Alzheimer's
26.85546875,O1,3.142376370940876e-13,-12.502741799552696,Alzheimer's
27.099609375,O1,2.8083142300549093e-13,-12.551554299411286,Alzheimer's
27.34375,O1,2.870520739484663e-13,-12.542039311011584,Alzheimer's
27.587890625,O1,3.192011106557427e-13,-12.495935606197182,Alzheimer's
27.83203125,O1,3.193471490797274e-13,-12.495736956582777,Alzheimer's
28.076171875,O1,3.2166762584678493e-13,-12.492592646352,Alzheimer's
28.3203125,O1,3.251532933646286e-13,-12.487911842816034,Alzheimer's
28.564453125,O1,3.2016071742086705e-13,-12.49463195553328,Alzheimer's
28.80859375,O1,2.9012024482570933e-13,-12.537421964719153,Alzheimer's
29.052734375,O1,2.962859291194455e-13,-12.528288973058876,Alzheimer's
29.296875,O1,2.9163539953697866e-13,-12.535159761250926,Alzheimer's
29.541015625,O1,2.733823524522901e-13,-12.563229523710982,Alzheimer's
29.78515625,O1,2.569964682746537e-13,-12.590072844837454,Alzheimer's
30.029296875,O1,2.855797259101305e-13,-12.54427262756075,Alzheimer's
30.2734375,O1,3.042712556307439e-13,-12.51673907330924,Alzheimer's
30.517578125,O1,3.2699830110302e-13,-12.485454503680694,Alzheimer's
30.76171875,O1,2.951041749335287e-13,-12.53002464635308,Alzheimer's
31.005859375,O1,3.198872149336979e-13,-12.495003117198491,Alzheimer's
31.25,O1,2.794054547153895e-13,-12.553765119590237,Alzheimer's
31.494140625,O1,2.6287149977381854e-13,-12.580256497050412,Alzheimer's
31.73828125,O1,2.7653449419717685e-13,-12.558250688210531,Alzheimer's
31.982421875,O1,2.617419880032088e-13,-12.58212660332343,Alzheimer's
32.2265625,O1,2.4194105385455965e-13,-12.616290431970029,Alzheimer's
32.470703125,O1,2.9825061825551146e-13,-12.525418647390469,Alzheimer's
32.71484375,O1,2.971216566707208e-13,-12.527065692087916,Alzheimer's
32.958984375,O1,2.547447595831203e-13,-12.593894741207864,Alzheimer's
33.203125,O1,2.4374606572143793e-13,-12.61306238547254,Alzheimer's
33.447265625,O1,2.1661244040519681e-13,-12.664316604755108,Alzheimer's
33.69140625,O1,2.1751039667960738e-13,-12.662519979570623,Alzheimer's
33.935546875,O1,2.2677452695697002e-13,-12.644405730305282,Alzheimer's
34.1796875,O1,2.6439747118300093e-13,-12.577742702955383,Alzheimer's
34.423828125,O1,2.2330100292656505e-13,-12.651109326348648,Alzheimer's
34.66796875,O1,2.419083119547392e-13,-12.616349209050028,Alzheimer's
34.912109375,O1,2.30735494986525e-13,-12.636885591040135,Alzheimer's
35.15625,O1,2.037937921470639e-13,-12.690809049364612,Alzheimer's
35.400390625,O1,2.041465628944256e-13,-12.690057927661387,Alzheimer's
35.64453125,O1,2.166105777657609e-13,-12.664320339247482,Alzheimer's
35.888671875,O1,2.2516175485376477e-13,-12.647505375217303,Alzheimer's
36.1328125,O1,1.9749897553150651e-13,-12.70443515280799,Alzheimer's
36.376953125,O1,2.1854388913259843e-13,-12.66046133263393,Alzheimer's
36.62109375,O1,2.342424776799117e-13,-12.630334346884412,Alzheimer's
36.865234375,O1,2.3699818766657725e-13,-12.625254975042278,Alzheimer's
37.109375,O1,1.9919689604959805e-13,-12.700717433176548,Alzheimer's
37.353515625,O1,2.0611779407819405e-13,-12.685884514109247,Alzheimer's
37.59765625,O1,1.9035739413108125e-13,-12.720430249041582,Alzheimer's
37.841796875,O1,1.8661343639934819e-13,-12.729057089721287,Alzheimer's
38.0859375,O1,1.921708176216463e-13,-12.7163125620792,Alzheimer's
38.330078125,O1,1.978375128205135e-13,-12.703691356488632,Alzheimer's
38.57421875,O1,2.2567123295646521e-13,-12.64652379831931,Alzheimer's
38.818359375,O1,2.0788806654861562e-13,-12.68217043986927,Alzheimer's
39.0625,O1,2.0228060964073386e-13,-12.694045746144852,Alzheimer's
39.306640625,O1,2.0217392460604125e-13,-12.694274858289829,Alzheimer's
39.55078125,O1,2.0778532145506785e-13,-12.68238513549024,Alzheimer's
39.794921875,O1,2.369655796821679e-13,-12.625314732638502,Alzheimer's
0.0,O2,4.772274058998455e-10,-9.321274623909256,Alzheimer's
0.244140625,O2,3.602117951085078e-09,-8.443442070343057,Alzheimer's
0.48828125,O2,1.734414513652074e-09,-8.760847100932393,Alzheimer's
0.732421875,O2,8.211871630329883e-10,-9.08555784822925,Alzheimer's
0.9765625,O2,4.696610559848627e-10,-9.32821544976368,Alzheimer's
1.220703125,O2,3.1042798285754193e-10,-9.508039137114691,Alzheimer's
1.46484375,O2,2.093596622326896e-10,-9.67910699103018,Alzheimer's
1.708984375,O2,1.5780870408038042e-10,-9.801869046564944,Alzheimer's
1.953125,O2,1.2957592233457855e-10,-9.887475691125188,Alzheimer's
2.197265625,O2,9.323928161525647e-11,-10.030401081266133,Alzheimer's
2.44140625,O2,6.950607923666429e-11,-10.157977208885072,Alzheimer's
2.685546875,O2,5.831852977787727e-11,-10.234193433205231,Alzheimer's
2.9296875,O2,4.870357933119121e-11,-10.3124391203734,Alzheimer's
3.173828125,O2,4.061247077480916e-11,-10.391340588170044,Alzheimer's
3.41796875,O2,3.5040637784054106e-11,-10.455427997721577,Alzheimer's
3.662109375,O2,3.0496140772429656e-11,-10.515755116301856,Alzheimer's
3.90625,O2,2.441011517387992e-11,-10.612430171452845,Alzheimer's
4.150390625,O2,2.2952829666193022e-11,-10.639163766220005,Alzheimer's
4.39453125,O2,1.8757678792526503e-11,-10.726820905294293,Alzheimer's
4.638671875,O2,1.6687182285862877e-11,-10.777616989924166,Alzheimer's
4.8828125,O2,1.4083822233127631e-11,-10.85127946525898,Alzheimer's
5.126953125,O2,1.1753926931964673e-11,-10.929817013395583,Alzheimer's
5.37109375,O2,1.0767562295610411e-11,-10.96788260695226,Alzheimer's
5.615234375,O2,9.007343781047668e-12,-11.045403261330543,Alzheimer's
5.859375,O2,8.795634565893524e-12,-11.055732822661952,Alzheimer's
6.103515625,O2,8.863259297895066e-12,-11.052406545065786,Alzheimer's
6.34765625,O2,8.121851174796892e-12,-11.090344972806664,Alzheimer's
6.591796875,O2,6.611231715901122e-12,-11.17971762106114,Alzheimer's
6.8359375,O2,5.9114653219541495e-12,-11.228304853744811,Alzheimer's
7.080078125,O2,6.046888427572544e-12,-11.2184680445802,Alzheimer's
7.32421875,O2,5.864431558444773e-12,-11.231774077835746,Alzheimer's
7.568359375,O2,5.216605820049802e-12,-11.282611978429028,Alzheimer's
7.8125,O2,4.431097072070169e-12,-11.35348873577235,Alzheimer's
8.056640625,O2,4.308425232366307e-12,-11.365681439321053,Alzheimer's
8.30078125,O2,4.158517552511619e-12,-11.381061461081435,Alzheimer's
8.544921875,O2,3.428614358393026e-12,-11.464881360449512,Alzheimer's
8.7890625,O2,3.661021368592025e-12,-11.43639773622786,Alzheimer's
9.033203125,O2,3.660656497027403e-12,-11.436441021854504,Alzheimer's
9.27734375,O2,3.7787901882038624e-12,-11.422647220979233,Alzheimer's
9.521484375,O2,3.701312335152238e-12,-11.43164426542914,Alzheimer's
9.765625,O2,3.358762753750202e-12,-11.473820671471222,Alzheimer's
10.009765625,O2,3.01638956611428e-12,-11.520512570133794,Alzheimer's
10.25390625,O2,3.415643323146393e-12,-11.466527486600388,Alzheimer's
10.498046875,O2,3.756100025010548e-12,-11.425262850982143,Alzheimer's
10.7421875,O2,3.3972905787306244e-12,-11.468867305251798,Alzheimer's
10.986328125,O2,3.094558178172644e-12,-11.509401348090949,Alzheimer's
11.23046875,O2,2.994697913365532e-12,-11.523646980010977,Alzheimer's
11.474609375,O2,2.7931328044963416e-12,-11.553908414499944,Alzheimer's
11.71875,O2,2.8069436373067417e-12,-11.55176630779749,Alzheimer's
11.962890625,O2,2.790253879924092e-12,-11.55435627929492,Alzheimer's
12.20703125,O2,3.0784514168665856e-12,-11.51166769591471,Alzheimer's
12.451171875,O2,2.7498870920563213e-12,-11.56068513755285,Alzheimer's
12.6953125,O2,2.273705110164394e-12,-11.64326586213422,Alzheimer's
12.939453125,O2,2.252122887337492e-12,-11.647407915847117,Alzheimer's
13.18359375,O2,2.0736378423713304e-12,-11.68326709018108,Alzheimer's
13.427734375,O2,2.0018606394390896e-12,-11.698566159438736,Alzheimer's
13.671875,O2,1.689518795185181e-12,-11.772236972518971,Alzheimer's
13.916015625,O2,1.5962354120243518e-12,-11.79690305872228,Alzheimer's
14.16015625,O2,1.3807313916740046e-12,-11.859890801117324,Alzheimer's
14.404296875,O2,1.2486148257263482e-12,-11.903571512674858,Alzheimer's
14.6484375,O2,1.1477835430709405e-12,-11.940140006461965,Alzheimer's
14.892578125,O2,1.1129195952868756e-12,-11.953536210853612,Alzheimer's
15.13671875,O2,1.0733273432513982e-12,-11.969267806750654,Alzheimer's
15.380859375,O2,1.2781795163966126e-12,-11.893408146564653,Alzheimer's
15.625,O2,1.154851945715748e-12,-11.937473689607453,Alzheimer's
15.869140625,O2,1.0789289061358312e-12,-11.967007171341304,Alzheimer's
16.11328125,O2,9.893934710338294e-13,-12.00463095985352,Alzheimer's
16.357421875,O2,7.97971805198397e-13,-12.098012453339845,Alzheimer's
16.6015625,O2,7.548961502265858e-13,-12.12211278941142,Alzheimer's
16.845703125,O2,8.217417414319176e-13,-12.085264651917552,Alzheimer's
17.08984375,O2,7.744797994834294e-13,-12.110989905325418,Alzheimer's
17.333984375,O2,8.121121944941089e-13,-12.09038396819258,Alzheimer's
17.578125,O2,7.958553517230314e-13,-12.099165858967083,Alzheimer's
17.822265625,O2,8.257776819822316e-13,-12.083136858834704,Alzheimer's
18.06640625,O2,7.682028207074226e-13,-12.114524102513958,Alzheimer's
18.310546875,O2,7.366977119369219e-13,-12.13271067899093,Alzheimer's
18.5546875,O2,6.58299970942466e-13,-12.181576164077793,Alzheimer's
18.798828125,O2,7.075554157253791e-13,-12.150239540536866,Alzheimer's
19.04296875,O2,6.892801107576667e-13,-12.16160425293308,Alzheimer's
19.287109375,O2,5.739432395855215e-13,-12.241131055256524,Alzheimer's
19.53125,O2,5.553215793890479e-13,-12.255455449834669,Alzheimer's
19.775390625,O2,5.750655982674939e-13,-12.240282612109237,Alzheimer's
20.01953125,O2,5.065499636258187e-13,-12.295377711494588,Alzheimer's
20.263671875,O2,5.373129634646752e-13,-12.269772681312457,Alzheimer's
20.5078125,O2,4.933138536445255e-13,-12.306876688152515,Alzheimer's
20.751953125,O2,4.968902768826837e-13,-12.303739501418104,Alzheimer's
20.99609375,O2,5.20391681014164e-13,-12.283669654690238,Alzheimer's
21.240234375,O2,5.167952673119275e-13,-12.286681472160277,Alzheimer's
21.484375,O2,5.078923269705028e-13,-12.294228348265204,Alzheimer's
21.728515625,O2,4.969261242334687e-13,-12.303708171070516,Alzheimer's
21.97265625,O2,4.723220832744861e-13,-12.325761748642982,Alzheimer's
22.216796875,O2,4.75854224146406e-13,-12.322526071113828,Alzheimer's
22.4609375,O2,4.95835675448225e-13,-12.30466222889352,Alzheimer's
22.705078125,O2,4.915951499623653e-13,-12.308392410478367,Alzheimer's
22.94921875,O2,4.38324740860026e-13,-12.358204015278645,Alzheimer's
23.193359375,O2,3.9929891245221033e-13,-12.398701872667289,Alzheimer's
23.4375,O2,3.786590408957969e-13,-12.42175166946321,Alzheimer's
23.681640625,O2,3.696289617078694e-13,-12.432234007643652,Alzheimer's
23.92578125,O2,4.0179551746293893e-13,-12.395994912664849,Alzheimer's
24.169921875,O2,3.822408273833312e-13,-12.417662927536574,Alzheimer's
24.4140625,O2,3.634888536599852e-13,-12.439508902186462,Alzheimer's
24.658203125,O2,3.64037861579415e-13,-12.438853445417127,Alzheimer's
24.90234375,O2,3.185304606710437e-13,-12.49684903030258,Alzheimer's
25.146484375,O2,3.125985367800671e-13,-12.505013059169777,Alzheimer's
25.390625,O2,3.4624071454879385e-13,-12.460621864640256,Alzheimer's
25.634765625,O2,3.34493796162878e-13,-12.47561193265614,Alzheimer's
25.87890625,O2,3.539967532456544e-13,-12.451000721177495,Alzheimer's
26.123046875,O2,3.54866549709736e-13,-12.449934936017694,Alzheimer's
26.3671875,O2,3.5531347722278093e-13,-12.449388319185374,Alzheimer's
26.611328125,O2,3.3334474370998997e-13,-12.477106388583248,Alzheimer's
26.85546875,O2,3.3724707753056373e-13,-12.472051805089263,Alzheimer's
27.099609375,O2,2.913419266580133e-13,-12.53559701209058,Alzheimer's
27.34375,O2,2.959962766676363e-13,-12.528713751889947,Alzheimer's
27.587890625,O2,3.2350755453635213e-13,-12.490115573248316,Alzheimer's
27.83203125,O2,3.333782765533667e-13,-12.477062702889455,Alzheimer's
28.076171875,O2,3.2141877282235066e-13,-12.49292876137771,Alzheimer's
28.3203125,O2,3.17399137603316e-13,-12.498394257589457,Alzheimer's
28.564453125,O2,3.22850937853423e-13,-12.490997947669246,Alzheimer's
28.80859375,O2,2.8977691232188585e-13,-12.537936219453645,Alzheimer's
29.052734375,O2,2.8566774229922693e-13,-12.5441387975325,Alzheimer's
29.296875,O2,2.837950196910725e-13,-12.546995230230426,Alzheimer's
29.541015625,O2,2.670377651085905e-13,-12.573427315345285,Alzheimer's
29.78515625,O2,2.609920483458682e-13,-12.583372724125772,Alzheimer's
30.029296875,O2,2.897163876484083e-13,-12.538026938472507,Alzheimer's
30.2734375,O2,3.0489007161531776e-13,-12.515856717690657,Alzheimer's
30.517578125,O2,3.417243195428686e-13,-12.46632411260471,Alzheimer's
30.76171875,O2,3.0765349474974895e-13,-12.511938147236409,Alzheimer's
31.005859375,O2,3.3055824967623725e-13,-12.480751999767094,Alzheimer's
31.25,O2,2.9457475166018243e-13,-12.530804479776371,Alzheimer's
31.494140625,O2,2.589984042839205e-13,-12.586702911643933,Alzheimer's
31.73828125,O2,2.6341726496001473e-13,-12.579355763804232,Alzheimer's
31.982421875,O2,2.493698341515057e-13,-12.603156083551564,Alzheimer's
32.2265625,O2,2.63683130392264e-13,-12.578917654096994,Alzheimer's
32.470703125,O2,3.009727205363944e-13,-12.52147286605866,Alzheimer's
32.71484375,O2,2.9857569470502123e-13,-12.524945548537032,Alzheimer's
32.958984375,O2,2.582515595520411e-13,-12.587957047145029,Alzheimer's
33.203125,O2,2.470169169951564e-13,-12.607273302991096,Alzheimer's
33.447265625,O2,2.342666335574298e-13,-12.630289563275856,Alzheimer's
33.69140625,O2,2.3098216855252873e-13,-12.63642154564097,Alzheimer's
33.935546875,O2,2.3999051768873643e-13,-12.61980591744178,Alzheimer's
34.1796875,O2,2.771322669546833e-13,-12.557312905670182,Alzheimer's
34.423828125,O2,2.2354434391469841e-13,-12.650636314110471,Alzheimer's
34.66796875,O2,2.4621167290956225e-13,-12.608691360990257,Alzheimer's
34.912109375,O2,2.313807364444316e-13,-12.635672800976891,Alzheimer's
35.15625,O2,2.0971174023110374e-13,-12.67837725587294,Alzheimer's
35.400390625,O2,2.1827368604584331e-13,-12.660998617446657,Alzheimer's
35.64453125,O2,2.1641183547638794e-13,-12.664718991525133,Alzheimer's
35.888671875,O2,2.258274295513509e-13,-12.64622330873832,Alzheimer's
36.1328125,O2,1.9876548659365498e-13,-12.701659023777673,Alzheimer's
36.376953125,O2,2.2118406005866434e-13,-12.655246174284168,Alzheimer's
36.62109375,O2,2.2421220860815652e-13,-12.64934074327183,Alzheimer's
36.865234375,O2,2.2621760474110498e-13,-12.645473600363662,Alzheimer's
37.109375,O2,2.0127125040585053e-13,-12.69621825532391,Alzheimer's
37.353515625,O2,2.180865137857047e-13,-12.661371189852485,Alzheimer's
37.59765625,O2,1.995636689811979e-13,-12.699918520148566,Alzheimer's
37.841796875,O2,1.904958081641108e-13,-12.720114576477734,Alzheimer's
38.0859375,O2,2.029692913651037e-13,-12.692569664547497,Alzheimer's
38.330078125,O2,2.135643293517697e-13,-12.6704712837566,Alzheimer's
38.57421875,O2,2.2414586706877045e-13,-12.649469264497386,Alzheimer's
38.818359375,O2,2.212419995794652e-13,-12.655132425042847,Alzheimer's
39.0625,O2,1.9946431231343067e-13,-12.700134795976158,Alzheimer's
39.306640625,O2,2.0318731635018603e-13,-12.69210340569446,Alzheimer's
39.55078125,O2,2.2063383957134132e-13,-12.6563278771541,Alzheimer's
39.794921875,O2,2.308595149999601e-13,-12.636652221061642,Alzheimer's
0.0,F7,8.95849182657518e-10,-9.047765098209233,Alzheimer's
0.244140625,F7,1.00203148485543e-08,-7.999118632277002,Alzheimer's
0.48828125,F7,2.9238355619182316e-09,-8.534047055982196,Alzheimer's
0.732421875,F7,1.0302166692946092e-09,-8.987071427349928,Alzheimer's
0.9765625,F7,5.431126381697396e-10,-9.265110091106251,Alzheimer's
1.220703125,F7,3.5522071674622575e-10,-9.449501713765612,Alzheimer's
1.46484375,F7,2.4462142383317765e-10,-9.611505510320637,Alzheimer's
1.708984375,F7,1.6131642471745094e-10,-9.792321411898048,Alzheimer's
1.953125,F7,1.383932564459774e-10,-9.858885071437449,Alzheimer's
2.197265625,F7,1.037689943223124e-10,-9.983932392212555,Alzheimer's
2.44140625,F7,8.05523618876939e-11,-10.093921721045458,Alzheimer's
2.685546875,F7,6.623925329655076e-11,-10.178884571920872,Alzheimer's
2.9296875,F7,5.101411496888989e-11,-10.292309643412487,Alzheimer's
3.173828125,F7,4.4956953993938025e-11,-10.34720312155906,Alzheimer's
3.41796875,F7,4.279596687667732e-11,-10.36859715728906,Alzheimer's
3.662109375,F7,3.485889096780943e-11,-10.4576864340425,Alzheimer's
3.90625,F7,2.949918385143717e-11,-10.530189999402191,Alzheimer's
4.150390625,F7,2.755302449399385e-11,-10.559830721713944,Alzheimer's
4.39453125,F7,2.3692265178525286e-11,-10.62539341511071,Alzheimer's
4.638671875,F7,1.825232453462896e-11,-10.738681817877378,Alzheimer's
4.8828125,F7,1.7345338650272953e-11,-10.760817216576658,Alzheimer's
5.126953125,F7,1.4706129853974768e-11,-10.832501603561088,Alzheimer's
5.37109375,F7,1.2848146528830744e-11,-10.891159519053272,Alzheimer's
5.615234375,F7,1.0663314700703815e-11,-10.97210777350288,Alzheimer's
5.859375,F7,1.0159191881387846e-11,-10.993140836876147,Alzheimer's
6.103515625,F7,1.0199293805748478e-11,-10.991429897540444,Alzheimer's
6.34765625,F7,9.384433048579355e-12,-11.027591959730012,Alzheimer's
6.591796875,F7,7.724621894974801e-12,-11.112122769242262,Alzheimer's
6.8359375,F7,7.435224743444135e-12,-11.128705899588232,Alzheimer's
7.080078125,F7,7.007266100675912e-12,-11.154451389876078,Alzheimer's
7.32421875,F7,6.26658195138844e-12,-11.20296927646022,Alzheimer's
7.568359375,F7,6.757966228408861e-12,-11.170183982855932,Alzheimer's
7.8125,F7,5.768589257752527e-12,-11.238930383115378,Alzheimer's
8.056640625,F7,6.161249142183938e-12,-11.210331229303003,Alzheimer's
8.30078125,F7,5.492035937021834e-12,-11.26026662962916,Alzheimer's
8.544921875,F7,4.83937965817161e-12,-11.31521030535964,Alzheimer's
8.7890625,F7,4.478497765264766e-12,-11.348867638159,Alzheimer's
9.033203125,F7,4.176770072482472e-12,-11.37915943160597,Alzheimer's
9.27734375,F7,3.909018568510677e-12,-11.407932266589352,Alzheimer's
9.521484375,F7,3.5458551669475345e-12,-11.450279007449163,Alzheimer's
9.765625,F7,3.399855834664556e-12,-11.468539498115712,Alzheimer's
10.009765625,F7,3.020752730109037e-12,-11.519884823334564,Alzheimer's
10.25390625,F7,2.797350469407337e-12,-11.553253119114862,Alzheimer's
10.498046875,F7,3.191926347233435e-12,-11.495947138423794,Alzheimer's
10.7421875,F7,2.982354977082594e-12,-11.525440665573491,Alzheimer's
10.986328125,F7,2.638220727210803e-12,-11.578688871943768,Alzheimer's
11.23046875,F7,2.548842584651926e-12,-11.59365698553037,Alzheimer's
11.474609375,F7,2.6719744963351946e-12,-11.573167691463617,Alzheimer's
11.71875,F7,2.253261530399355e-12,-11.647188397882251,Alzheimer's
11.962890625,F7,1.986875714074363e-12,-11.701829298657604,Alzheimer's
12.20703125,F7,2.207784718104111e-12,-11.656043277092156,Alzheimer's
12.451171875,F7,2.215977548618645e-12,-11.654434644016003,Alzheimer's
12.6953125,F7,2.264192298299836e-12,-11.645086691201096,Alzheimer's
12.939453125,F7,1.997106699416454e-12,-11.699598731458847,Alzheimer's
13.18359375,F7,2.068140366686245e-12,-11.684419988591388,Alzheimer's
13.427734375,F7,1.928659449523528e-12,-11.71474445055701,Alzheimer's
13.671875,F7,1.9885456800444176e-12,-11.701464428131176,Alzheimer's
13.916015625,F7,1.7555831312898192e-12,-11.755578600772465,Alzheimer's
14.16015625,F7,1.5476827756693369e-12,-11.810318050690862,Alzheimer's
14.404296875,F7,1.7630626620080045e-12,-11.753732251920368,Alzheimer's
14.6484375,F7,1.5393269273561805e-12,-11.812669133470456,Alzheimer's
14.892578125,F7,1.6066310540344292e-12,-11.794083842958663,Alzheimer's
15.13671875,F7,1.4734335918329828e-12,-11.831669433177076,Alzheimer's
15.380859375,F7,1.5097792879440173e-12,-11.821086536835328,Alzheimer's
15.625,F7,1.5896293472580808e-12,-11.79870412801035,Alzheimer's
15.869140625,F7,1.3826765359470208e-12,-11.859279407080743,Alzheimer's
16.11328125,F7,1.4312040875580676e-12,-11.84429843208198,Alzheimer's
16.357421875,F7,1.4691319947889616e-12,-11.83293918308433,Alzheimer's
16.6015625,F7,1.345153513755142e-12,-11.87122814958552,Alzheimer's
16.845703125,F7,1.1793685119383617e-12,-11.92835047166926,Alzheimer's
17.08984375,F7,1.0946323710088502e-12,-11.960731712832796,Alzheimer's
17.333984375,F7,1.2960797978726197e-12,-11.887368258720928,Alzheimer's
17.578125,F7,1.223706223210846e-12,-11.912322831334285,Alzheimer's
17.822265625,F7,1.199396697611135e-12,-11.921037151272156,Alzheimer's
18.06640625,F7,1.2619834639503849e-12,-11.898946335711654,Alzheimer's
18.310546875,F7,1.5015151850087668e-12,-11.823470271368985,Alzheimer's
18.5546875,F7,1.3549876562959089e-12,-11.868064661119458,Alzheimer's
18.798828125,F7,1.1941450154251833e-12,-11.922942929844234,Alzheimer's
19.04296875,F7,1.05663540955752e-12,-11.976074839496365,Alzheimer's
19.287109375,F7,9.427547104364785e-13,-12.025601288981786,Alzheimer's
19.53125,F7,1.0405044941278705e-12,-11.982756039651566,Alzheimer's
19.775390625,F7,1.1007166750134068e-12,-11.958324454246243,Alzheimer's
20.01953125,F7,1.028884853942288e-12,-11.98763322591358,Alzheimer's
20.263671875,F7,1.2558236315058133e-12,-11.90107134884893,Alzheimer's
20.5078125,F7,1.0994660041193098e-12,-11.958818194635748,Alzheimer's
20.751953125,F7,1.0925296846131894e-12,-11.961566754184942,Alzheimer's
20.99609375,F7,1.116018060009675e-12,-11.952328777352667,Alzheimer's
21.240234375,F7,1.144384115715782e-12,-11.941428178920654,Alzheimer's
21.484375,F7,1.1249211872382104e-12,-11.948877903460652,Alzheimer's
21.728515625,F7,1.117091133234522e-12,-11.951911395329873,Alzheimer's
21.97265625,F7,1.2228654642576209e-12,-11.912621320023774,Alzheimer's
22.216796875,F7,1.1961113802588004e-12,-11.922228377555331,Alzheimer's
22.4609375,F7,1.1682185751096534e-12,-11.932475892597704,Alzheimer's
22.705078125,F7,1.2508741116733389e-12,-11.90278639562764,Alzheimer's
22.94921875,F7,1.1187060573318417e-12,-11.951284010387187,Alzheimer's
23.193359375,F7,1.1920476882568378e-12,-11.923706370155749,Alzheimer's
23.4375,F7,9.84808246458517e-13,-12.006648323423171,Alzheimer's
23.681640625,F7,9.543688929710421e-13,-12.0202837246512,Alzheimer's
23.92578125,F7,1.0434642728882577e-12,-11.98152241612714,Alzheimer's
24.169921875,F7,1.041633534908923e-12,-11.982285046641232,Alzheimer's
24.4140625,F7,1.0632210857974234e-12,-11.97337641905304,Alzheimer's
24.658203125,F7,1.0934415116108322e-12,-11.961204442497417,Alzheimer's
24.90234375,F7,1.0704421553826852e-12,-11.9704367961667,Alzheimer's
25.146484375,F7,9.669279208569276e-13,-12.01460589896852,Alzheimer's
25.390625,F7,1.2335928251360579e-12,-11.908828165243897,Alzheimer's
25.634765625,F7,1.2127956566413685e-12,-11.916212367038591,Alzheimer's
25.87890625,F7,1.0577402369361745e-12,-11.975620974566096,Alzheimer's
26.123046875,F7,1.1314358313010294e-12,-11.946370071759734,Alzheimer's
26.3671875,F7,1.2196677920186849e-12,-11.913758444521976,Alzheimer's
26.611328125,F7,1.0923400160869681e-12,-11.96164215638811,Alzheimer's
26.85546875,F7,1.2242032036346789e-12,-11.912146488323971,Alzheimer's
27.099609375,F7,1.1430555244727257e-12,-11.941932673028662,Alzheimer's
27.34375,F7,1.049049874368102e-12,-11.979203863905624,Alzheimer's
27.587890625,F7,1.131016897569514e-12,-11.946530906598523,Alzheimer's
27.83203125,F7,1.2133703921012339e-12,-11.916006606642618,Alzheimer's
28.076171875,F7,1.253949110966552e-12,-11.90172008812641,Alzheimer's
28.3203125,F7,1.2716230273128658e-12,-11.895641616220963,Alzheimer's
28.564453125,F7,1.2519412761740326e-12,-11.902416041757936,Alzheimer's
28.80859375,F7,1.3550467780007402e-12,-11.86804571211287,Alzheimer's
29.052734375,F7,1.302814540259665e-12,-11.885117403070552,Alzheimer's
29.296875,F7,1.2418496226519561e-12,-11.905930990315978,Alzheimer's
29.541015625,F7,1.274538781254457e-12,-11.894646945421414,Alzheimer's
29.78515625,F7,1.0860378063615808e-12,-11.964155056139044,Alzheimer's
30.029296875,F7,1.2081882355654773e-12,-11.917865397421211,Alzheimer's
30.2734375,F7,1.182588360774643e-12,-11.927166399712206,Alzheimer's
30.517578125,F7,1.2554253156947292e-12,-11.901209118033824,Alzheimer's
30.76171875,F7,1.4007908383981368e-12,-11.85362670733448,Alzheimer's
31.005859375,F7,1.3633234535664818e-12,-11.865401093957145,Alzheimer's
31.25,F7,1.282154059091616e-12,-11.892059788394768,Alzheimer's
31.494140625,F7,1.1179022664892629e-12,-11.951596163336676,Alzheimer's
31.73828125,F7,1.0988527702048706e-12,-11.959060492627446,Alzheimer's
31.982421875,F7,1.1236661092892693e-12,-11.949362717623776,Alzheimer's
32.2265625,F7,1.163507320573959e-12,-11.934230879867693,Alzheimer's
32.470703125,F7,1.194799920722246e-12,-11.922704814884357,Alzheimer's
32.71484375,F7,1.2733594155031156e-12,-11.895048996080412,Alzheimer's
32.958984375,F7,1.1977169575282658e-12,-11.921645801568616,Alzheimer's
33.203125,F7,1.2554038017660694e-12,-11.901216560500089,Alzheimer's
33.447265625,F7,1.2038115623542534e-12,-11.919441489684983,Alzheimer's
33.69140625,F7,1.2668822374562257e-12,-11.897263752914412,Alzheimer's
33.935546875,F7,1.2800572588334328e-12,-11.89277060329024,Alzheimer's
34.1796875,F7,1.083619945481202e-12,-11.965123009791782,Alzheimer's
34.423828125,F7,1.1436310977611808e-12,-11.941714043763108,Alzheimer's
34.66796875,F7,1.133019178649091e-12,-11.945762738758866,Alzheimer's
34.912109375,F7,1.0901497028060026e-12,-11.96251385927192,Alzheimer's
35.15625,F7,1.131087740377279e-12,-11.946503704814852,Alzheimer's
35.400390625,F7,9.962964695320353e-13,-12.001611408641574,Alzheimer's
35.64453125,F7,1.063967301258266e-12,-11.973071718940703,Alzheimer's
35.888671875,F7,1.1733753637735045e-12,-11.930563034484733,Alzheimer's
36.1328125,F7,1.208008157830849e-12,-11.917930132859787,Alzheimer's
36.376953125,F7,1.1285528632471989e-12,-11.947478093051576,Alzheimer's
36.62109375,F7,1.1921672173900952e-12,-11.923662824716182,Alzheimer's
36.865234375,F7,1.1213828882785192e-12,-11.95024607529559,Alzheimer's
37.109375,F7,1.0937553803521869e-12,-11.961079797602528,Alzheimer's
37.353515625,F7,1.0835745729420754e-12,-11.965141194632327,Alzheimer's
37.59765625,F7,1.175325349410003e-12,-11.92984189688593,Alzheimer's
37.841796875,F7,1.1737311896203529e-12,-11.930431354733964,Alzheimer's
38.0859375,F7,1.1274965791520572e-12,-11.947884767106444,Alzheimer's
38.330078125,F7,1.2431809683962922e-12,-11.905465647017854,Alzheimer's
38.57421875,F7,1.3747945270338158e-12,-11.861762205429011,Alzheimer's
38.818359375,F7,1.5463853449752366e-12,-11.810682274749386,Alzheimer's
39.0625,F7,1.385570443172914e-12,-11.85837138954715,Alzheimer's
39.306640625,F7,1.332404503077333e-12,-11.875363908209671,Alzheimer's
39.55078125,F7,1.3804419989843097e-12,-11.85998183607306,Alzheimer's
39.794921875,F7,1.4374638721281816e-12,-11.842403061652275,Alzheimer's
0.0,F8,7.878093380580274e-10,-9.103578875719007,Alzheimer's
0.244140625,F8,6.8898690473950085e-09,-8.161789032451475,Alzheimer's
0.48828125,F8,2.598202353154248e-09,-8.585327028229877,Alzheimer's
0.732421875,F8,9.336313521288227e-10,-9.029824572742548,Alzheimer's
0.9765625,F8,5.341681217188183e-10,-9.27232203352676,Alzheimer's
1.220703125,F8,3.365503427420123e-10,-9.472949962822616,Alzheimer's
1.46484375,F8,2.2964370892610822e-10,-9.638945447551087,Alzheimer's
1.708984375,F8,1.6271618511605201e-10,-9.788569246344077,Alzheimer's
1.953125,F8,1.4049505568285603e-10,-9.852338959228195,Alzheimer's
2.197265625,F8,9.942565392250672e-11,-10.002501543977864,Alzheimer's
2.44140625,F8,7.816642234185652e-11,-10.106979765140832,Alzheimer's
2.685546875,F8,6.834315023943481e-11,-10.165305006513682,Alzheimer's
2.9296875,F8,5.4739925400649006e-11,-10.261695798780272,Alzheimer's
3.173828125,F8,4.3599227463064596e-11,-10.360521205949317,Alzheimer's
3.41796875,F8,3.922060030470588e-11,-10.406485763370274,Alzheimer's
3.662109375,F8,3.3384948735922925e-11,-10.476449286308524,Alzheimer's
3.90625,F8,2.7265310136179168e-11,-10.56438955795643,Alzheimer's
4.150390625,F8,2.671775670688628e-11,-10.57320000917253,Alzheimer's
4.39453125,F8,2.185684720109138e-11,-10.660412483828168,Alzheimer's
4.638671875,F8,1.8100090341021164e-11,-10.74231925747838,Alzheimer's
4.8828125,F8,1.564243316530419e-11,-10.805695691936288,Alzheimer's
5.126953125,F8,1.3635354438523108e-11,-10.865333568489197,Alzheimer's
5.37109375,F8,1.2270293738119344e-11,-10.911145040588613,Alzheimer's
5.615234375,F8,1.174507182616159e-11,-10.930144322980862,Alzheimer's
5.859375,F8,1.0207501101292096e-11,-10.991080564548726,Alzheimer's
6.103515625,F8,1.0037323662317317e-11,-10.998382071417396,Alzheimer's
6.34765625,F8,8.901665731951297e-12,-11.050528718017398,Alzheimer's
6.591796875,F8,7.845368751634085e-12,-11.105386638688111,Alzheimer's
6.8359375,F8,6.319072856311223e-12,-11.19934663737038,Alzheimer's
7.080078125,F8,5.822744986433769e-12,-11.234872229883358,Alzheimer's
7.32421875,F8,5.864135504815538e-12,-11.231796002842758,Alzheimer's
7.568359375,F8,6.269791309361025e-12,-11.202746914464544,Alzheimer's
7.8125,F8,5.259388020513686e-12,-11.279064787172556,Alzheimer's
8.056640625,F8,5.714266916209876e-12,-11.243039477371251,Alzheimer's
8.30078125,F8,5.661347221176799e-12,-11.247080208193188,Alzheimer's
8.544921875,F8,4.688890755992096e-12,-11.328929885542768,Alzheimer's
8.7890625,F8,4.650097892673404e-12,-11.332537904357276,Alzheimer's
9.033203125,F8,3.839653862602148e-12,-11.415707924678678,Alzheimer's
9.27734375,F8,3.845980626691098e-12,-11.414992907758055,Alzheimer's
9.521484375,F8,4.190961281556993e-12,-11.37768635140281,Alzheimer's
9.765625,F8,3.637691602111856e-12,-11.439174122528806,Alzheimer's
10.009765625,F8,2.661432961564298e-12,-11.57488446873202,Alzheimer's
10.25390625,F8,2.705971460340116e-12,-11.567676788182656,Alzheimer's
10.498046875,F8,2.821028834283507e-12,-11.549592474813716,Alzheimer's
10.7421875,F8,2.667590599900239e-12,-11.573880821624748,Alzheimer's
10.986328125,F8,2.5924754753088176e-12,-11.586285343324043,Alzheimer's
11.23046875,F8,2.193815135714276e-12,-11.658799971529662,Alzheimer's
11.474609375,F8,2.1879445047943746e-12,-11.659963697680118,Alzheimer's
11.71875,F8,2.1048406499197244e-12,-11.676780777491077,Alzheimer's
11.962890625,F8,1.820486308183827e-12,-11.739812583031917,Alzheimer's
12.20703125,F8,2.0477860628385098e-12,-11.688715417120962,Alzheimer's
12.451171875,F8,1.86737827950899e-12,-11.728767697014788,Alzheimer's
12.6953125,F8,1.807482055322444e-12,-11.742926005686614,Alzheimer's
12.939453125,F8,1.8028302616544064e-12,-11.744045160630336,Alzheimer's
13.18359375,F8,1.5594510357353325e-12,-11.807028256843864,Alzheimer's
13.427734375,F8,1.6019428943086597e-12,-11.79535296960551,Alzheimer's
13.671875,F8,1.6882940470990273e-12,-11.77255191084367,Alzheimer's
13.916015625,F8,1.728733691814011e-12,-11.762271903824695,Alzheimer's
14.16015625,F8,1.662324989957718e-12,-11.779284066263331,Alzheimer's
14.404296875,F8,1.4474327343204758e-12,-11.839401609840408,Alzheimer's
14.6484375,F8,1.2608969637579925e-12,-11.899320401055483,Alzheimer's
14.892578125,F8,1.2773192212063993e-12,-11.893700552475508,Alzheimer's
15.13671875,F8,1.2196457422659761e-12,-11.913766295981654,Alzheimer's
15.380859375,F8,1.2017516012966065e-12,-11.92018529051505,Alzheimer's
15.625,F8,1.2110368434172224e-12,-11.916842644099397,Alzheimer's
15.869140625,F8,1.191177336822481e-12,-11.924023578004848,Alzheimer's
16.11328125,F8,1.1427711517719292e-12,-11.942040731523806,Alzheimer's
16.357421875,F8,9.640141920214505e-13,-12.015916572454811,Alzheimer's
16.6015625,F8,9.77661621484159e-13,-12.009811432892104,Alzheimer's
16.845703125,F8,1.0142736520557445e-12,-11.993844856103271,Alzheimer's
17.08984375,F8,1.0400276426780876e-12,-11.982955117525242,Alzheimer's
17.333984375,F8,9.637995958493036e-13,-12.016013260147751,Alzheimer's
17.578125,F8,9.513612527504638e-13,-12.021654540596735,Alzheimer's
17.822265625,F8,9.532842507612176e-13,-12.020777581911233,Alzheimer's
18.06640625,F8,9.524098007441904e-13,-12.021176144149958,Alzheimer's
18.310546875,F8,9.078540545873384e-13,-12.0419839624721,Alzheimer's
18.5546875,F8,8.139553975822516e-13,-12.089399392548913,Alzheimer's
18.798828125,F8,8.334011598410632e-13,-12.079145899472426,Alzheimer's
19.04296875,F8,8.903123612116118e-13,-12.050457596781415,Alzheimer's
19.287109375,F8,8.42453788159744e-13,-12.074453912530997,Alzheimer's
19.53125,F8,8.229290003566156e-13,-12.084637632689873,Alzheimer's
19.775390625,F8,8.297110143347156e-13,-12.0810731446525,Alzheimer's
20.01953125,F8,7.5734893729841e-13,-12.120703979644436,Alzheimer's
20.263671875,F8,7.837795645399085e-13,-12.105806064056756,Alzheimer's
20.5078125,F8,7.426711436132466e-13,-12.12920345020989,Alzheimer's
20.751953125,F8,7.836093143361093e-13,-12.105900410425216,Alzheimer's
20.99609375,F8,8.028526750399545e-13,-12.095364141255915,Alzheimer's
21.240234375,F8,8.185151899586695e-13,-12.086973256564786,Alzheimer's
21.484375,F8,7.869389714428379e-13,-12.104058946666752,Alzheimer's
21.728515625,F8,7.634371013886219e-13,-12.11722673810343,Alzheimer's
21.97265625,F8,7.477001113728407e-13,-12.126272554663462,Alzheimer's
22.216796875,F8,6.848285758229787e-13,-12.164418126159015,Alzheimer's
22.4609375,F8,7.113902553010834e-13,-12.147892088121216,Alzheimer's
22.705078125,F8,7.020737577636025e-13,-12.153617259797478,Alzheimer's
22.94921875,F8,5.77806934068514e-13,-12.23821725063716,Alzheimer's
23.193359375,F8,6.058356662600646e-13,-12.217645162822278,Alzheimer's
23.4375,F8,5.418811161255651e-13,-12.266095983339634,Alzheimer's
23.681640625,F8,5.13331035471302e-13,-12.289602477943657,Alzheimer's
23.92578125,F8,6.43442201650006e-13,-12.19149045828846,Alzheimer's
24.169921875,F8,5.8979167544214e-13,-12.229301361548645,Alzheimer's
24.4140625,F8,5.414760690658989e-13,-12.26642073257936,Alzheimer's
24.658203125,F8,5.852854071736669e-13,-12.232632303944865,Alzheimer's
24.90234375,F8,5.877388585914785e-13,-12.230815594781676,Alzheimer's
25.146484375,F8,5.54157032466362e-13,-12.256367151029757,Alzheimer's
25.390625,F8,6.027351293560002e-13,-12.21987349570505,Alzheimer's
25.634765625,F8,5.911718658701416e-13,-12.228286242387398,Alzheimer's
25.87890625,F8,6.274993907237413e-13,-12.20238669152891,Alzheimer's
26.123046875,F8,6.609449421707906e-13,-12.179834716470957,Alzheimer's
26.3671875,F8,6.127332785623892e-13,-12.212728531772616,Alzheimer's
26.611328125,F8,6.583095511100339e-13,-12.181569843883628,Alzheimer's
26.85546875,F8,7.031466728675012e-13,-12.152954073880789,Alzheimer's
27.099609375,F8,6.286699924068639e-13,-12.201577268842009,Alzheimer's
27.34375,F8,5.844351675501979e-13,-12.23326365890224,Alzheimer's
27.587890625,F8,6.594803440041047e-13,-12.18079814419308,Alzheimer's
27.83203125,F8,6.117359227770895e-13,-12.213436015814462,Alzheimer's
28.076171875,F8,6.484578951196804e-13,-12.188118217746178,Alzheimer's
28.3203125,F8,6.58630741261689e-13,-12.18135800267248,Alzheimer's
28.564453125,F8,7.062854379285384e-13,-12.15101974786532,Alzheimer's
28.80859375,F8,6.914927168874999e-13,-12.16021238971552,Alzheimer's
29.052734375,F8,6.299888070098855e-13,-12.200667166573442,Alzheimer's
29.296875,F8,5.963980889593262e-13,-12.22446375682828,Alzheimer's
29.541015625,F8,6.009258716582341e-13,-12.221179097906322,Alzheimer's
29.78515625,F8,5.68690008660975e-13,-12.245124401819089,Alzheimer's
30.029296875,F8,5.904936302783538e-13,-12.228784782808946,Alzheimer's
30.2734375,F8,5.980831586434195e-13,-12.223238426665318,Alzheimer's
30.517578125,F8,6.874275574383719e-13,-12.162773061952167,Alzheimer's
30.76171875,F8,6.106614936928323e-13,-12.214199464323704,Alzheimer's
31.005859375,F8,6.292615244254354e-13,-12.201168821947988,Alzheimer's
31.25,F8,5.044642122245788e-13,-12.297169638118207,Alzheimer's
31.494140625,F8,5.509641455717246e-13,-12.258876662286148,Alzheimer's
31.73828125,F8,6.375957767629104e-13,-12.195454568234652,Alzheimer's
31.982421875,F8,6.231799415125657e-13,-12.205386533882672,Alzheimer's
32.2265625,F8,5.090210730774027e-13,-12.293264237836544,Alzheimer's
32.470703125,F8,5.20720138109809e-13,-12.283395626278894,Alzheimer's
32.71484375,F8,5.52941772376675e-13,-12.25732059973858,Alzheimer's
32.958984375,F8,5.214419689124084e-13,-12.28279401702357,Alzheimer's
33.203125,F8,5.129957433010977e-13,-12.289886238530512,Alzheimer's
33.447265625,F8,4.52838161271188e-13,-12.344056981706808,Alzheimer's
33.69140625,F8,4.710249284410576e-13,-12.326956107737548,Alzheimer's
33.935546875,F8,5.168173232040685e-13,-12.286662937648718,Alzheimer's
34.1796875,F8,5.135999107046162e-13,-12.2893750604464,Alzheimer's
34.423828125,F8,4.90392500865505e-13,-12.30945617971646,Alzheimer's
34.66796875,F8,5.406450200848224e-13,-12.2670877929689,Alzheimer's
34.912109375,F8,4.646706339557594e-13,-12.33285477299984,Alzheimer's
35.15625,F8,4.731368986383536e-13,-12.32501318120499,Alzheimer's
35.400390625,F8,4.574008592599471e-13,-12.339703023875526,Alzheimer's
35.64453125,F8,4.743420814207008e-13,-12.323908345054836,Alzheimer's
35.888671875,F8,4.337955525091881e-13,-12.362714904905088,Alzheimer's
36.1328125,F8,4.74974377385301e-13,-12.323329817870531,Alzheimer's
36.376953125,F8,5.305016728763394e-13,-12.275313242262513,Alzheimer's
36.62109375,F8,5.347919632314196e-13,-12.271815127869424,Alzheimer's
36.865234375,F8,5.162691273518257e-13,-12.287123844779671,Alzheimer's
37.109375,F8,4.859418946078274e-13,-12.313415657404022,Alzheimer's
37.353515625,F8,4.601233620041876e-13,-12.337125715589956,Alzheimer's
37.59765625,F8,4.385148240523002e-13,-12.358015720666712,Alzheimer's
37.841796875,F8,4.712962250400226e-13,-12.326706038812087,Alzheimer's
38.0859375,F8,4.257615063023113e-13,-12.370833606298827,Alzheimer's
38.330078125,F8,4.268230436772064e-13,-12.369752141563184,Alzheimer's
38.57421875,F8,4.632162010999856e-13,-12.334216259459206,Alzheimer's
38.818359375,F8,5.087278055600157e-13,-12.293514524465635,Alzheimer's
39.0625,F8,4.984329829628989e-13,-12.302393226692327,Alzheimer's
39.306640625,F8,5.311518297455553e-13,-12.274781318098418,Alzheimer's
39.55078125,F8,4.885137898651766e-13,-12.31112317242049,Alzheimer's
39.794921875,F8,4.821280400145347e-13,-12.316837609712886,Alzheimer's
0.0,T3,6.34510699901416e-10,-9.19756104989873,Alzheimer's
0.244140625,T3,5.153419408515748e-09,-8.287904511256782,Alzheimer's
0.48828125,T3,1.9652447970753607e-09,-8.706583344831895,Alzheimer's
0.732421875,T3,8.366994570927672e-10,-9.077430512813848,Alzheimer's
0.9765625,T3,4.817563970706435e-10,-9.31717250979335,Alzheimer's
1.220703125,T3,3.1743634673376513e-10,-9.498343347643658,Alzheimer's
1.46484375,T3,2.1382066123672e-10,-9.66995033173924,Alzheimer's
1.708984375,T3,1.5690664751088315e-10,-9.80435865669261,Alzheimer's
1.953125,T3,1.3128349073432248e-10,-9.88178988422112,Alzheimer's
2.197265625,T3,9.626167880561918e-11,-10.016546568488092,Alzheimer's
2.44140625,T3,7.261746961740374e-11,-10.138958888311375,Alzheimer's
2.685546875,T3,5.921453908809572e-11,-10.22757164681606,Alzheimer's
2.9296875,T3,4.7665802572914206e-11,-10.321793090147258,Alzheimer's
3.173828125,T3,3.9646979805425376e-11,-10.401789890409324,Alzheimer's
3.41796875,T3,3.672246725998766e-11,-10.435068147694068,Alzheimer's
3.662109375,T3,3.0966083534179486e-11,-10.509113718991012,Alzheimer's
3.90625,T3,2.561269720635896e-11,-10.591544684703829,Alzheimer's
4.150390625,T3,2.433107115154132e-11,-10.613838771259744,Alzheimer's
4.39453125,T3,2.0850890495785726e-11,-10.680875392529677,Alzheimer's
4.638671875,T3,1.7336122249791975e-11,-10.76104803914654,Alzheimer's
4.8828125,T3,1.5761287037181115e-11,-10.802408321724409,Alzheimer's
5.126953125,T3,1.309793776534134e-11,-10.882797077446158,Alzheimer's
5.37109375,T3,1.1574832763507829e-11,-10.936485275075489,Alzheimer's
5.615234375,T3,9.110040284885714e-12,-11.040479702558848,Alzheimer's
5.859375,T3,8.815364715854756e-12,-11.054759715037202,Alzheimer's
6.103515625,T3,9.119489363891438e-12,-11.040029478848435,Alzheimer's
6.34765625,T3,8.818728539465572e-12,-11.05459402576372,Alzheimer's
6.591796875,T3,7.580596020205015e-12,-11.120296646860034,Alzheimer's
6.8359375,T3,7.167992886089955e-12,-11.144602434363428,Alzheimer's
7.080078125,T3,7.043151356243018e-12,-11.15223297858554,Alzheimer's
7.32421875,T3,6.587959978937776e-12,-11.18124904778086,Alzheimer's
7.568359375,T3,6.293881665853841e-12,-11.201081426715112,Alzheimer's
7.8125,T3,5.405052018626635e-12,-11.26720012200784,Alzheimer's
8.056640625,T3,5.062318832233184e-12,-11.295650505815654,Alzheimer's
8.30078125,T3,4.830343887847744e-12,-11.316021949315106,Alzheimer's
8.544921875,T3,4.262319483585925e-12,-11.37035400071326,Alzheimer's
8.7890625,T3,3.743848047701212e-12,-11.426681786371988,Alzheimer's
9.033203125,T3,3.383577130465544e-12,-11.47062391909073,Alzheimer's
9.27734375,T3,3.19830575293784e-12,-11.495080020744124,Alzheimer's
9.521484375,T3,3.0771874699395428e-12,-11.511846044642972,Alzheimer's
9.765625,T3,3.010769675752284e-12,-11.52132246679738,Alzheimer's
10.009765625,T3,2.6566235982282087e-12,-11.575669973927106,Alzheimer's
10.25390625,T3,2.5987863820517608e-12,-11.585229417655196,Alzheimer's
10.498046875,T3,2.827712332235059e-12,-11.548564774110467,Alzheimer's
10.7421875,T3,2.5892815785075933e-12,-11.586820718455604,Alzheimer's
10.986328125,T3,2.3412210818849197e-12,-11.630557573868863,Alzheimer's
11.23046875,T3,2.135349743802024e-12,-11.670530982763724,Alzheimer's
11.474609375,T3,2.25904246252366e-12,-11.646075605703633,Alzheimer's
11.71875,T3,1.941331600938624e-12,-11.711900275967803,Alzheimer's
11.962890625,T3,1.6321502826507617e-12,-11.787239855434434,Alzheimer's
12.20703125,T3,1.891392441958477e-12,-11.723218350745585,Alzheimer's
12.451171875,T3,1.8458849891401867e-12,-11.733795361889634,Alzheimer's
12.6953125,T3,1.8132975418008369e-12,-11.741530927200785,Alzheimer's
12.939453125,T3,1.836313090927029e-12,-11.73605326971999,Alzheimer's
13.18359375,T3,1.7038187534792578e-12,-11.76857660590169,Alzheimer's
13.427734375,T3,1.571581737235016e-12,-11.80366302660504,Alzheimer's
13.671875,T3,1.5131092789617365e-12,-11.820129705462444,Alzheimer's
13.916015625,T3,1.401959978672688e-12,-11.853264383865575,Alzheimer's
14.16015625,T3,1.220561781147524e-12,-11.913440233016653,Alzheimer's
14.404296875,T3,1.1879595135838748e-12,-11.925198360134903,Alzheimer's
14.6484375,T3,1.1596738207449888e-12,-11.93566414678223,Alzheimer's
14.892578125,T3,1.2010840619172782e-12,-11.920426595969928,Alzheimer's
15.13671875,T3,1.110721723402354e-12,-11.954394734154288,Alzheimer's
15.380859375,T3,1.225649715789333e-12,-11.911633631152185,Alzheimer's
15.625,T3,1.1333175754553662e-12,-11.945648376154194,Alzheimer's
15.869140625,T3,1.0547437957599317e-12,-11.97685302055632,Alzheimer's
16.11328125,T3,1.055752488108103e-12,-11.976437886393374,Alzheimer's
16.357421875,T3,1.0776585749567641e-12,-11.96751881104051,Alzheimer's
16.6015625,T3,9.562969156550417e-13,-12.019407244951749,Alzheimer's
16.845703125,T3,9.21306745477054e-13,-12.035595749077432,Alzheimer's
17.08984375,T3,8.370364673781953e-13,-12.07725562057769,Alzheimer's
17.333984375,T3,9.76080395210357e-13,-12.01051441003998,Alzheimer's
17.578125,T3,9.536623988271522e-13,-12.020605340469064,Alzheimer's
17.822265625,T3,9.823225053318562e-13,-12.007745906009754,Alzheimer's
18.06640625,T3,9.33061731136523e-13,-12.030089622486,Alzheimer's
18.310546875,T3,1.03173483596426e-12,-11.986431905494348,Alzheimer's
18.5546875,T3,7.978438909522819e-13,-12.098082075980471,Alzheimer's
18.798828125,T3,9.589487760075158e-13,-12.018204590839169,Alzheimer's
19.04296875,T3,9.017468823797609e-13,-12.04491535049849,Alzheimer's
19.287109375,T3,7.803963054053874e-13,-12.107684795333196,Alzheimer's
19.53125,T3,7.644470973762317e-13,-12.116652564028708,Alzheimer's
19.775390625,T3,7.332120260590864e-13,-12.1347704204034,Alzheimer's
20.01953125,T3,6.373844955112926e-13,-12.195598505022604,Alzheimer's
20.263671875,T3,6.518546205490319e-13,-12.185849251711966,Alzheimer's
20.5078125,T3,6.759612217351693e-13,-12.170078217770632,Alzheimer's
20.751953125,T3,6.772243471533139e-13,-12.16926743679426,Alzheimer's
20.99609375,T3,7.210830624381909e-13,-12.142014705487505,Alzheimer's
21.240234375,T3,6.943313228108587e-13,-12.15843324232364,Alzheimer's
21.484375,T3,7.375627602076547e-13,-12.13220101907564,Alzheimer's
21.728515625,T3,7.091983956280392e-13,-12.149232255545284,Alzheimer's
21.97265625,T3,6.721606032416078e-13,-12.17252694604117,Alzheimer's
22.216796875,T3,6.639334144272284e-13,-12.177875473639292,Alzheimer's
22.4609375,T3,7.058872959088177e-13,-12.151264634177904,Alzheimer's
22.705078125,T3,6.539215900012999e-13,-12.184474323650171,Alzheimer's
22.94921875,T3,5.823851699060704e-13,-12.234789692606356,Alzheimer's
23.193359375,T3,5.759529332605981e-13,-12.239613005570522,Alzheimer's
23.4375,T3,5.710382193467875e-13,-12.243334823635175,Alzheimer's
23.681640625,T3,5.093267271549785e-13,-12.293003533422556,Alzheimer's
23.92578125,T3,5.876589708970591e-13,-12.23087462974676,Alzheimer's
24.169921875,T3,6.066061432210417e-13,-12.217093195816505,Alzheimer's
24.4140625,T3,5.40637039052039e-13,-12.267094204096262,Alzheimer's
24.658203125,T3,5.151984181040935e-13,-12.28802547912984,Alzheimer's
24.90234375,T3,4.678365501627732e-13,-12.329905851543709,Alzheimer's
25.146484375,T3,4.374800456263959e-13,-12.35904175126334,Alzheimer's
25.390625,T3,5.064632733473424e-13,-12.295452042427875,Alzheimer's
25.634765625,T3,4.2888276847307864e-13,-12.367661402367574,Alzheimer's
25.87890625,T3,4.825926690580919e-13,-12.316419279633616,Alzheimer's
26.123046875,T3,5.493688545397252e-13,-12.260135965747184,Alzheimer's
26.3671875,T3,5.23436884165265e-13,-12.281135677903526,Alzheimer's
26.611328125,T3,5.02472965882313e-13,-12.298887299248705,Alzheimer's
26.85546875,T3,5.63620699080217e-13,-12.249013065720158,Alzheimer's
27.099609375,T3,5.64078701499457e-13,-12.248660298069115,Alzheimer's
27.34375,T3,5.357228052400735e-13,-12.271059865706452,Alzheimer's
27.587890625,T3,5.603566643718543e-13,-12.251535458596653,Alzheimer's
27.83203125,T3,5.548390350491166e-13,-12.255832992245338,Alzheimer's
28.076171875,T3,5.758025997400127e-13,-12.239726378620505,Alzheimer's
28.3203125,T3,5.20748670589378e-13,-12.283371830081965,Alzheimer's
28.564453125,T3,5.484625331922803e-13,-12.26085303478683,Alzheimer's
28.80859375,T3,6.481099568257604e-13,-12.18835130648811,Alzheimer's
29.052734375,T3,6.043807231523867e-13,-12.218689396024038,Alzheimer's
29.296875,T3,5.502674303831137e-13,-12.259426191756331,Alzheimer's
29.541015625,T3,5.433198065983381e-13,-12.264944462572442,Alzheimer's
29.78515625,T3,5.760125920883999e-13,-12.23956802245399,Alzheimer's
30.029296875,T3,5.875082681523883e-13,-12.230986017077178,Alzheimer's
30.2734375,T3,6.190096167856206e-13,-12.208302603832086,Alzheimer's
30.517578125,T3,7.290418669214749e-13,-12.137247530597152,Alzheimer's
30.76171875,T3,6.719548598929502e-13,-12.172659900692995,Alzheimer's
31.005859375,T3,6.212145557448272e-13,-12.206758376823714,Alzheimer's
31.25,T3,5.878631748812922e-13,-12.230723744176894,Alzheimer's
31.494140625,T3,6.070185858048357e-13,-12.216798011414182,Alzheimer's
31.73828125,T3,6.700360128843895e-13,-12.173901854348951,Alzheimer's
31.982421875,T3,6.239197080336882e-13,-12.204871295896966,Alzheimer's
32.2265625,T3,5.489267094908591e-13,-12.2604856369497,Alzheimer's
32.470703125,T3,5.581024521097748e-13,-12.253286069338913,Alzheimer's
32.71484375,T3,5.563866889466651e-13,-12.25462326866231,Alzheimer's
32.958984375,T3,4.66531369751734e-13,-12.331119148804866,Alzheimer's
33.203125,T3,4.670924831531646e-13,-12.330597121689673,Alzheimer's
33.447265625,T3,5.26841365547633e-13,-12.278320133247467,Alzheimer's
33.69140625,T3,4.993835215018329e-13,-12.301565792459034,Alzheimer's
33.935546875,T3,6.07270528880007e-13,-12.216617794878356,Alzheimer's
34.1796875,T3,6.935237224091291e-13,-12.15893867902447,Alzheimer's
34.423828125,T3,6.143172559916225e-13,-12.211607285304424,Alzheimer's
34.66796875,T3,6.247461466464387e-13,-12.204296413865537,Alzheimer's
34.912109375,T3,5.570626591736288e-13,-12.25409595203841,Alzheimer's
35.15625,T3,5.560139372094621e-13,-12.254914322127831,Alzheimer's
35.400390625,T3,5.538927507639059e-13,-12.256574318774303,Alzheimer's
35.64453125,T3,5.809235022991416e-13,-12.235881053008438,Alzheimer's
35.888671875,T3,6.883311079544371e-13,-12.162202602801823,Alzheimer's
36.1328125,T3,6.530302175650279e-13,-12.185066722219387,Alzheimer's
36.376953125,T3,7.910498425890072e-13,-12.10179615154732,Alzheimer's
36.62109375,T3,7.805508885990279e-13,-12.107598777524943,Alzheimer's
36.865234375,T3,5.932303185332856e-13,-12.226776661360397,Alzheimer's
37.109375,T3,6.275654956709429e-13,-12.20234094247779,Alzheimer's
37.353515625,T3,6.953579701635075e-13,-12.157791563117383,Alzheimer's
37.59765625,T3,6.09161132812574e-13,-12.215267814370003,Alzheimer's
37.841796875,T3,5.417727958391511e-13,-12.266182806083142,Alzheimer's
38.0859375,T3,5.017717984477105e-13,-12.299493751396698,Alzheimer's
38.330078125,T3,5.887201247853961e-13,-12.230091118028737,Alzheimer's
38.57421875,T3,7.349316446749807e-13,-12.13375305237291,Alzheimer's
38.818359375,T3,7.343144732012444e-13,-12.134117911844628,Alzheimer's
39.0625,T3,4.819867498259303e-13,-12.316964900675217,Alzheimer's
39.306640625,T3,5.509600114704758e-13,-12.258879920981128,Alzheimer's
39.55078125,T3,5.58369608879373e-13,-12.25307822766135,Alzheimer's
39.794921875,T3,5.473996568598485e-13,-12.261695479165429,Alzheimer's
0.0,T4,6.79207245202137e-10,-9.167997690057204,Alzheimer's
0.244140625,T4,5.7443179106786854e-09,-8.240761532722429,Alzheimer's
0.48828125,T4,2.161002874287861e-09,-8.665344655473756,Alzheimer's
0.732421875,T4,8.466953694845807e-10,-9.072272815346798,Alzheimer's
0.9765625,T4,4.79762945352994e-10,-9.318973297948364,Alzheimer's
1.220703125,T4,3.1239502997314937e-10,-9.50529588411742,Alzheimer's
1.46484375,T4,2.1229985954584354e-10,-9.673050293156118,Alzheimer's
1.708984375,T4,1.6010480093781398e-10,-9.795595645035483,Alzheimer's
1.953125,T4,1.3295500778113386e-10,-9.87629530022219,Alzheimer's
2.197265625,T4,9.322704725032303e-11,-10.03045807082795,Alzheimer's
2.44140625,T4,7.278012336993392e-11,-10.137987212574512,Alzheimer's
2.685546875,T4,6.162585358630925e-11,-10.210237052213593,Alzheimer's
2.9296875,T4,5.097650806164796e-11,-10.292629917424971,Alzheimer's
3.173828125,T4,3.951760186253507e-11,-10.403209418575022,Alzheimer's
3.41796875,T4,3.5724527597184235e-11,-10.44703350538633,Alzheimer's
3.662109375,T4,3.1216616536666065e-11,-10.505614170430729,Alzheimer's
3.90625,T4,2.5060962919829095e-11,-10.60100224608193,Alzheimer's
4.150390625,T4,2.345261883585829e-11,-10.62980865476301,Alzheimer's
4.39453125,T4,1.958344416011716e-11,-10.708110926006128,Alzheimer's
4.638671875,T4,1.615358584462602e-11,-10.791731056015747,Alzheimer's
4.8828125,T4,1.4202050589094807e-11,-10.84764894468505,Alzheimer's
5.126953125,T4,1.1769122272537475e-11,-10.92925592512663,Alzheimer's
5.37109375,T4,1.0222484801435327e-11,-10.990443526472593,Alzheimer's
5.615234375,T4,9.845614762196858e-12,-11.006757161243058,Alzheimer's
5.859375,T4,8.902209945826624e-12,-11.050502167721566,Alzheimer's
6.103515625,T4,9.01083814951531e-12,-11.045234810932152,Alzheimer's
6.34765625,T4,7.975318222446072e-12,-11.098251979180484,Alzheimer's
6.591796875,T4,7.276074336470624e-12,-11.138102872589029,Alzheimer's
6.8359375,T4,5.877708679671786e-12,-11.23079194292253,Alzheimer's
7.080078125,T4,5.829853508538982e-12,-11.23434235797383,Alzheimer's
7.32421875,T4,5.758942631872499e-12,-11.239657247704736,Alzheimer's
7.568359375,T4,5.746932441134128e-12,-11.24056390824565,Alzheimer's
7.8125,T4,4.851035970149228e-12,-11.314165505093705,Alzheimer's
8.056640625,T4,5.090677658233277e-12,-11.293224401623554,Alzheimer's
8.30078125,T4,5.218144294202171e-12,-11.282483915785946,Alzheimer's
8.544921875,T4,4.122569704456557e-12,-11.384831992565209,Alzheimer's
8.7890625,T4,3.928930273131247e-12,-11.4057256785598,Alzheimer's
9.033203125,T4,3.487191598131163e-12,-11.45752419035699,Alzheimer's
9.27734375,T4,3.468002519891008e-12,-11.459920595632283,Alzheimer's
9.521484375,T4,3.585666443812065e-12,-11.445430113086577,Alzheimer's
9.765625,T4,3.2467484133709965e-12,-11.488551363027188,Alzheimer's
10.009765625,T4,2.482068864853528e-12,-11.605186173195472,Alzheimer's
10.25390625,T4,2.6748670203239607e-12,-11.572697803839032,Alzheimer's
10.498046875,T4,2.746526432177953e-12,-11.56121621703447,Alzheimer's
10.7421875,T4,2.4994002141171177e-12,-11.60216419730842,Alzheimer's
10.986328125,T4,2.3332920641252488e-12,-11.632030896054482,Alzheimer's
11.23046875,T4,1.9877665567620498e-12,-11.701634620473444,Alzheimer's
11.474609375,T4,1.995849534342703e-12,-11.69987220296239,Alzheimer's
11.71875,T4,1.9087242428189026e-12,-11.719256810460523,Alzheimer's
11.962890625,T4,1.7361646789567736e-12,-11.760409083439349,Alzheimer's
12.20703125,T4,1.868049750616635e-12,-11.728611561654878,Alzheimer's
12.451171875,T4,1.742215211519034e-12,-11.758898198695658,Alzheimer's
12.6953125,T4,1.6088712047637342e-12,-11.79347872115842,Alzheimer's
12.939453125,T4,1.5904662106450338e-12,-11.79847555301766,Alzheimer's
13.18359375,T4,1.3760097943813729e-12,-11.861378474799167,Alzheimer's
13.427734375,T4,1.5103675758776842e-12,-11.82091734625082,Alzheimer's
13.671875,T4,1.5657734821447952e-12,-11.805271066396934,Alzheimer's
13.916015625,T4,1.4922699322632036e-12,-11.82615261152216,Alzheimer's
14.16015625,T4,1.3839049614759833e-12,-11.858893733668111,Alzheimer's
14.404296875,T4,1.2734041908119389e-12,-11.895033725193471,Alzheimer's
14.6484375,T4,1.1591817208855397e-12,-11.935848475864294,Alzheimer's
14.892578125,T4,1.197492481558739e-12,-11.9217272046172,Alzheimer's
15.13671875,T4,1.1962407102253672e-12,-11.922181421849189,Alzheimer's
15.380859375,T4,1.288070081109652e-12,-11.890060507309112,Alzheimer's
15.625,T4,1.1868889733679014e-12,-11.925589904894494,Alzheimer's
15.869140625,T4,1.1109635668131972e-12,-11.954300183175633,Alzheimer's
16.11328125,T4,1.0709804032181888e-12,-11.97021847580873,Alzheimer's
16.357421875,T4,9.624508318565904e-13,-12.016621447792236,Alzheimer's
16.6015625,T4,8.576854559425163e-13,-12.066671954335854,Alzheimer's
16.845703125,T4,9.66617470695068e-13,-12.014745359664866,Alzheimer's
17.08984375,T4,9.49743342796554e-13,-12.022393741939448,Alzheimer's
17.333984375,T4,8.952319702272176e-13,-12.048064416822262,Alzheimer's
17.578125,T4,9.767632854411025e-13,-12.01021067300871,Alzheimer's
17.822265625,T4,1.0312250574874024e-12,-11.986646542710226,Alzheimer's
18.06640625,T4,9.3524476748428e-13,-12.02907471291758,Alzheimer's
18.310546875,T4,8.302512181225646e-13,-12.080790478543763,Alzheimer's
18.5546875,T4,7.567310653238252e-13,-12.121058437009324,Alzheimer's
18.798828125,T4,8.455285335325508e-13,-12.072871731949572,Alzheimer's
19.04296875,T4,8.669392929566219e-13,-12.062011312739498,Alzheimer's
19.287109375,T4,8.421853392579569e-13,-12.074592323037802,Alzheimer's
19.53125,T4,8.043336809663703e-13,-12.09456374510875,Alzheimer's
19.775390625,T4,1.0125987934514614e-12,-11.994562594426649,Alzheimer's
20.01953125,T4,7.867635855168223e-13,-12.10415574912774,Alzheimer's
20.263671875,T4,8.316250128420203e-13,-12.080072456839485,Alzheimer's
20.5078125,T4,7.916702923476795e-13,-12.101455651778164,Alzheimer's
20.751953125,T4,8.733023518828159e-13,-12.058835370245337,Alzheimer's
20.99609375,T4,8.311115007263425e-13,-12.080340707982703,Alzheimer's
21.240234375,T4,8.482739295073137e-13,-12.071463880216418,Alzheimer's
21.484375,T4,7.817398783565714e-13,-12.106937733113297,Alzheimer's
21.728515625,T4,7.170718163434627e-13,-12.144437346591925,Alzheimer's
21.97265625,T4,9.235016405003024e-13,-12.034562328746103,Alzheimer's
22.216796875,T4,7.637595007593521e-13,-12.11704337432491,Alzheimer's
22.4609375,T4,6.824063981477458e-13,-12.165956909936614,Alzheimer's
22.705078125,T4,6.296523369878231e-13,-12.20089918039433,Alzheimer's
22.94921875,T4,5.622762951571656e-13,-12.250050225399445,Alzheimer's
23.193359375,T4,5.517413430699706e-13,-12.258264472278562,Alzheimer's
23.4375,T4,5.394955343852778e-13,-12.268012145790818,Alzheimer's
23.681640625,T4,5.688917190216339e-13,-12.244970387922129,Alzheimer's
23.92578125,T4,5.761979399666129e-13,-12.239428298750385,Alzheimer's
24.169921875,T4,5.61442094521176e-13,-12.250695028942554,Alzheimer's
24.4140625,T4,6.019855303916899e-13,-12.220413947523848,Alzheimer's
24.658203125,T4,6.136353891574247e-13,-12.21208960200465,Alzheimer's
24.90234375,T4,5.589637059335908e-13,-12.252616390368471,Alzheimer's
25.146484375,T4,4.645206173568178e-13,-12.332995005447334,Alzheimer's
25.390625,T4,6.223580089984827e-13,-12.205959717232137,Alzheimer's
25.634765625,T4,6.2694356215547e-13,-12.202771552865691,Alzheimer's
25.87890625,T4,6.020708481449275e-13,-12.220352400522955,Alzheimer's
26.123046875,T4,6.57111801664337e-13,-12.182360732852594,Alzheimer's
26.3671875,T4,5.744123515093707e-13,-12.240776230091155,Alzheimer's
26.611328125,T4,5.228780306365744e-13,-12.281599605203708,Alzheimer's
26.85546875,T4,5.913728800693479e-13,-12.228138595782667,Alzheimer's
27.099609375,T4,5.182681491991226e-13,-12.285445480437156,Alzheimer's
27.34375,T4,7.28700032551582e-13,-12.137451211074945,Alzheimer's
27.587890625,T4,9.30036054683678e-13,-12.031500214836765,Alzheimer's
27.83203125,T4,6.278617381904676e-13,-12.202135981982346,Alzheimer's
28.076171875,T4,5.05880998914207e-13,-12.295951632553646,Alzheimer's
28.3203125,T4,6.574359226396194e-13,-12.182146569530437,Alzheimer's
28.564453125,T4,7.308983977585633e-13,-12.136142990155124,Alzheimer's
28.80859375,T4,6.372231298836957e-13,-12.19570846859196,Alzheimer's
29.052734375,T4,6.139668636927315e-13,-12.211855067464263,Alzheimer's
29.296875,T4,5.891850943092424e-13,-12.229748248830646,Alzheimer's
29.541015625,T4,4.968090119005252e-13,-12.303810534846026,Alzheimer's
29.78515625,T4,5.51933669813109e-13,-12.258113111700244,Alzheimer's
30.029296875,T4,6.275456384114738e-13,-12.202354684524977,Alzheimer's
30.2734375,T4,7.390724719314062e-13,-12.131312973490552,Alzheimer's
30.517578125,T4,5.852551390398869e-13,-12.232654764138188,Alzheimer's
30.76171875,T4,5.606079279407991e-13,-12.251340764876488,Alzheimer's
31.005859375,T4,6.469696691141955e-13,-12.189116079215545,Alzheimer's
31.25,T4,5.863902126463615e-13,-12.231813287052384,Alzheimer's
31.494140625,T4,5.196934738423651e-13,-12.284252736885136,Alzheimer's
31.73828125,T4,4.379463087324375e-13,-12.358579129793908,Alzheimer's
31.982421875,T4,5.485549708879247e-13,-12.260779845104652,Alzheimer's
32.2265625,T4,5.95520384824222e-13,-12.225103367908908,Alzheimer's
32.470703125,T4,6.135203261848515e-13,-12.21217104434091,Alzheimer's
32.71484375,T4,6.496693262173662e-13,-12.187307637727496,Alzheimer's
32.958984375,T4,7.34057229739148e-13,-12.134270079605711,Alzheimer's
33.203125,T4,6.589779093959529e-13,-12.18112914381,Alzheimer's
33.447265625,T4,4.477192239070046e-13,-12.348994257732947,Alzheimer's
33.69140625,T4,4.69386676438566e-13,-12.328469242030422,Alzheimer's
33.935546875,T4,6.542295953745969e-13,-12.184269813593556,Alzheimer's
34.1796875,T4,7.488568011627968e-13,-12.125601221566976,Alzheimer's
34.423828125,T4,4.5021534465048274e-13,-12.346579707062144,Alzheimer's
34.66796875,T4,4.3721342518345994e-13,-12.359306510963922,Alzheimer's
34.912109375,T4,4.157446710715385e-13,-12.381173308768831,Alzheimer's
35.15625,T4,5.279737895721198e-13,-12.277387636797132,Alzheimer's
35.400390625,T4,4.11352998300389e-13,-12.385785332828268,Alzheimer's
35.64453125,T4,4.075588313183825e-13,-12.389809691776122,Alzheimer's
35.888671875,T4,5.076135050032182e-13,-12.29446683206521,Alzheimer's
36.1328125,T4,5.158013412930562e-13,-12.287517532854508,Alzheimer's
36.376953125,T4,4.528524197870076e-13,-12.344043307291129,Alzheimer's
36.62109375,T4,4.274304774216555e-13,-12.36913451421654,Alzheimer's
36.865234375,T4,5.706617860119409e-13,-12.243621208719322,Alzheimer's
37.109375,T4,5.862094534006961e-13,-12.23194718226972,Alzheimer's
37.353515625,T4,4.68725429366671e-13,-12.329081484427212,Alzheimer's
37.59765625,T4,4.178893432716598e-13,-12.378938703796132,Alzheimer's
37.841796875,T4,3.770168230234786e-13,-12.423639270528271,Alzheimer's
38.0859375,T4,4.094137800051141e-13,-12.3878375439904,Alzheimer's
38.330078125,T4,5.494970109277028e-13,-12.26003466564474,Alzheimer's
38.57421875,T4,7.680357596904313e-13,-12.1146185587775,Alzheimer's
38.818359375,T4,7.143116633243682e-13,-12.1461122586308,Alzheimer's
39.0625,T4,7.032557965311281e-13,-12.152886679509567,Alzheimer's
39.306640625,T4,6.155216101242468e-13,-12.210756694978055,Alzheimer's
39.55078125,T4,4.224381284272085e-13,-12.374236890147,Alzheimer's
39.794921875,T4,6.779099719921633e-13,-12.168827977612438,Alzheimer's
0.0,T5,5.011022428634172e-10,-9.300073653411932,Alzheimer's
0.244140625,T5,3.876423843704461e-09,-8.4115687437682,Alzheimer's
0.48828125,T5,1.8219769697515262e-09,-8.739457116920123,Alzheimer's
0.732421875,T5,8.305307168825853e-10,-9.08064430068891,Alzheimer's
0.9765625,T5,4.75379067195512e-10,-9.322959945875892,Alzheimer's
1.220703125,T5,3.072778139276353e-10,-9.512468795541338,Alzheimer's
1.46484375,T5,2.0732933365336719e-10,-9.683339248110968,Alzheimer's
1.708984375,T5,1.5558850230942358e-10,-9.8080224996861,Alzheimer's
1.953125,T5,1.2947524036088902e-10,-9.887813274074803,Alzheimer's
2.197265625,T5,9.355622659765304e-11,-10.028927302904624,Alzheimer's
2.44140625,T5,7.125866690894945e-11,-10.147162306592111,Alzheimer's
2.685546875,T5,5.823905458566627e-11,-10.23478568368748,Alzheimer's
2.9296875,T5,4.6873617611526817e-11,-10.329071527211717,Alzheimer's
3.173828125,T5,3.8885654810417984e-11,-10.410210583396353,Alzheimer's
3.41796875,T5,3.43445985538837e-11,-10.46414155562623,Alzheimer's
3.662109375,T5,2.9683823271774983e-11,-10.527480162729304,Alzheimer's
3.90625,T5,2.3823127944643297e-11,-10.623001216828342,Alzheimer's
4.150390625,T5,2.231028981461978e-11,-10.65149478811721,Alzheimer's
4.39453125,T5,1.8524197116127518e-11,-10.732260606322551,Alzheimer's
4.638671875,T5,1.61350336950028e-11,-10.79223012331626,Alzheimer's
4.8828125,T5,1.4614335495059587e-11,-10.835220926963387,Alzheimer's
5.126953125,T5,1.2202572710295196e-11,-10.913548595875014,Alzheimer's
5.37109375,T5,1.1139789789125578e-11,-10.953123004340402,Alzheimer's
5.615234375,T5,8.785808925831736e-12,-11.056218246023947,Alzheimer's
5.859375,T5,8.496784229682119e-12,-11.07074541023325,Alzheimer's
6.103515625,T5,8.67134582539595e-12,-11.06191349316005,Alzheimer's
6.34765625,T5,8.47071318870135e-12,-11.072080022859586,Alzheimer's
6.591796875,T5,7.0792233721967444e-12,-11.150014384071492,Alzheimer's
6.8359375,T5,6.63649957609988e-12,-11.178060929010382,Alzheimer's
7.080078125,T5,6.59438064987124e-12,-11.180825987528433,Alzheimer's
7.32421875,T5,6.404361060438855e-12,-11.193524191722137,Alzheimer's
7.568359375,T5,5.6964559685130855e-12,-11.244395255206246,Alzheimer's
7.8125,T5,4.995183411605368e-12,-11.301448560854269,Alzheimer's
8.056640625,T5,4.615781869953619e-12,-11.335754723013906,Alzheimer's
8.30078125,T5,4.380086775369644e-12,-11.358517285456884,Alzheimer's
8.544921875,T5,3.718099114371479e-12,-11.429679037304606,Alzheimer's
8.7890625,T5,3.6246993940177003e-12,-11.440728004798554,Alzheimer's
9.033203125,T5,3.3643970991884644e-12,-11.473092750148702,Alzheimer's
9.27734375,T5,3.3528045262478312e-12,-11.474591765881224,Alzheimer's
9.521484375,T5,3.481607651892929e-12,-11.45822017182252,Alzheimer's
9.765625,T5,3.215405581754967e-12,-11.492764238662414,Alzheimer's
10.009765625,T5,2.85731532772625e-12,-11.544041829083575,Alzheimer's
10.25390625,T5,2.9510963895838814e-12,-11.530016605213447,Alzheimer's
10.498046875,T5,2.997744280336372e-12,-11.523205416976571,Alzheimer's
10.7421875,T5,2.7703595513840445e-12,-11.557463862325962,Alzheimer's
10.986328125,T5,2.491495496180834e-12,-11.603539893556372,Alzheimer's
11.23046875,T5,2.341939879616349e-12,-11.630424257976722,Alzheimer's
11.474609375,T5,2.461613161755223e-12,-11.608780194668308,Alzheimer's
11.71875,T5,2.3061336626155016e-12,-11.63711552477156,Alzheimer's
11.962890625,T5,2.129366163793132e-12,-11.671749651271243,Alzheimer's
12.20703125,T5,2.4020132499048638e-12,-11.619424601285862,Alzheimer's
12.451171875,T5,2.192294596669265e-12,-11.65910108654206,Alzheimer's
12.6953125,T5,2.0063369511406453e-12,-11.697596128278573,Alzheimer's
12.939453125,T5,2.0114967091155265e-12,-11.696480673614287,Alzheimer's
13.18359375,T5,1.880603202643526e-12,-11.725702828628837,Alzheimer's
13.427734375,T5,1.777953922706567e-12,-11.75007949835657,Alzheimer's
13.671875,T5,1.569523624076095e-12,-11.804232143023082,Alzheimer's
13.916015625,T5,1.4589624734891058e-12,-11.83595587861114,Alzheimer's
14.16015625,T5,1.2733656577667277e-12,-11.895046867086853,Alzheimer's
14.404296875,T5,1.2541137410221198e-12,-11.90166307366624,Alzheimer's
14.6484375,T5,1.2022846971229149e-12,-11.919992680628386,Alzheimer's
14.892578125,T5,1.1311839568591974e-12,-11.946466762932722,Alzheimer's
15.13671875,T5,1.0938900466834984e-12,-11.961026329299177,Alzheimer's
15.380859375,T5,1.2884285197281477e-12,-11.88993967051528,Alzheimer's
15.625,T5,1.1057133968885229e-12,-11.956357428438077,Alzheimer's
15.869140625,T5,1.0182440283724677e-12,-11.992148128212246,Alzheimer's
16.11328125,T5,1.016705697296768e-12,-11.992804742787392,Alzheimer's
16.357421875,T5,8.875856380631843e-13,-12.051789733659914,Alzheimer's
16.6015625,T5,8.62692641513812e-13,-12.064143906336266,Alzheimer's
16.845703125,T5,8.553768429019739e-13,-12.067842511310936,Alzheimer's
17.08984375,T5,7.753389352444575e-13,-12.110508406489355,Alzheimer's
17.333984375,T5,8.489344318260881e-13,-12.071125851564965,Alzheimer's
17.578125,T5,7.973027270896288e-13,-12.098376750445771,Alzheimer's
17.822265625,T5,8.275847534816697e-13,-12.08218751890018,Alzheimer's
18.06640625,T5,7.773447542604384e-13,-12.109386327831851,Alzheimer's
18.310546875,T5,7.559440261675317e-13,-12.121510360618547,Alzheimer's
18.5546875,T5,6.75212237766516e-13,-12.17055969501643,Alzheimer's
18.798828125,T5,7.22661761040012e-13,-12.141064924953614,Alzheimer's
19.04296875,T5,7.022437132766338e-13,-12.153512140060151,Alzheimer's
19.287109375,T5,5.942038660109147e-13,-12.226064526915144,Alzheimer's
19.53125,T5,5.873053695385386e-13,-12.231136028528235,Alzheimer's
19.775390625,T5,6.186450376050512e-13,-12.208558466370729,Alzheimer's
20.01953125,T5,5.648115933221153e-13,-12.248096397536727,Alzheimer's
20.263671875,T5,4.780601117418417e-13,-12.3205174913452,Alzheimer's
20.5078125,T5,4.960183653994809e-13,-12.304502243179172,Alzheimer's
20.751953125,T5,5.216798607293358e-13,-12.28259592874234,Alzheimer's
20.99609375,T5,5.556682630723105e-13,-12.2551844071847,Alzheimer's
21.240234375,T5,6.065099741241039e-13,-12.217162052717535,Alzheimer's
21.484375,T5,5.886606315868945e-13,-12.230135007938948,Alzheimer's
21.728515625,T5,5.38835426847397e-13,-12.268543858423174,Alzheimer's
21.97265625,T5,5.20152674269119e-13,-12.28386916432538,Alzheimer's
22.216796875,T5,4.883293054435376e-13,-12.31128721220877,Alzheimer's
22.4609375,T5,5.28176823269574e-13,-12.277220659825366,Alzheimer's
22.705078125,T5,5.160982324586552e-13,-12.287267628306074,Alzheimer's
22.94921875,T5,4.396828025443537e-13,-12.35686052074862,Alzheimer's
23.193359375,T5,4.00006582809481e-13,-12.397932861536264,Alzheimer's
23.4375,T5,3.77841242803901e-13,-12.422690638937844,Alzheimer's
23.681640625,T5,3.96089818719714e-13,-12.40220632076328,Alzheimer's
23.92578125,T5,3.8724974569435497e-13,-12.412008858768433,Alzheimer's
24.169921875,T5,3.890455301024637e-13,-12.409999570100595,Alzheimer's
24.4140625,T5,4.059216906326345e-13,-12.391557741315449,Alzheimer's
24.658203125,T5,3.9309104267245593e-13,-12.405506852293486,Alzheimer's
24.90234375,T5,3.4622611296127573e-13,-12.460640179998148,Alzheimer's
25.146484375,T5,3.6339054208098665e-13,-12.439626380207647,Alzheimer's
25.390625,T5,3.9443310868699045e-13,-12.404026637552928,Alzheimer's
25.634765625,T5,3.459317118710306e-13,-12.461009623995118,Alzheimer's
25.87890625,T5,3.558994603632136e-13,-12.448672670499825,Alzheimer's
26.123046875,T5,4.199629162930802e-13,-12.376789057126691,Alzheimer's
26.3671875,T5,4.033096020281897e-13,-12.394361438150536,Alzheimer's
26.611328125,T5,3.259331113781576e-13,-12.48687151753926,Alzheimer's
26.85546875,T5,3.4163318394023374e-13,-12.466439951501224,Alzheimer's
27.099609375,T5,3.099241487747518e-13,-12.508744582937814,Alzheimer's
27.34375,T5,3.186236044171908e-13,-12.496722053743907,Alzheimer's
27.587890625,T5,3.378118430291419e-13,-12.471325128974463,Alzheimer's
27.83203125,T5,3.3596274902557597e-13,-12.47370887376936,Alzheimer's
28.076171875,T5,3.516222040445762e-13,-12.453923708144451,Alzheimer's
28.3203125,T5,3.629966516766018e-13,-12.4400973809283,Alzheimer's
28.564453125,T5,3.355464528359737e-13,-12.47424734788302,Alzheimer's
28.80859375,T5,3.10382335190848e-13,-12.508103003739382,Alzheimer's
29.052734375,T5,3.262824808055641e-13,-12.486406244305076,Alzheimer's
29.296875,T5,3.436704997028792e-13,-12.463857745622782,Alzheimer's
29.541015625,T5,2.987808891634905e-13,-12.52464718462194,Alzheimer's
29.78515625,T5,2.839566194608352e-13,-12.54674800279737,Alzheimer's
30.029296875,T5,3.2404066402885497e-13,-12.48940048653658,Alzheimer's
30.2734375,T5,3.587386296941705e-13,-12.445221855106272,Alzheimer's
30.517578125,T5,3.4368195866368044e-13,-12.46384326523973,Alzheimer's
30.76171875,T5,3.217516229288534e-13,-12.492479253818235,Alzheimer's
31.005859375,T5,3.407485832697404e-13,-12.467565941155543,Alzheimer's
31.25,T5,3.152278115851178e-13,-12.501375473019053,Alzheimer's
31.494140625,T5,3.099776734021076e-13,-12.508669585738152,Alzheimer's
31.73828125,T5,3.1835209195518054e-13,-12.49709229195498,Alzheimer's
31.982421875,T5,3.116615417558895e-13,-12.506316785254963,Alzheimer's
32.2265625,T5,2.621677884422606e-13,-12.581420669477172,Alzheimer's
32.470703125,T5,3.171298867112874e-13,-12.49876282759711,Alzheimer's
32.71484375,T5,3.2131157732904573e-13,-12.493073625897171,Alzheimer's
32.958984375,T5,3.019842528809732e-13,-12.520015702954122,Alzheimer's
33.203125,T5,2.8027946620152256e-13,-12.552408718301177,Alzheimer's
33.447265625,T5,2.43503377274212e-13,-12.613495010952908,Alzheimer's
33.69140625,T5,2.424185034845108e-13,-12.6154342341158,Alzheimer's
33.935546875,T5,2.514248679352224e-13,-12.599591769319424,Alzheimer's
34.1796875,T5,2.882896600975964e-13,-12.540170933897212,Alzheimer's
34.423828125,T5,2.5625050041027177e-13,-12.59133527783782,Alzheimer's
34.66796875,T5,2.574227809833704e-13,-12.589353022242896,Alzheimer's
34.912109375,T5,2.376213076800289e-13,-12.624114618434326,Alzheimer's
35.15625,T5,2.2073111584174298e-13,-12.656136441256791,Alzheimer's
35.400390625,T5,2.2426652477296306e-13,-12.649235546708368,Alzheimer's
35.64453125,T5,2.426563859523492e-13,-12.615008274934423,Alzheimer's
35.888671875,T5,2.426946787076332e-13,-12.614939745848728,Alzheimer's
36.1328125,T5,2.3282857007893306e-13,-12.632963729063716,Alzheimer's
36.376953125,T5,2.568450536113795e-13,-12.590328793614818,Alzheimer's
36.62109375,T5,2.530641754323078e-13,-12.59676933059545,Alzheimer's
36.865234375,T5,2.4845431446438e-13,-12.604753457232784,Alzheimer's
37.109375,T5,2.1359628192794092e-13,-12.670406311344944,Alzheimer's
37.353515625,T5,2.1678060777186105e-13,-12.6639795704471,Alzheimer's
37.59765625,T5,2.045364504764985e-13,-12.689229285064137,Alzheimer's
37.841796875,T5,2.0299740376955049e-13,-12.692509516450178,Alzheimer's
38.0859375,T5,1.9745076716769482e-13,-12.70454117453291,Alzheimer's
38.330078125,T5,2.0313255331289465e-13,-12.692220472502305,Alzheimer's
38.57421875,T5,2.4047637971993597e-13,-12.61892757484553,Alzheimer's
38.818359375,T5,2.194437047588029e-13,-12.65867687336414,Alzheimer's
39.0625,T5,2.2047398986760722e-13,-12.656642638501197,Alzheimer's
39.306640625,T5,2.1560372081174494e-13,-12.6663437485221,Alzheimer's
39.55078125,T5,2.2270832657252725e-13,-12.652263545350785,Alzheimer's
39.794921875,T5,2.7032154458159564e-13,-12.568119339724772,Alzheimer's
0.0,T6,4.5480953928973607e-10,-9.342170434887016,Alzheimer's
0.244140625,T6,3.5602615209121474e-09,-8.448518099522206,Alzheimer's
0.48828125,T6,1.6654874802911694e-09,-8.778458627614592,Alzheimer's
0.732421875,T6,7.983532903685893e-10,-9.097804880448884,Alzheimer's
0.9765625,T6,4.696413951911818e-10,-9.328233630434234,Alzheimer's
1.220703125,T6,3.1097257611266236e-10,-9.50727790861974,Alzheimer's
1.46484375,T6,2.0924339387227639e-10,-9.67934824444632,Alzheimer's
1.708984375,T6,1.5604656170401832e-10,-9.80674579604333,Alzheimer's
1.953125,T6,1.2966346291890408e-10,-9.88718238388622,Alzheimer's
2.197265625,T6,9.364819198788064e-11,-10.028500602883152,Alzheimer's
2.44140625,T6,7.061155051661479e-11,-10.15112425198891,Alzheimer's
2.685546875,T6,5.960104110197242e-11,-10.224746154003174,Alzheimer's
2.9296875,T6,4.909585309335609e-11,-10.308955189236109,Alzheimer's
3.173828125,T6,3.982853770619704e-11,-10.399805638300377,Alzheimer's
3.41796875,T6,3.4720399615885166e-11,-10.459415284936355,Alzheimer's
3.662109375,T6,3.0148062766539446e-11,-10.520740589223076,Alzheimer's
3.90625,T6,2.4715377354484788e-11,-10.60703275434262,Alzheimer's
4.150390625,T6,2.3174914196805428e-11,-10.634981865119729,Alzheimer's
4.39453125,T6,1.88705634100168e-11,-10.724215133104355,Alzheimer's
4.638671875,T6,1.6045598560825267e-11,-10.794644077458171,Alzheimer's
4.8828125,T6,1.3942849146967091e-11,-10.855648471404978,Alzheimer's
5.126953125,T6,1.1660821697448144e-11,-10.933270845280784,Alzheimer's
5.37109375,T6,1.0377494766904304e-11,-10.98390747695259,Alzheimer's
5.615234375,T6,9.3831557052581e-12,-11.027651076877564,Alzheimer's
5.859375,T6,8.643815938576257e-12,-11.063294489557393,Alzheimer's
6.103515625,T6,9.178738531322084e-12,-11.03721700142737,Alzheimer's
6.34765625,T6,8.286202198334236e-12,-11.081644473336857,Alzheimer's
6.591796875,T6,6.958548432004949e-12,-11.15748134569375,Alzheimer's
6.8359375,T6,6.069577501642614e-12,-11.216841538758567,Alzheimer's
7.080078125,T6,6.269646135696247e-12,-11.20275697043744,Alzheimer's
7.32421875,T6,6.0754720570528175e-12,-11.216419972246788,Alzheimer's
7.568359375,T6,5.581741415022014e-12,-11.253230286914086,Alzheimer's
7.8125,T6,4.742410440243914e-12,-11.324000861952245,Alzheimer's
8.056640625,T6,4.580418218380575e-12,-11.33909486661562,Alzheimer's
8.30078125,T6,4.495229180758324e-12,-11.347248161683494,Alzheimer's
8.544921875,T6,3.741219118178309e-12,-11.426986855012457,Alzheimer's
8.7890625,T6,3.708196495592488e-12,-11.43083726085696,Alzheimer's
9.033203125,T6,3.667327609087449e-12,-11.435650291985484,Alzheimer's
9.27734375,T6,3.791558656600175e-12,-11.421182220953764,Alzheimer's
9.521484375,T6,3.6027186090496025e-12,-11.443369657197268,Alzheimer's
9.765625,T6,3.364612194281216e-12,-11.473064985404198,Alzheimer's
10.009765625,T6,2.915366926895432e-12,-11.535306777338109,Alzheimer's
10.25390625,T6,3.330548595201625e-12,-11.47748422527872,Alzheimer's
10.498046875,T6,3.666839961380278e-12,-11.43570804433614,Alzheimer's
10.7421875,T6,3.23922343996729e-12,-11.489559093546504,Alzheimer's
10.986328125,T6,2.8991757041250783e-12,-11.537725463493013,Alzheimer's
11.23046875,T6,2.6997489406291765e-12,-11.56867662057025,Alzheimer's
11.474609375,T6,2.579049588982153e-12,-11.588540307333073,Alzheimer's
11.71875,T6,2.589994009432037e-12,-11.586701240425937,Alzheimer's
11.962890625,T6,2.5608540616557736e-12,-11.591615170466955,Alzheimer's
12.20703125,T6,2.7183770578020377e-12,-11.5656903037605,Alzheimer's
12.451171875,T6,2.475497490286184e-12,-11.606337509629574,Alzheimer's
12.6953125,T6,2.144765089128588e-12,-11.668620268086258,Alzheimer's
12.939453125,T6,2.16103903902835e-12,-11.665337387544591,Alzheimer's
13.18359375,T6,1.876776638969566e-12,-11.7265874110415,Alzheimer's
13.427734375,T6,1.945749167933604e-12,-11.710913146597768,Alzheimer's
13.671875,T6,1.7216011571640393e-12,-11.764067454105138,Alzheimer's
13.916015625,T6,1.65771719911722e-12,-11.780489556619589,Alzheimer's
14.16015625,T6,1.4675104886604972e-12,-11.833418786059156,Alzheimer's
14.404296875,T6,1.262679820573518e-12,-11.898706760122794,Alzheimer's
14.6484375,T6,1.1265387757340948e-12,-11.94825385516294,Alzheimer's
14.892578125,T6,1.1087716176100416e-12,-11.955157899681318,Alzheimer's
15.13671875,T6,1.1548415430474949e-12,-11.937477601660234,Alzheimer's
15.380859375,T6,1.2999162051541644e-12,-11.886084642163985,Alzheimer's
15.625,T6,1.2178481753812526e-12,-11.914406850212178,Alzheimer's
15.869140625,T6,1.162250159915968e-12,-11.934700385389558,Alzheimer's
16.11328125,T6,1.0586498900948669e-12,-11.975247643235027,Alzheimer's
16.357421875,T6,8.559649767076093e-13,-12.067544004871678,Alzheimer's
16.6015625,T6,7.905280734340799e-13,-12.102082702681775,Alzheimer's
16.845703125,T6,8.635269621417534e-13,-12.063724097787803,Alzheimer's
17.08984375,T6,8.307028711191835e-13,-12.080554288500618,Alzheimer's
17.333984375,T6,8.436565819716365e-13,-12.07383430089319,Alzheimer's
17.578125,T6,8.256067069495544e-13,-12.0832267876411,Alzheimer's
17.822265625,T6,8.942249359674891e-13,-12.048553223752169,Alzheimer's
18.06640625,T6,8.251183214922599e-13,-12.083483769405694,Alzheimer's
18.310546875,T6,7.746465147785868e-13,-12.11089642872206,Alzheimer's
18.5546875,T6,6.827898323578261e-13,-12.16571295472744,Alzheimer's
18.798828125,T6,7.182157770076836e-13,-12.14374505898143,Alzheimer's
19.04296875,T6,7.118636390222171e-13,-12.147603189638222,Alzheimer's
19.287109375,T6,6.243951913637591e-13,-12.204540450216005,Alzheimer's
19.53125,T6,6.008482381951241e-13,-12.221235207926352,Alzheimer's
19.775390625,T6,6.295572704256963e-13,-12.200964756265384,Alzheimer's
20.01953125,T6,5.595672169451426e-13,-12.252147737205368,Alzheimer's
20.263671875,T6,5.925591530236943e-13,-12.227268289116214,Alzheimer's
20.5078125,T6,5.367836567731491e-13,-12.270200715419705,Alzheimer's
20.751953125,T6,5.186240668111223e-13,-12.285147333612274,Alzheimer's
20.99609375,T6,5.389838200015131e-13,-12.268424271899589,Alzheimer's
21.240234375,T6,5.361970739533204e-13,-12.27067556030725,Alzheimer's
21.484375,T6,5.417165745101086e-13,-12.266227876415456,Alzheimer's
21.728515625,T6,5.294508692059594e-13,-12.276174334371822,Alzheimer's
21.97265625,T6,5.303709849879782e-13,-12.275420242906998,Alzheimer's
22.216796875,T6,5.399062302544325e-13,-12.267681660953448,Alzheimer's
22.4609375,T6,5.407535360476123e-13,-12.267000631979588,Alzheimer's
22.705078125,T6,5.23365339246675e-13,-12.281195042629172,Alzheimer's
22.94921875,T6,4.71393521499813e-13,-12.326616390407828,Alzheimer's
23.193359375,T6,4.304055491563431e-13,-12.366122138009782,Alzheimer's
23.4375,T6,4.039982172389753e-13,-12.393620551337374,Alzheimer's
23.681640625,T6,3.7621512955259353e-13,-12.424563743211255,Alzheimer's
23.92578125,T6,4.503628901806889e-13,-12.346437402467846,Alzheimer's
24.169921875,T6,4.240600667734906e-13,-12.372572622603876,Alzheimer's
24.4140625,T6,3.916156446108814e-13,-12.407139966939225,Alzheimer's
24.658203125,T6,4.046898422992117e-13,-12.392877696247831,Alzheimer's
24.90234375,T6,3.748385003862705e-13,-12.4261558082683,Alzheimer's
25.146484375,T6,3.5188298650582853e-13,-12.453601730735876,Alzheimer's
25.390625,T6,3.820611662551681e-13,-12.417867102950638,Alzheimer's
25.634765625,T6,3.6569513016384664e-13,-12.436880822973553,Alzheimer's
25.87890625,T6,3.720685677165838e-13,-12.429377017545884,Alzheimer's
26.123046875,T6,3.611277294742184e-13,-12.442339162652456,Alzheimer's
26.3671875,T6,3.677839684671898e-13,-12.434407205380642,Alzheimer's
26.611328125,T6,3.80510913315392e-13,-12.419632882849555,Alzheimer's
26.85546875,T6,3.8800540625556186e-13,-12.411162223141355,Alzheimer's
27.099609375,T6,3.5234506086633963e-13,-12.453031812015524,Alzheimer's
27.34375,T6,3.6065945009379593e-13,-12.442902683826556,Alzheimer's
27.587890625,T6,3.563858282209183e-13,-12.44807957412962,Alzheimer's
27.83203125,T6,3.6544081002854874e-13,-12.437182955121022,Alzheimer's
28.076171875,T6,3.2761874367918786e-13,-12.484631259403752,Alzheimer's
28.3203125,T6,3.440913815414175e-13,-12.46332620501894,Alzheimer's
28.564453125,T6,3.6061120794531793e-13,-12.442960779351935,Alzheimer's
28.80859375,T6,3.215804814018476e-13,-12.492710318992993,Alzheimer's
29.052734375,T6,3.043071330468047e-13,-12.516687867534836,Alzheimer's
29.296875,T6,3.165663488511597e-13,-12.499535252723785,Alzheimer's
29.541015625,T6,2.9004493266179613e-13,-12.537534717633877,Alzheimer's
29.78515625,T6,2.983748610334866e-13,-12.5252377702555,Alzheimer's
30.029296875,T6,3.3514786241978975e-13,-12.474763546200885,Alzheimer's
30.2734375,T6,3.45212707109517e-13,-12.46191322649688,Alzheimer's
30.517578125,T6,3.584539684075727e-13,-12.445566607221116,Alzheimer's
30.76171875,T6,3.4559867110034405e-13,-12.461427936143656,Alzheimer's
31.005859375,T6,3.774776917025705e-13,-12.423108709350691,Alzheimer's
31.25,T6,3.3028209687486306e-13,-12.481114966845016,Alzheimer's
31.494140625,T6,2.7729887256866813e-13,-12.557051896156729,Alzheimer's
31.73828125,T6,2.850805690217369e-13,-12.545032383021027,Alzheimer's
31.982421875,T6,2.781170844465203e-13,-12.555772332052944,Alzheimer's
32.2265625,T6,2.9853677979632026e-13,-12.525002156063616,Alzheimer's
32.470703125,T6,3.1147116184076093e-13,-12.506582157137071,Alzheimer's
32.71484375,T6,3.149407988967215e-13,-12.501771075190764,Alzheimer's
32.958984375,T6,2.848716780995777e-13,-12.54535072610796,Alzheimer's
33.203125,T6,2.767002651791744e-13,-12.557990424647278,Alzheimer's
33.447265625,T6,2.6864534079450297e-13,-12.570820687143618,Alzheimer's
33.69140625,T6,2.671218317337493e-13,-12.573290615857204,Alzheimer's
33.935546875,T6,2.644337246832548e-13,-12.57768315769687,Alzheimer's
34.1796875,T6,3.0517701897324533e-13,-12.515448173564094,Alzheimer's
34.423828125,T6,2.703395940477528e-13,-12.568090342695038,Alzheimer's
34.66796875,T6,2.971456582305865e-13,-12.52703061109069,Alzheimer's
34.912109375,T6,2.596489842298247e-13,-12.58561337206467,Alzheimer's
35.15625,T6,2.543080262238363e-13,-12.594639932825803,Alzheimer's
35.400390625,T6,2.5978108987829724e-13,-12.58539246550474,Alzheimer's
35.64453125,T6,2.487629652424589e-13,-12.604214275058538,Alzheimer's
35.888671875,T6,2.620090954167756e-13,-12.581683632265165,Alzheimer's
36.1328125,T6,2.427570877133879e-13,-12.614828081255684,Alzheimer's
36.376953125,T6,2.628905155028094e-13,-12.580225081976923,Alzheimer's
36.62109375,T6,2.353114383682505e-13,-12.628356961478996,Alzheimer's
36.865234375,T6,2.255089014507725e-13,-12.646836310661175,Alzheimer's
37.109375,T6,2.387636284255625e-13,-12.622031829875748,Alzheimer's
37.353515625,T6,2.821980111936005e-13,-12.54944605128574,Alzheimer's
37.59765625,T6,2.5106853556916453e-13,-12.600207710564275,Alzheimer's
37.841796875,T6,2.46771684929602e-13,-12.607704673586516,Alzheimer's
38.0859375,T6,2.3259368658983413e-13,-12.633402077726268,Alzheimer's
38.330078125,T6,2.630663728169885e-13,-12.579934663253669,Alzheimer's
38.57421875,T6,2.520930489578379e-13,-12.598439129098931,Alzheimer's
38.818359375,T6,2.5945346991374644e-13,-12.585940516704202,Alzheimer's
39.0625,T6,2.3029954833936705e-13,-12.637706913767914,Alzheimer's
39.306640625,T6,2.2868270595433093e-13,-12.640766677512158,Alzheimer's
39.55078125,T6,2.4961821078740653e-13,-12.602723734069816,Alzheimer's
39.794921875,T6,2.431197740721428e-13,-12.614179716511806,Alzheimer's
0.0,Fz,5.717065530650817e-10,-9.24282682974883,Alzheimer's
0.244140625,Fz,4.656634202450341e-09,-8.331927876324698,Alzheimer's
0.48828125,Fz,1.9638842931075363e-09,-8.706884103282883,Alzheimer's
0.732421875,Fz,8.826372424028752e-10,-9.054217751680548,Alzheimer's
0.9765625,Fz,5.186556375280763e-10,-9.28512089717838,Alzheimer's
1.220703125,Fz,3.272583107193754e-10,-9.485109315735995,Alzheimer's
1.46484375,Fz,2.317385445990961e-10,-9.635001724887294,Alzheimer's
1.708984375,Fz,1.589322216811234e-10,-9.798788045651758,Alzheimer's
1.953125,Fz,1.3412931866760443e-10,-9.872476281478445,Alzheimer's
2.197265625,Fz,9.713880939453304e-11,-10.012607223866413,Alzheimer's
2.44140625,Fz,7.47382795488685e-11,-10.12645690369046,Alzheimer's
2.685546875,Fz,6.171664236425724e-11,-10.209597709348046,Alzheimer's
2.9296875,Fz,5.0543713383026815e-11,-10.296332854174816,Alzheimer's
3.173828125,Fz,4.145760935348284e-11,-10.382395745043054,Alzheimer's
3.41796875,Fz,3.617399861757723e-11,-10.441603482347968,Alzheimer's
3.662109375,Fz,3.075666842139569e-11,-10.5120607093311,Alzheimer's
3.90625,Fz,2.4574091793143124e-11,-10.609522523811794,Alzheimer's
4.150390625,Fz,2.1075639843267808e-11,-10.67621923159374,Alzheimer's
4.39453125,Fz,1.7306959342133868e-11,-10.76177922657456,Alzheimer's
4.638671875,Fz,1.4736546020996638e-11,-10.831604295296478,Alzheimer's
4.8828125,Fz,1.357821924795366e-11,-10.8671571830377,Alzheimer's
5.126953125,Fz,1.1259551182451847e-11,-10.948478920574312,Alzheimer's
5.37109375,Fz,1.0578957939143885e-11,-10.975557109575714,Alzheimer's
5.615234375,Fz,9.516228907140078e-12,-11.021535119817608,Alzheimer's
5.859375,Fz,8.983651013351385e-12,-11.046547127396597,Alzheimer's
6.103515625,Fz,8.124891725969823e-12,-11.090182417810892,Alzheimer's
6.34765625,Fz,7.293220445405622e-12,-11.13708065922237,Alzheimer's
6.591796875,Fz,5.9479671454496986e-12,-11.225631439038668,Alzheimer's
6.8359375,Fz,5.078198484416189e-12,-11.294290328471735,Alzheimer's
7.080078125,Fz,5.4961972698582106e-12,-11.259937687943893,Alzheimer's
7.32421875,Fz,5.138111079868666e-12,-11.28919651103648,Alzheimer's
7.568359375,Fz,5.025297945748349e-12,-11.2988381841844,Alzheimer's
7.8125,Fz,4.321105079659128e-12,-11.36440517248506,Alzheimer's
8.056640625,Fz,4.614908722458716e-12,-11.335836884394196,Alzheimer's
8.30078125,Fz,4.304446123881853e-12,-11.36608272361038,Alzheimer's
8.544921875,Fz,3.4229620062883625e-12,-11.4655979213561,Alzheimer's
8.7890625,Fz,3.458574723468663e-12,-11.461102836830886,Alzheimer's
9.033203125,Fz,3.3432058969521e-12,-11.475836875828447,Alzheimer's
9.27734375,Fz,3.134824263034244e-12,-11.503786800521857,Alzheimer's
9.521484375,Fz,3.069815347601528e-12,-11.512887746975432,Alzheimer's
9.765625,Fz,2.621539327541935e-12,-11.58144362274662,Alzheimer's
10.009765625,Fz,2.157194783047846e-12,-11.666110638678829,Alzheimer's
10.25390625,Fz,2.172540967356075e-12,-11.6630320253608,Alzheimer's
10.498046875,Fz,2.3545206992398056e-12,-11.6280974872021,Alzheimer's
10.7421875,Fz,2.0115341188580264e-12,-11.696472596696449,Alzheimer's
10.986328125,Fz,2.0377584814685127e-12,-11.6908472905853,Alzheimer's
11.23046875,Fz,1.897509058156575e-12,-11.72181614223194,Alzheimer's
11.474609375,Fz,1.9864448206571097e-12,-11.70192349424666,Alzheimer's
11.71875,Fz,1.6675635186432148e-12,-11.777917614520344,Alzheimer's
11.962890625,Fz,1.4506982573548821e-12,-11.838422910645216,Alzheimer's
12.20703125,Fz,1.6307492481855737e-12,-11.787612813025577,Alzheimer's
12.451171875,Fz,1.5349937047231585e-12,-11.81389340130054,Alzheimer's
12.6953125,Fz,1.505977484924612e-12,-11.822181520994612,Alzheimer's
12.939453125,Fz,1.4915018769439984e-12,-11.826376195774325,Alzheimer's
13.18359375,Fz,1.3463429405177869e-12,-11.87084430251602,Alzheimer's
13.427734375,Fz,1.253149905862446e-12,-11.901996974181609,Alzheimer's
13.671875,Fz,1.2093134853188772e-12,-11.917461104187634,Alzheimer's
13.916015625,Fz,1.113257023376971e-12,-11.953404556287248,Alzheimer's
14.16015625,Fz,1.0523678150308324e-12,-11.977832442578212,Alzheimer's
14.404296875,Fz,1.0599326156226545e-12,-11.97472174378567,Alzheimer's
14.6484375,Fz,8.672699223710295e-13,-12.061845715035712,Alzheimer's
14.892578125,Fz,9.25459798042734e-13,-12.033642442245942,Alzheimer's
15.13671875,Fz,9.395132460997654e-13,-12.027097092447455,Alzheimer's
15.380859375,Fz,8.801612535298954e-13,-12.055437753869576,Alzheimer's
15.625,Fz,8.569384961329689e-13,-12.0670503469783,Alzheimer's
15.869140625,Fz,8.317043197865349e-13,-12.080031042829969,Alzheimer's
16.11328125,Fz,8.78923363784176e-13,-12.056048990838194,Alzheimer's
16.357421875,Fz,7.723209352504392e-13,-12.112202192611436,Alzheimer's
16.6015625,Fz,7.412276712435358e-13,-12.130048376125863,Alzheimer's
16.845703125,Fz,8.032557664310925e-13,-12.095146148041971,Alzheimer's
17.08984375,Fz,6.695211097573136e-13,-12.174235725288888,Alzheimer's
17.333984375,Fz,6.826735895940835e-13,-12.165786898254838,Alzheimer's
17.578125,Fz,6.91979472464577e-13,-12.1599067886756,Alzheimer's
17.822265625,Fz,6.663715899938329e-13,-12.176283526865255,Alzheimer's
18.06640625,Fz,6.64474739692529e-13,-12.177521524308409,Alzheimer's
18.310546875,Fz,6.844709053543343e-13,-12.164645007592243,Alzheimer's
18.5546875,Fz,5.972523553466426e-13,-12.223842128874807,Alzheimer's
18.798828125,Fz,5.972335284781688e-13,-12.223855819124648,Alzheimer's
19.04296875,Fz,6.126225444731829e-13,-12.21280702522428,Alzheimer's
19.287109375,Fz,5.208768090447599e-13,-12.28326497819429,Alzheimer's
19.53125,Fz,5.107143142902759e-13,-12.291821969577084,Alzheimer's
19.775390625,Fz,5.386057750316372e-13,-12.268728994313058,Alzheimer's
20.01953125,Fz,4.603803268077165e-13,-12.336883243125216,Alzheimer's
20.263671875,Fz,4.552795936553596e-13,-12.341721815014637,Alzheimer's
20.5078125,Fz,4.877347164898274e-13,-12.311816330643085,Alzheimer's
20.751953125,Fz,4.561647007162579e-13,-12.34087832466498,Alzheimer's
20.99609375,Fz,4.749985946076855e-13,-12.32330767533309,Alzheimer's
21.240234375,Fz,4.857173559119218e-13,-12.31361637780737,Alzheimer's
21.484375,Fz,4.987394670220149e-13,-12.302126263159874,Alzheimer's
21.728515625,Fz,4.908316822309036e-13,-12.309067412175729,Alzheimer's
21.97265625,Fz,4.607484838903419e-13,-12.33653608516834,Alzheimer's
22.216796875,Fz,4.197563244816744e-13,-12.37700275161207,Alzheimer's
22.4609375,Fz,4.5317239446746583e-13,-12.343736553565044,Alzheimer's
22.705078125,Fz,4.286930066348146e-13,-12.367853601174888,Alzheimer's
22.94921875,Fz,3.64440507163601e-13,-12.438373357659728,Alzheimer's
23.193359375,Fz,3.6355147947015243e-13,-12.439434083658224,Alzheimer's
23.4375,Fz,3.590546319985935e-13,-12.444839466267396,Alzheimer's
23.681640625,Fz,3.1939333910487945e-13,-12.495674145242493,Alzheimer's
23.92578125,Fz,3.826449729703183e-13,-12.417203987876388,Alzheimer's
24.169921875,Fz,3.5641951165988175e-13,-12.448038529174244,Alzheimer's
24.4140625,Fz,3.146832975763852e-13,-12.502126307493231,Alzheimer's
24.658203125,Fz,3.193515688585065e-13,-12.49573094596938,Alzheimer's
24.90234375,Fz,3.401420756545079e-13,-12.468339642415035,Alzheimer's
25.146484375,Fz,3.088428064665427e-13,-12.510262509748884,Alzheimer's
25.390625,Fz,3.096188944411669e-13,-12.509172544432444,Alzheimer's
25.634765625,Fz,2.7591962823592226e-13,-12.55921740379287,Alzheimer's
25.87890625,Fz,2.967050651277956e-13,-12.527675039668074,Alzheimer's
26.123046875,Fz,3.480948387440034e-13,-12.458302416019407,Alzheimer's
26.3671875,Fz,3.168977372890129e-13,-12.499080861745025,Alzheimer's
26.611328125,Fz,2.731424122533599e-13,-12.56361085944472,Alzheimer's
26.85546875,Fz,3.0253240074935485e-13,-12.519228106257426,Alzheimer's
27.099609375,Fz,2.910770566104857e-13,-12.535992025341514,Alzheimer's
27.34375,Fz,2.662129584877033e-13,-12.574770808129832,Alzheimer's
27.587890625,Fz,3.194312311715052e-13,-12.49562262463346,Alzheimer's
27.83203125,Fz,2.9354872142444184e-13,-12.532319806887472,Alzheimer's
28.076171875,Fz,2.8092608529571054e-13,-12.551407932660265,Alzheimer's
28.3203125,Fz,2.6981414434027986e-13,-12.568935287251511,Alzheimer's
28.564453125,Fz,2.5295578357939453e-13,-12.59695538643568,Alzheimer's
28.80859375,Fz,2.493776354168249e-13,-12.603142497331335,Alzheimer's
29.052734375,Fz,2.461124937149048e-13,-12.608866339106148,Alzheimer's
29.296875,Fz,2.596519102249685e-13,-12.585608478009762,Alzheimer's
29.541015625,Fz,2.443706495145196e-13,-12.61195095685558,Alzheimer's
29.78515625,Fz,2.2979834693980024e-13,-12.638653099744795,Alzheimer's
30.029296875,Fz,2.443101404499571e-13,-12.61205850662434,Alzheimer's
30.2734375,Fz,2.6408677999085415e-13,-12.578253338742812,Alzheimer's
30.517578125,Fz,2.70901149991712e-13,-12.567189151356663,Alzheimer's
30.76171875,Fz,2.500299071430527e-13,-12.60200804040652,Alzheimer's
31.005859375,Fz,2.455619242413352e-13,-12.60983897211484,Alzheimer's
31.25,Fz,2.272868028311083e-13,-12.643425780394775,Alzheimer's
31.494140625,Fz,2.112870552253328e-13,-12.675127109745691,Alzheimer's
31.73828125,Fz,2.309321328015063e-13,-12.63651563344292,Alzheimer's
31.982421875,Fz,2.1923433905078777e-13,-12.65909142056967,Alzheimer's
32.2265625,Fz,2.042415499323422e-13,-12.689855902451214,Alzheimer's
32.470703125,Fz,2.1825746566802452e-13,-12.661030891984485,Alzheimer's
32.71484375,Fz,2.276922496995424e-13,-12.642651751861829,Alzheimer's
32.958984375,Fz,2.226701927393893e-13,-12.652337914960578,Alzheimer's
33.203125,Fz,2.136076126955349e-13,-12.670383273681171,Alzheimer's
33.447265625,Fz,1.9200059125194995e-13,-12.71669743391591,Alzheimer's
33.69140625,Fz,1.974383960942216e-13,-12.70456838565667,Alzheimer's
33.935546875,Fz,2.0555896692860617e-13,-12.687063573601836,Alzheimer's
34.1796875,Fz,2.1629107788857578e-13,-12.664961395048548,Alzheimer's
34.423828125,Fz,1.8013936798816768e-13,-12.744391365294565,Alzheimer's
34.66796875,Fz,2.1494322183324592e-13,-12.667676245670645,Alzheimer's
34.912109375,Fz,1.8672699163545282e-13,-12.728792899667122,Alzheimer's
35.15625,Fz,1.771377538376569e-13,-12.751688866613712,Alzheimer's
35.400390625,Fz,1.5369263836370884e-13,-12.813346934026516,Alzheimer's
35.64453125,Fz,1.6020290700769764e-13,-12.795329607565469,Alzheimer's
35.888671875,Fz,1.793917510877515e-13,-12.746197530853998,Alzheimer's
36.1328125,Fz,1.6334842257599385e-13,-12.786885055065795,Alzheimer's
36.376953125,Fz,1.751890385075197e-13,-12.756493070911237,Alzheimer's
36.62109375,Fz,1.8683505713036962e-13,-12.728541630837269,Alzheimer's
36.865234375,Fz,1.7257763684290869e-13,-12.763015482230102,Alzheimer's
37.109375,Fz,1.774578224411619e-13,-12.750904851948093,Alzheimer's
37.353515625,Fz,1.7363546883716384e-13,-12.760361555963334,Alzheimer's
37.59765625,Fz,1.6245226881612454e-13,-12.78927421889922,Alzheimer's
37.841796875,Fz,1.5252807883472274e-13,-12.816650199855092,Alzheimer's
38.0859375,Fz,1.4591294471413733e-13,-12.835906177821824,Alzheimer's
38.330078125,Fz,1.6270491031949408e-13,-12.788599340164057,Alzheimer's
38.57421875,Fz,1.9362012340456026e-13,-12.713049507413038,Alzheimer's
38.818359375,Fz,1.892323183824573e-13,-12.723004689834111,Alzheimer's
39.0625,Fz,1.5926939428457876e-13,-12.797867671595895,Alzheimer's
39.306640625,Fz,1.754094179082951e-13,-12.755947092635887,Alzheimer's
39.55078125,Fz,1.7334069175693481e-13,-12.761099474614088,Alzheimer's
39.794921875,Fz,1.84154807576046e-13,-12.73481693889707,Alzheimer's
0.0,Cz,4.534286298936413e-10,-9.34349106159751,Alzheimer's
0.244140625,Cz,3.3983750828700467e-09,-8.468728689201274,Alzheimer's
0.48828125,Cz,1.6502927277407099e-09,-8.782439014109302,Alzheimer's
0.732421875,Cz,8.116354147169615e-10,-9.0906390113176,Alzheimer's
0.9765625,Cz,4.692989613795761e-10,-9.32855040693734,Alzheimer's
1.220703125,Cz,3.0635898840958016e-10,-9.51376937317627,Alzheimer's
1.46484375,Cz,2.1275464111078047e-10,-9.672120957274789,Alzheimer's
1.708984375,Cz,1.534039987656351e-10,-9.81416331953166,Alzheimer's
1.953125,Cz,1.2802047725804434e-10,-9.892720558095167,Alzheimer's
2.197265625,Cz,9.452669828670915e-11,-10.024445511268564,Alzheimer's
2.44140625,Cz,7.036731945367294e-11,-10.152628992508932,Alzheimer's
2.685546875,Cz,5.848405018629474e-11,-10.232962558884497,Alzheimer's
2.9296875,Cz,4.7869398302476065e-11,-10.319942031376558,Alzheimer's
3.173828125,Cz,3.937094520763663e-11,-10.404824158653174,Alzheimer's
3.41796875,Cz,3.361217229445738e-11,-10.473503418949456,Alzheimer's
3.662109375,Cz,2.952614116321147e-11,-10.529793308234066,Alzheimer's
3.90625,Cz,2.283437182753486e-11,-10.64141093131285,Alzheimer's
4.150390625,Cz,2.035891568569866e-11,-10.69124535621042,Alzheimer's
4.39453125,Cz,1.683568479071328e-11,-10.77376921400832,Alzheimer's
4.638671875,Cz,1.465383671676259e-11,-10.834048651981131,Alzheimer's
4.8828125,Cz,1.2948364887975564e-11,-10.88778507057612,Alzheimer's
5.126953125,Cz,1.0146320334842808e-11,-10.993691430461505,Alzheimer's
5.37109375,Cz,9.508835701708271e-12,-11.021872656488336,Alzheimer's
5.615234375,Cz,8.627838491377044e-12,-11.064097993258905,Alzheimer's
5.859375,Cz,8.254986850620295e-12,-11.083283614188904,Alzheimer's
6.103515625,Cz,7.62827165482176e-12,-11.117573849437075,Alzheimer's
6.34765625,Cz,7.08867527107286e-12,-11.149434918021129,Alzheimer's
6.591796875,Cz,5.636085477693162e-12,-11.249022428939371,Alzheimer's
6.8359375,Cz,4.754989257714327e-12,-11.32285045986656,Alzheimer's
7.080078125,Cz,5.352394345921653e-12,-11.27145189674461,Alzheimer's
7.32421875,Cz,4.983306591848888e-12,-11.30248239256964,Alzheimer's
7.568359375,Cz,4.4463433453093816e-12,-11.351997004251542,Alzheimer's
7.8125,Cz,4.002302574612939e-12,-11.397690081737425,Alzheimer's
8.056640625,Cz,4.129893951821973e-12,-11.384061100094168,Alzheimer's
8.30078125,Cz,3.7437144582091215e-12,-11.42669728331888,Alzheimer's
8.544921875,Cz,3.009098791741769e-12,-11.52156355370093,Alzheimer's
8.7890625,Cz,3.0161742565119225e-12,-11.520543571139337,Alzheimer's
9.033203125,Cz,2.8853778720001e-12,-11.539797303139729,Alzheimer's
9.27734375,Cz,2.704399011805541e-12,-11.567929231428227,Alzheimer's
9.521484375,Cz,2.8185040589609494e-12,-11.549981335410736,Alzheimer's
9.765625,Cz,2.3450945088901186e-12,-11.629839650235724,Alzheimer's
10.009765625,Cz,1.901188844810585e-12,-11.720974742584422,Alzheimer's
10.25390625,Cz,2.0877009046673535e-12,-11.68033172059164,Alzheimer's
10.498046875,Cz,2.1808794688857725e-12,-11.661368336000525,Alzheimer's
10.7421875,Cz,1.843058714127288e-12,-11.73446082928699,Alzheimer's
10.986328125,Cz,1.9294610773522294e-12,-11.7145639779434,Alzheimer's
11.23046875,Cz,1.7084934474537905e-12,-11.767386682501812,Alzheimer's
11.474609375,Cz,1.7269563058835473e-12,-11.762718650477549,Alzheimer's
11.71875,Cz,1.4581458842384285e-12,-11.83619902365159,Alzheimer's
11.962890625,Cz,1.284272335702311e-12,-11.89134287241078,Alzheimer's
12.20703125,Cz,1.429606505987828e-12,-11.844783484069715,Alzheimer's
12.451171875,Cz,1.3867845586469633e-12,-11.857991002703375,Alzheimer's
12.6953125,Cz,1.3342527531239892e-12,-11.874761892391474,Alzheimer's
12.939453125,Cz,1.3314387434789098e-12,-11.875678809683968,Alzheimer's
13.18359375,Cz,1.1844180596806032e-12,-11.926494979229515,Alzheimer's
13.427734375,Cz,1.1405414304555945e-12,-11.942888934244024,Alzheimer's
13.671875,Cz,1.075957377146406e-12,-11.968204932421264,Alzheimer's
13.916015625,Cz,9.60663851149856e-13,-12.01742855107154,Alzheimer's
14.16015625,Cz,9.369140750383549e-13,-12.02830023669794,Alzheimer's
14.404296875,Cz,9.491889583748413e-13,-12.02264732244034,Alzheimer's
14.6484375,Cz,8.090476424581359e-13,-12.092025903298174,Alzheimer's
14.892578125,Cz,8.236478653091433e-13,-12.084258422817,Alzheimer's
15.13671875,Cz,8.198013563302425e-13,-12.086291367495178,Alzheimer's
15.380859375,Cz,8.589074226582538e-13,-12.066053644079568,Alzheimer's
15.625,Cz,8.338810042061737e-13,-12.07889591927089,Alzheimer's
15.869140625,Cz,7.650274282185383e-13,-12.116322993983088,Alzheimer's
16.11328125,Cz,7.53923220851323e-13,-12.122672880202432,Alzheimer's
16.357421875,Cz,7.122128297388587e-13,-12.147390207248954,Alzheimer's
16.6015625,Cz,6.717485814243269e-13,-12.172793242022054,Alzheimer's
16.845703125,Cz,7.07043347014997e-13,-12.150553959905588,Alzheimer's
17.08984375,Cz,6.240242441795338e-13,-12.20479853706621,Alzheimer's
17.333984375,Cz,6.426354244245086e-13,-12.192035338217972,Alzheimer's
17.578125,Cz,6.594136324036629e-13,-12.180842078702591,Alzheimer's
17.822265625,Cz,6.330083503575619e-13,-12.198590560930052,Alzheimer's
18.06640625,Cz,6.211746738772364e-13,-12.206786259349762,Alzheimer's
18.310546875,Cz,6.209601678437284e-13,-12.206936257215508,Alzheimer's
18.5546875,Cz,5.227540882082247e-13,-12.281702562088809,Alzheimer's
18.798828125,Cz,5.594340835845745e-13,-12.252251077718194,Alzheimer's
19.04296875,Cz,5.689685541642521e-13,-12.244911735591447,Alzheimer's
19.287109375,Cz,5.032753036695774e-13,-12.298194380437709,Alzheimer's
19.53125,Cz,4.636470153726119e-13,-12.333812531548816,Alzheimer's
19.775390625,Cz,4.856957170798452e-13,-12.313635726168288,Alzheimer's
20.01953125,Cz,4.202510612525502e-13,-12.376491181170955,Alzheimer's
20.263671875,Cz,4.244980696992596e-13,-12.372124280263058,Alzheimer's
20.5078125,Cz,4.244407786151489e-13,-12.372182897445624,Alzheimer's
20.751953125,Cz,4.239220304779318e-13,-12.372714013329428,Alzheimer's
20.99609375,Cz,4.251316341641733e-13,-12.371476577856251,Alzheimer's
21.240234375,Cz,4.333870819861444e-13,-12.363124037884097,Alzheimer's
21.484375,Cz,4.4239306294427954e-13,-12.354191691713847,Alzheimer's
21.728515625,Cz,4.579765526291393e-13,-12.339156756328991,Alzheimer's
21.97265625,Cz,4.2261791761957003e-13,-12.374052094225611,Alzheimer's
22.216796875,Cz,4.140646396340274e-13,-12.382931855871742,Alzheimer's
22.4609375,Cz,4.369781846732056e-13,-12.359540243836298,Alzheimer's
22.705078125,Cz,4.034966518639925e-13,-12.394160064617315,Alzheimer's
22.94921875,Cz,3.5365498115304853e-13,-12.45142022059568,Alzheimer's
23.193359375,Cz,3.543401663519773e-13,-12.450579615275354,Alzheimer's
23.4375,Cz,3.350580724367967e-13,-12.474879914297164,Alzheimer's
23.681640625,Cz,3.084962229644476e-13,-12.51075014882925,Alzheimer's
23.92578125,Cz,3.3568443788378305e-13,-12.47406879190021,Alzheimer's
24.169921875,Cz,3.2489825359253417e-13,-12.488252623087655,Alzheimer's
24.4140625,Cz,2.8825670184311945e-13,-12.540220586757806,Alzheimer's
24.658203125,Cz,2.9649765834141284e-13,-12.527978732226932,Alzheimer's
24.90234375,Cz,2.8618486161560017e-13,-12.54335334294065,Alzheimer's
25.146484375,Cz,2.914632414162455e-13,-12.535416209538644,Alzheimer's
25.390625,Cz,2.906473058910332e-13,-12.53663369831255,Alzheimer's
25.634765625,Cz,2.469509671902768e-13,-12.60738926857278,Alzheimer's
25.87890625,Cz,2.5928174815922413e-13,-12.586228053815768,Alzheimer's
26.123046875,Cz,2.938731907451197e-13,-12.53184003162908,Alzheimer's
26.3671875,Cz,2.7405911232280295e-13,-12.562155753286294,Alzheimer's
26.611328125,Cz,2.5240679601995177e-13,-12.597898955948388,Alzheimer's
26.85546875,Cz,2.660225762650151e-13,-12.575081504980732,Alzheimer's
27.099609375,Cz,2.506940859402704e-13,-12.600855911250406,Alzheimer's
27.34375,Cz,2.342010257672847e-13,-12.63041120711124,Alzheimer's
27.587890625,Cz,2.7518023898749605e-13,-12.560382756507838,Alzheimer's
27.83203125,Cz,2.5101323870359697e-13,-12.60030337276478,Alzheimer's
28.076171875,Cz,2.441020293332083e-13,-12.612428610076662,Alzheimer's
28.3203125,Cz,2.538707836964289e-13,-12.595387276320098,Alzheimer's
28.564453125,Cz,2.2435341660248535e-13,-12.649067312356411,Alzheimer's
28.80859375,Cz,2.1037779561606587e-13,-12.677000099833403,Alzheimer's
29.052734375,Cz,2.2320070254582345e-13,-12.651304442748376,Alzheimer's
29.296875,Cz,2.284722789176546e-13,-12.641166486375017,Alzheimer's
29.541015625,Cz,2.2386776171261002e-13,-12.65000844290323,Alzheimer's
29.78515625,Cz,2.079518082404941e-13,-12.682037298884264,Alzheimer's
30.029296875,Cz,2.2274724551116987e-13,-12.65218765773641,Alzheimer's
30.2734375,Cz,2.2836447823912897e-13,-12.641371449044788,Alzheimer's
30.517578125,Cz,2.481270830484837e-13,-12.605325829937486,Alzheimer's
30.76171875,Cz,2.2532229294056132e-13,-12.647195837916154,Alzheimer's
31.005859375,Cz,2.213522550783173e-13,-12.654916049185108,Alzheimer's
31.25,Cz,1.945131508103394e-13,-12.71105103119539,Alzheimer's
31.494140625,Cz,1.7720287202549634e-13,-12.75152924353973,Alzheimer's
31.73828125,Cz,1.8543631533288974e-13,-12.731805210837404,Alzheimer's
31.982421875,Cz,1.8184163817026625e-13,-12.74030666480452,Alzheimer's
32.2265625,Cz,1.8158189092833456e-13,-12.740927465628005,Alzheimer's
32.470703125,Cz,1.9671746836828573e-13,-12.706157073333788,Alzheimer's
32.71484375,Cz,2.0690586725626894e-13,-12.684227193815213,Alzheimer's
32.958984375,Cz,1.8442490839584064e-13,-12.734180423584322,Alzheimer's
33.203125,Cz,1.7738383147634054e-13,-12.751085968611502,Alzheimer's
33.447265625,Cz,1.6616731752419553e-13,-12.77945439098906,Alzheimer's
33.69140625,Cz,1.6646050509335244e-13,-12.778688791915476,Alzheimer's
33.935546875,Cz,1.641113662983449e-13,-12.784861338814652,Alzheimer's
34.1796875,Cz,1.7010392946524257e-13,-12.769285653904417,Alzheimer's
34.423828125,Cz,1.4702750152059278e-13,-12.83260142279246,Alzheimer's
34.66796875,Cz,1.7772682827237833e-13,-12.750247009497974,Alzheimer's
34.912109375,Cz,1.629296015448266e-13,-12.78800000458244,Alzheimer's
35.15625,Cz,1.4034695944841494e-13,-12.852796991715536,Alzheimer's
35.400390625,Cz,1.2130942961587165e-13,-12.91610543927382,Alzheimer's
35.64453125,Cz,1.3033733565642894e-13,-12.88493116105668,Alzheimer's
35.888671875,Cz,1.452437677897602e-13,-12.83790249351653,Alzheimer's
36.1328125,Cz,1.313441204126582e-13,-12.88158936352877,Alzheimer's
36.376953125,Cz,1.365262388253607e-13,-12.864783874030088,Alzheimer's
36.62109375,Cz,1.490178741441578e-13,-12.826761636442708,Alzheimer's
36.865234375,Cz,1.4194537206045352e-13,-12.847878762499676,Alzheimer's
37.109375,Cz,1.4173090521183637e-13,-12.848535439099829,Alzheimer's
37.353515625,Cz,1.397969308634634e-13,-12.854502363094582,Alzheimer's
37.59765625,Cz,1.3243877942377612e-13,-12.877984830426474,Alzheimer's
37.841796875,Cz,1.179664410720277e-13,-12.928241522609984,Alzheimer's
38.0859375,Cz,1.144302198073779e-13,-12.94145926782934,Alzheimer's
38.330078125,Cz,1.2921352320189216e-13,-12.888692031661224,Alzheimer's
38.57421875,Cz,1.4976181941193288e-13,-12.824598892459049,Alzheimer's
38.818359375,Cz,1.434371204051699e-13,-12.843338442106624,Alzheimer's
39.0625,Cz,1.2824645576113245e-13,-12.89195462827971,Alzheimer's
39.306640625,Cz,1.3279663931846744e-13,-12.876812915509516,Alzheimer's
39.55078125,Cz,1.3059021645603121e-13,-12.884089358270105,Alzheimer's
39.794921875,Cz,1.4307657742004292e-13,-12.844431457294158,Alzheimer's
0.0,Pz,4.5927874314855734e-10,-9.33792365461891,Alzheimer's
0.244140625,Pz,3.426542850142796e-09,-8.465143832804939,Alzheimer's
0.48828125,Pz,1.663889300547864e-09,-8.778875570930177,Alzheimer's
0.732421875,Pz,8.027367383940457e-10,-9.095426860460758,Alzheimer's
0.9765625,Pz,4.6458286565074847e-10,-9.33293681151932,Alzheimer's
1.220703125,Pz,3.023471010570721e-10,-9.519494191109478,Alzheimer's
1.46484375,Pz,2.086498897348769e-10,-9.680581840463642,Alzheimer's
1.708984375,Pz,1.5405429884818688e-10,-9.812326178294803,Alzheimer's
1.953125,Pz,1.2869801999021156e-10,-9.89042813463361,Alzheimer's
2.197265625,Pz,9.329599779091311e-11,-10.030136986206369,Alzheimer's
2.44140625,Pz,6.946829959689692e-11,-10.15821333139371,Alzheimer's
2.685546875,Pz,5.7477837363140545e-11,-10.24049958081136,Alzheimer's
2.9296875,Pz,4.7510338089427595e-11,-10.323211879076682,Alzheimer's
3.173828125,Pz,3.954867124084536e-11,-10.402868103379015,Alzheimer's
3.41796875,Pz,3.3548024541646744e-11,-10.47433304795165,Alzheimer's
3.662109375,Pz,2.901799636452553e-11,-10.537332578041331,Alzheimer's
3.90625,Pz,2.2650023760223768e-11,-10.644931338069313,Alzheimer's
4.150390625,Pz,2.1112993491101057e-11,-10.67545018618554,Alzheimer's
4.39453125,Pz,1.742257873056726e-11,-10.758887564278366,Alzheimer's
4.638671875,Pz,1.522508704901715e-11,-10.817440215621213,Alzheimer's
4.8828125,Pz,1.2934892176782e-11,-10.888237187142549,Alzheimer's
5.126953125,Pz,1.034592775699988e-11,-10.985230558485013,Alzheimer's
5.37109375,Pz,9.826821654431412e-12,-11.007586925824354,Alzheimer's
5.615234375,Pz,8.315766260238315e-12,-11.080097726328944,Alzheimer's
5.859375,Pz,7.90641660951177e-12,-11.102020305292172,Alzheimer's
6.103515625,Pz,7.526969429865929e-12,-11.123379847811549,Alzheimer's
6.34765625,Pz,7.068030961172987e-12,-11.150701556754813,Alzheimer's
6.591796875,Pz,5.7261102615099786e-12,-11.242140293494948,Alzheimer's
6.8359375,Pz,4.997160298026461e-12,-11.301276719112192,Alzheimer's
7.080078125,Pz,5.403549919574768e-12,-11.267320832038136,Alzheimer's
7.32421875,Pz,5.114265713145418e-12,-11.291216711828843,Alzheimer's
7.568359375,Pz,4.357922104576928e-12,-11.360720536791632,Alzheimer's
7.8125,Pz,3.8561005964927886e-12,-11.413851644911365,Alzheimer's
8.056640625,Pz,3.8209639411729095e-12,-11.417827060773648,Alzheimer's
8.30078125,Pz,3.706514575829679e-12,-11.431034287680388,Alzheimer's
8.544921875,Pz,2.961951307766297e-12,-11.52842208522812,Alzheimer's
8.7890625,Pz,3.0187114117820773e-12,-11.5201784034596,Alzheimer's
9.033203125,Pz,2.923674523117415e-12,-11.5340709766806,Alzheimer's
9.27734375,Pz,2.807417831795866e-12,-11.551692945919529,Alzheimer's
9.521484375,Pz,2.9014610386722032e-12,-11.537383256842782,Alzheimer's
9.765625,Pz,2.481205072074788e-12,-11.605337339722192,Alzheimer's
10.009765625,Pz,2.062148105455506e-12,-11.685680146485966,Alzheimer's
10.25390625,Pz,2.232825300062917e-12,-11.65114525551644,Alzheimer's
10.498046875,Pz,2.38711637599392e-12,-11.622126407880565,Alzheimer's
10.7421875,Pz,2.0476737784877098e-12,-11.68873923103972,Alzheimer's
10.986328125,Pz,2.0052182858812698e-12,-11.697838343645495,Alzheimer's
11.23046875,Pz,1.7901439022199733e-12,-11.74711205649044,Alzheimer's
11.474609375,Pz,1.703161593617746e-12,-11.768744144822405,Alzheimer's
11.71875,Pz,1.503752515863854e-12,-11.822823633052016,Alzheimer's
11.962890625,Pz,1.3812768406915485e-12,-11.85971926976649,Alzheimer's
12.20703125,Pz,1.6001729620225297e-12,-11.795833072098972,Alzheimer's
12.451171875,Pz,1.5311338251670197e-12,-11.814986849150465,Alzheimer's
12.6953125,Pz,1.3773443045312317e-12,-11.860957482497636,Alzheimer's
12.939453125,Pz,1.3977700410365245e-12,-11.854564272169505,Alzheimer's
13.18359375,Pz,1.2180970369161494e-12,-11.914318113247822,Alzheimer's
13.427734375,Pz,1.2581265323911464e-12,-11.900275678798677,Alzheimer's
13.671875,Pz,1.1378906250601116e-12,-11.94389948066124,Alzheimer's
13.916015625,Pz,1.0373702481379928e-12,-11.984066211764434,Alzheimer's
14.16015625,Pz,9.58678516412263e-13,-12.01832700487879,Alzheimer's
14.404296875,Pz,9.373688669252697e-13,-12.02808947491128,Alzheimer's
14.6484375,Pz,8.283803608243007e-13,-12.081770205875566,Alzheimer's
14.892578125,Pz,8.182342680626685e-13,-12.087122335985438,Alzheimer's
15.13671875,Pz,8.293541424758129e-13,-12.081259981776796,Alzheimer's
15.380859375,Pz,9.677684408035513e-13,-12.01422854445962,Alzheimer's
15.625,Pz,8.767958770584431e-13,-12.057101501030072,Alzheimer's
15.869140625,Pz,7.983221214679805e-13,-12.097821836282792,Alzheimer's
16.11328125,Pz,7.978602463451898e-13,-12.098073173256312,Alzheimer's
16.357421875,Pz,7.050852413306144e-13,-12.151758375772191,Alzheimer's
16.6015625,Pz,6.589647071000277e-13,-12.181137844771934,Alzheimer's
16.845703125,Pz,7.051964141826515e-13,-12.151689904689004,Alzheimer's
17.08984375,Pz,6.379869264798037e-13,-12.195188220676728,Alzheimer's
17.333984375,Pz,6.617797427314215e-13,-12.179286530851911,Alzheimer's
17.578125,Pz,6.491459110477488e-13,-12.187657674169468,Alzheimer's
17.822265625,Pz,6.643841208258684e-13,-12.177580755992036,Alzheimer's
18.06640625,Pz,6.364199175062966e-13,-12.19625623705858,Alzheimer's
18.310546875,Pz,6.229863336877922e-13,-12.20552148025749,Alzheimer's
18.5546875,Pz,5.265823680383868e-13,-12.278533686801984,Alzheimer's
18.798828125,Pz,5.912770107261167e-13,-12.228209006353309,Alzheimer's
19.04296875,Pz,5.831281337784466e-13,-12.234236004968968,Alzheimer's
19.287109375,Pz,4.961294893537275e-13,-12.304404958243047,Alzheimer's
19.53125,Pz,4.714392470558805e-13,-12.3265742655319,Alzheimer's
19.775390625,Pz,4.815686606344235e-13,-12.317341783702885,Alzheimer's
20.01953125,Pz,4.156435497784553e-13,-12.38127895476839,Alzheimer's
20.263671875,Pz,4.223693371949917e-13,-12.374307617866242,Alzheimer's
20.5078125,Pz,4.036314006292434e-13,-12.394015055047756,Alzheimer's
20.751953125,Pz,4.1588264292835444e-13,-12.38102920475586,Alzheimer's
20.99609375,Pz,4.321148622624812e-13,-12.364400796203045,Alzheimer's
21.240234375,Pz,4.420728388148769e-13,-12.354506167553271,Alzheimer's
21.484375,Pz,4.412769034676415e-13,-12.355288803028795,Alzheimer's
21.728515625,Pz,4.215963467537048e-13,-12.375103161058274,Alzheimer's
21.97265625,Pz,4.00638981088751e-13,-12.397246797308718,Alzheimer's
22.216796875,Pz,4.0350488895579314e-13,-12.39415119890062,Alzheimer's
22.4609375,Pz,4.28102018541996e-13,-12.36845272442081,Alzheimer's
22.705078125,Pz,3.972904299004603e-13,-12.4008918962874,Alzheimer's
22.94921875,Pz,3.49374989325734e-13,-12.456708188038268,Alzheimer's
23.193359375,Pz,3.228999081631518e-13,-12.490932078501706,Alzheimer's
23.4375,Pz,3.088110839248232e-13,-12.51030712025016,Alzheimer's
23.681640625,Pz,2.975744333234652e-13,-12.52640438476431,Alzheimer's
23.92578125,Pz,3.12229258706904e-13,-12.505526402043742,Alzheimer's
24.169921875,Pz,3.030715347216794e-13,-12.518454851800747,Alzheimer's
24.4140625,Pz,2.835016564740127e-13,-12.547444399221089,Alzheimer's
24.658203125,Pz,2.8558839019627273e-13,-12.544259451574362,Alzheimer's
24.90234375,Pz,2.560526840656731e-13,-12.59167066732499,Alzheimer's
25.146484375,Pz,2.69196299499296e-13,-12.569930914426076,Alzheimer's
25.390625,Pz,2.851014896746289e-13,-12.545000513466476,Alzheimer's
25.634765625,Pz,2.5145003348406097e-13,-12.599548302210714,Alzheimer's
25.87890625,Pz,2.7218539493149946e-13,-12.565135182111488,Alzheimer's
26.123046875,Pz,2.906307276233648e-13,-12.536658470795784,Alzheimer's
26.3671875,Pz,2.7344340775743255e-13,-12.563132542243926,Alzheimer's
26.611328125,Pz,2.531697540820156e-13,-12.596588180249862,Alzheimer's
26.85546875,Pz,2.6325594587553334e-13,-12.579621811094906,Alzheimer's
27.099609375,Pz,2.291955470571944e-13,-12.639793824345464,Alzheimer's
27.34375,Pz,2.2928877559287173e-13,-12.639617204831302,Alzheimer's
27.587890625,Pz,2.6300102979254737e-13,-12.580042551007027,Alzheimer's
27.83203125,Pz,2.4690684295457804e-13,-12.607466873550324,Alzheimer's
28.076171875,Pz,2.396806082734553e-13,-12.620367101804936,Alzheimer's
28.3203125,Pz,2.43086991789653e-13,-12.614238280749948,Alzheimer's
28.564453125,Pz,2.291461357518375e-13,-12.639887462162612,Alzheimer's
28.80859375,Pz,2.1912075242157923e-13,-12.65931648946175,Alzheimer's
29.052734375,Pz,2.3382445318566974e-13,-12.631110072608427,Alzheimer's
29.296875,Pz,2.2179114703229234e-13,-12.654055793045996,Alzheimer's
29.541015625,Pz,2.157920321612211e-13,-12.66596459511325,Alzheimer's
29.78515625,Pz,2.0798653030353165e-13,-12.681964790057762,Alzheimer's
30.029296875,Pz,2.2978878154330735e-13,-12.638671177705024,Alzheimer's
30.2734375,Pz,2.4106114054264175e-13,-12.617872792974197,Alzheimer's
30.517578125,Pz,2.626510261341334e-13,-12.580620898140822,Alzheimer's
30.76171875,Pz,2.322796166548819e-13,-12.633988899380606,Alzheimer's
31.005859375,Pz,2.414918156370788e-13,-12.617097583272242,Alzheimer's
31.25,Pz,2.0951500988053561e-13,-12.678784858259588,Alzheimer's
31.494140625,Pz,1.8438917295276362e-13,-12.73426458363444,Alzheimer's
31.73828125,Pz,1.956471030016666e-13,-12.7085265784288,Alzheimer's
31.982421875,Pz,1.8748921250028083e-13,-12.727023715063607,Alzheimer's
32.2265625,Pz,1.869251538690774e-13,-12.72833225318783,Alzheimer's
32.470703125,Pz,2.09388202118702e-13,-12.67904779208932,Alzheimer's
32.71484375,Pz,2.1927265279749474e-13,-12.659015529196774,Alzheimer's
32.958984375,Pz,1.8970267320921145e-13,-12.721926549175494,Alzheimer's
33.203125,Pz,1.86247799237728e-13,-12.729908850308838,Alzheimer's
33.447265625,Pz,1.669584994357868e-13,-12.777391467210968,Alzheimer's
33.69140625,Pz,1.6671670923871418e-13,-12.77802087067887,Alzheimer's
33.935546875,Pz,1.640766656802305e-13,-12.784953178160109,Alzheimer's
34.1796875,Pz,1.8628045613378885e-13,-12.729832707307134,Alzheimer's
34.423828125,Pz,1.5412650393508797e-13,-12.812122672618283,Alzheimer's
34.66796875,Pz,1.7368065616812984e-13,-12.760248548779456,Alzheimer's
34.912109375,Pz,1.6812453361082445e-13,-12.774368907415012,Alzheimer's
35.15625,Pz,1.4729667284117738e-13,-12.831807062953953,Alzheimer's
35.400390625,Pz,1.3907668345565461e-13,-12.856745674431703,Alzheimer's
35.64453125,Pz,1.4120047460796404e-13,-12.85016384351599,Alzheimer's
35.888671875,Pz,1.5780026095758305e-13,-12.80189228292416,Alzheimer's
36.1328125,Pz,1.3697404626458765e-13,-12.86336171482805,Alzheimer's
36.376953125,Pz,1.5030329070061486e-13,-12.823031510980131,Alzheimer's
36.62109375,Pz,1.5629282053080245e-13,-12.806060971280036,Alzheimer's
36.865234375,Pz,1.5596781620001792e-13,-12.806965008624609,Alzheimer's
37.109375,Pz,1.4177332313059924e-13,-12.84840548076871,Alzheimer's
37.353515625,Pz,1.4915642393597918e-13,-12.826358037508964,Alzheimer's
37.59765625,Pz,1.3467329248607386e-13,-12.870718522138622,Alzheimer's
37.841796875,Pz,1.2646638640850449e-13,-12.898024890592229,Alzheimer's
38.0859375,Pz,1.2577821575526514e-13,-12.9003945703098,Alzheimer's
38.330078125,Pz,1.4061616216956532e-13,-12.851964759418196,Alzheimer's
38.57421875,Pz,1.617605000346877e-13,-12.791127519258206,Alzheimer's
38.818359375,Pz,1.5491533023657899e-13,-12.809905602849472,Alzheimer's
39.0625,Pz,1.354585468268886e-13,-12.868193587731936,Alzheimer's
39.306640625,Pz,1.389710830213073e-13,-12.85707555795287,Alzheimer's
39.55078125,Pz,1.406539675680457e-13,-12.851848012744382,Alzheimer's
39.794921875,Pz,1.581463683411613e-13,-12.800940776732787,Alzheimer's
