frequency,channel,power,log_power
0.0,Fp1,6.502011130902055e-10,-9.186952291363239
0.244140625,Fp1,8.238962227263916e-09,-8.084127488224777
0.48828125,Fp1,3.2718801959953967e-09,-8.485202606947741
0.732421875,Fp1,1.3070021686531511e-09,-8.883723691812481
0.9765625,Fp1,6.967882215902525e-10,-9.156899199190969
1.220703125,Fp1,4.70858285163824e-10,-9.327109783385355
1.46484375,Fp1,3.3291940610352e-10,-9.477660888778349
1.708984375,Fp1,2.543713261756231e-10,-9.594531845796999
1.953125,Fp1,1.571385559212298e-10,-9.8037172422712
2.197265625,Fp1,1.677230608199704e-10,-9.775407220647828
2.44140625,Fp1,1.4355354102720978e-10,-9.842986090317526
2.685546875,Fp1,1.0519010356688628e-10,-9.978025117296964
2.9296875,Fp1,9.777522374645752e-11,-10.009771181545705
3.173828125,Fp1,9.699092217573873e-11,-10.013268911439678
3.41796875,Fp1,7.840425375287016e-11,-10.105660374416532
3.662109375,Fp1,5.638486226304691e-11,-10.24883747612386
3.90625,Fp1,4.559645593328173e-11,-10.341068912345104
4.150390625,Fp1,4.038172508029469e-11,-10.393815132226207
4.39453125,Fp1,3.247516812292405e-11,-10.48844859192024
4.638671875,Fp1,3.0070799367978115e-11,-10.521855026954768
4.8828125,Fp1,3.111087227078809e-11,-10.50708781219315
5.126953125,Fp1,3.144631150114322e-11,-10.502430287854438
5.37109375,Fp1,2.8724334805936223e-11,-10.541750019853126
5.615234375,Fp1,2.5976978405307463e-11,-10.585411366666321
5.859375,Fp1,1.7398841600018265e-11,-10.75947966570976
6.103515625,Fp1,1.5597219910628777e-11,-10.806952804534628
6.34765625,Fp1,1.7226209944207593e-11,-10.763810264129297
6.591796875,Fp1,1.7006784929957732e-11,-10.769377780399862
6.8359375,Fp1,1.4861977242539755e-11,-10.827923408045118
7.080078125,Fp1,1.3239661775270527e-11,-10.87812310938347
7.32421875,Fp1,1.2910749948845148e-11,-10.889048530066228
7.568359375,Fp1,1.0052604231868407e-11,-10.997721415157097
7.8125,Fp1,9.109057094837614e-12,-11.04052657579346
8.056640625,Fp1,7.766352819252017e-12,-11.10978288368777
8.30078125,Fp1,7.544747526284088e-12,-11.122355288661915
8.544921875,Fp1,6.471112104195766e-12,-11.189021076485643
8.7890625,Fp1,6.028583585622144e-12,-11.219784713267202
9.033203125,Fp1,5.492731769617257e-12,-11.260211608664678
9.27734375,Fp1,4.501736124029573e-12,-11.346619965407582
9.521484375,Fp1,4.772966345909033e-12,-11.321211627824733
9.765625,Fp1,4.276993034025854e-12,-11.36886145708165
10.009765625,Fp1,3.931607078123533e-12,-11.405429891737535
10.25390625,Fp1,3.711822405359468e-12,-11.430412811067804
10.498046875,Fp1,3.4342168525314066e-12,-11.464172284922249
10.7421875,Fp1,3.171057158417993e-12,-11.498795929728885
10.986328125,Fp1,3.44454570653324e-12,-11.46286804811216
11.23046875,Fp1,3.081833790038109e-12,-11.51119078742674
11.474609375,Fp1,2.8039315596158537e-12,-11.552232591149004
11.71875,Fp1,2.638619867679681e-12,-11.57862317183388
11.962890625,Fp1,2.503474863878112e-12,-11.601456764773895
12.20703125,Fp1,2.513587522905292e-12,-11.599705988075439
12.451171875,Fp1,2.147511985480956e-12,-11.668064403648657
12.6953125,Fp1,2.170685253798624e-12,-11.663403144048154
12.939453125,Fp1,1.9948368912522987e-12,-11.700092608811827
13.18359375,Fp1,1.916512578126942e-12,-11.717488326113152
13.427734375,Fp1,1.983615096821041e-12,-11.702542595056707
13.671875,Fp1,1.9452220743964337e-12,-11.71103081069847
13.916015625,Fp1,1.8295801690176404e-12,-11.737648555732356
14.16015625,Fp1,1.7506031330869266e-12,-11.756812298602936
14.404296875,Fp1,1.7778155523955965e-12,-11.750113298895647
14.6484375,Fp1,1.7836732969574737e-12,-11.748684689377985
14.892578125,Fp1,1.6491749522655188e-12,-11.782733269902378
15.13671875,Fp1,1.311862005544539e-12,-11.882111845892107
15.380859375,Fp1,1.3767561725309445e-12,-11.861142967732011
15.625,Fp1,1.3285335094164934e-12,-11.876627486966056
15.869140625,Fp1,1.2451178186586272e-12,-11.904789551722978
16.11328125,Fp1,1.3157078595186026e-12,-11.880840530998405
16.357421875,Fp1,1.285187597880606e-12,-11.891033474062011
16.6015625,Fp1,1.2182421519270557e-12,-11.914266377718679
16.845703125,Fp1,9.937837794441262e-13,-12.002708096094612
17.08984375,Fp1,1.0519503421323029e-12,-11.978004760797239
17.333984375,Fp1,1.1701382665108648e-12,-11.931762817882191
17.578125,Fp1,1.289573886126611e-12,-11.88955376991394
17.822265625,Fp1,1.094506310040827e-12,-11.960781730297043
18.06640625,Fp1,9.812337242013969e-13,-12.008227533862634
18.310546875,Fp1,8.828338956923943e-13,-12.054121000805388
18.5546875,Fp1,8.703772692746309e-13,-12.060292459508835
18.798828125,Fp1,9.489999723373301e-13,-12.02273380023208
19.04296875,Fp1,8.853651509505741e-13,-12.052877576379897
19.287109375,Fp1,8.851132811973632e-13,-12.053001142578424
19.53125,Fp1,7.646542763065026e-13,-12.116534878349677
19.775390625,Fp1,7.922322619349759e-13,-12.101147475873857
20.01953125,Fp1,8.66326653869258e-13,-12.062318323659095
20.263671875,Fp1,8.489510908833897e-13,-12.071117329274664
20.5078125,Fp1,7.249147774152588e-13,-12.139713047048026
20.751953125,Fp1,7.609620047879276e-13,-12.118637027227967
20.99609375,Fp1,7.320241685281123e-13,-12.135474580027509
21.240234375,Fp1,6.336361300701791e-13,-12.198160067146551
21.484375,Fp1,5.540717769480019e-13,-12.25643397116822
21.728515625,Fp1,5.701586678583554e-13,-12.244004268913013
21.97265625,Fp1,6.063035498633612e-13,-12.21730988899486
22.216796875,Fp1,6.454242506765772e-13,-12.190154720777237
22.4609375,Fp1,6.188322242810371e-13,-12.208427079486153
22.705078125,Fp1,5.559259579202999e-13,-12.254983046921417
22.94921875,Fp1,5.410439086094142e-13,-12.266767488141177
23.193359375,Fp1,6.423636335159697e-13,-12.192219053984672
23.4375,Fp1,5.988358852012015e-13,-12.222692182480793
23.681640625,Fp1,4.769456082120282e-13,-12.321531145908057
23.92578125,Fp1,5.130927911705342e-13,-12.289804087034055
24.169921875,Fp1,5.00733663941609e-13,-12.300393210333423
24.4140625,Fp1,4.754817798611094e-13,-12.322866120277327
24.658203125,Fp1,5.197266043323975e-13,-12.28422505146841
24.90234375,Fp1,4.742269895882988e-13,-12.324013732737184
25.146484375,Fp1,5.428976798705434e-13,-12.265282014342798
25.390625,Fp1,4.595225178330866e-13,-12.337693202164612
25.634765625,Fp1,4.70188818392501e-13,-12.327727703088955
25.87890625,Fp1,4.601998590771799e-13,-12.337053518657408
26.123046875,Fp1,4.2439531744165837e-13,-12.372229416524862
26.3671875,Fp1,4.996647416192864e-13,-12.301321295064975
26.611328125,Fp1,4.526321738791518e-13,-12.344254578879843
26.85546875,Fp1,4.227918980794009e-13,-12.373873343628382
27.099609375,Fp1,4.356737676439131e-13,-12.360838588584944
27.34375,Fp1,4.15024240158899e-13,-12.381926536878726
27.587890625,Fp1,4.051933000785501e-13,-12.392337744365486
27.83203125,Fp1,3.84427728462301e-13,-12.415185294562656
28.076171875,Fp1,4.111542821923272e-13,-12.385995182182606
28.3203125,Fp1,3.293033790853121e-13,-12.482403812833262
28.564453125,Fp1,3.1719287129952945e-13,-12.49867658172665
28.80859375,Fp1,3.9786019908944994e-13,-12.40026950438311
29.052734375,Fp1,3.8206197961525213e-13,-12.41786617839339
29.296875,Fp1,3.3166782452891493e-13,-12.479296657836327
29.541015625,Fp1,2.8698438718607866e-13,-12.542141729549531
29.78515625,Fp1,3.2894882191928143e-13,-12.482871664624362
30.029296875,Fp1,3.403657933085939e-13,-12.46805409289943
30.2734375,Fp1,2.853955589190012e-13,-12.544552789287167
30.517578125,Fp1,3.009908493722146e-13,-12.521446707487756
30.76171875,Fp1,3.2250449807590697e-13,-12.491464223739031
31.005859375,Fp1,3.152454299664377e-13,-12.501351200566917
31.25,Fp1,3.3396651474453374e-13,-12.476297075675568
31.494140625,Fp1,2.961990855369624e-13,-12.528416286621239
31.73828125,Fp1,3.481609733329193e-13,-12.45821991218499
31.982421875,Fp1,3.368773386133801e-13,-12.472528202572382
32.2265625,Fp1,3.382039958690051e-13,-12.47082126553305
32.470703125,Fp1,3.228316910687265e-13,-12.491023838941572
32.71484375,Fp1,3.346805047543624e-13,-12.475369584696876
32.958984375,Fp1,2.911860477979047e-13,-12.535829438114307
33.203125,Fp1,3.071255554843559e-13,-12.512684045022006
33.447265625,Fp1,3.026120079289272e-13,-12.519113842757633
33.69140625,Fp1,2.587351888949512e-13,-12.58714450169077
33.935546875,Fp1,2.960968553379469e-13,-12.528566204960006
34.1796875,Fp1,3.0104429672029724e-13,-12.521369596081367
34.423828125,Fp1,3.0959887731846e-13,-12.509200622844705
34.66796875,Fp1,2.9302928051080704e-13,-12.53308898125368
34.912109375,Fp1,2.7846731237456005e-13,-12.555225776750639
35.15625,Fp1,2.6797832293411584e-13,-12.571900335116178
35.400390625,Fp1,2.5478726949310506e-13,-12.593822275422314
35.64453125,Fp1,2.5370574394908906e-13,-12.595669700152511
35.888671875,Fp1,2.5959015831691043e-13,-12.585711776700943
36.1328125,Fp1,2.879250286645539e-13,-12.540720581254437
36.376953125,Fp1,2.710147928891559e-13,-12.567007003240745
36.62109375,Fp1,2.797923626925876e-13,-12.553164144332161
36.865234375,Fp1,2.721701656277587e-13,-12.565159482414666
37.109375,Fp1,2.938936026850848e-13,-12.531809867308827
37.353515625,Fp1,2.5856367984604243e-13,-12.587432480036625
37.59765625,Fp1,2.693247867864639e-13,-12.56972367529546
37.841796875,Fp1,2.551443599581732e-13,-12.593214027434104
38.0859375,Fp1,2.7167658699546325e-13,-12.565947787334064
38.330078125,Fp1,2.503470148002157e-13,-12.60145758286912
38.57421875,Fp1,2.6459294096484584e-13,-12.577421746470927
38.818359375,Fp1,3.1682909232683314e-13,-12.499174946852387
39.0625,Fp1,3.099095434148852e-13,-12.50876504980587
39.306640625,Fp1,2.7611153741669583e-13,-12.558915445835495
39.55078125,Fp1,2.7855250194640045e-13,-12.555092936372962
39.794921875,Fp1,2.427124543688868e-13,-12.614907938027738
0.0,Fp2,5.207160990938811e-10,-9.283398994938956
0.244140625,Fp2,4.655110572063081e-09,-8.332069998835909
0.48828125,Fp2,2.450165773049665e-09,-8.61080453119254
0.732421875,Fp2,1.0628799751408047e-09,-8.973515775060033
0.9765625,Fp2,5.626081836525357e-10,-9.249793954912928
1.220703125,Fp2,4.4686484099256576e-10,-9.34982381397601
1.46484375,Fp2,3.2200360426112976e-10,-9.49213926711796
1.708984375,Fp2,2.38768774699656e-10,-9.622022469260942
1.953125,Fp2,1.5168099208948584e-10,-9.81906883943652
2.197265625,Fp2,1.4481801155299355e-10,-9.83917741996477
2.44140625,Fp2,1.3005742915982223e-10,-9.88586483492552
2.685546875,Fp2,9.761518920511464e-11,-10.010482599600572
2.9296875,Fp2,9.357331803061444e-11,-10.028847970535612
3.173828125,Fp2,8.922802901067025e-11,-10.049498700191677
3.41796875,Fp2,7.018121165109917e-11,-10.153779138131956
3.662109375,Fp2,5.1849421935169826e-11,-10.285256081160483
3.90625,Fp2,4.218805647028383e-11,-10.374810481341825
4.150390625,Fp2,3.906786123147735e-11,-10.408180363558735
4.39453125,Fp2,3.180091508070391e-11,-10.497560382884048
4.638671875,Fp2,3.1574230240753146e-11,-10.500667228461255
4.8828125,Fp2,2.9874102576204747e-11,-10.524705132137736
5.126953125,Fp2,3.0114921643595014e-11,-10.521218262488373
5.37109375,Fp2,2.730486027595747e-11,-10.563760041488296
5.615234375,Fp2,2.4800887863543287e-11,-10.605532771297357
5.859375,Fp2,1.821326935461777e-11,-10.739612089612727
6.103515625,Fp2,1.6501410807031547e-11,-10.782478923694208
6.34765625,Fp2,1.7168620931789875e-11,-10.765264588110332
6.591796875,Fp2,1.51555007052972e-11,-10.819429710899428
6.8359375,Fp2,1.4191662541883844e-11,-10.847966724311965
7.080078125,Fp2,1.3422633874138254e-11,-10.872162255793887
7.32421875,Fp2,1.1555451269938844e-11,-10.93721308954295
7.568359375,Fp2,9.61014493392221e-12,-11.017270062536657
7.8125,Fp2,8.331236378273715e-12,-11.079290543321033
8.056640625,Fp2,6.726896025223769e-12,-11.172185284970766
8.30078125,Fp2,7.095008754004726e-12,-11.149047064362447
8.544921875,Fp2,6.663904058829515e-12,-11.176271264155421
8.7890625,Fp2,5.773392492181799e-12,-11.238568916883056
9.033203125,Fp2,5.065959542145299e-12,-11.295338282901808
9.27734375,Fp2,4.429750521160649e-12,-11.353620732091654
9.521484375,Fp2,4.361140076995815e-12,-11.360399963844957
9.765625,Fp2,3.851396115252434e-12,-11.414381811987145
10.009765625,Fp2,3.553038039752045e-12,-11.449400142815774
10.25390625,Fp2,3.704222770438984e-12,-11.431302902912584
10.498046875,Fp2,3.395561511721696e-12,-11.469088397737558
10.7421875,Fp2,3.133547667636528e-12,-11.503963694410938
10.986328125,Fp2,3.0922318962849496e-12,-11.509727944410729
11.23046875,Fp2,2.775063181119837e-12,-11.55672712464965
11.474609375,Fp2,2.496671678705917e-12,-11.602638565178218
11.71875,Fp2,2.3163644062827883e-12,-11.635193117142972
11.962890625,Fp2,2.266322665614404e-12,-11.64467825779134
12.20703125,Fp2,2.0845583449228333e-12,-11.680985944853623
12.451171875,Fp2,1.883468326963224e-12,-11.725041678641363
12.6953125,Fp2,2.083135565545295e-12,-11.681282466272858
12.939453125,Fp2,1.996394894391765e-12,-11.699753549475279
13.18359375,Fp2,1.831415761742815e-12,-11.737213052457594
13.427734375,Fp2,1.942025761717195e-12,-11.71174501330679
13.671875,Fp2,1.8710988402752706e-12,-11.727903270408943
13.916015625,Fp2,1.8090417134803453e-12,-11.742551418919362
14.16015625,Fp2,1.7062472835557782e-12,-11.767958027036517
14.404296875,Fp2,1.6881019053742705e-12,-11.772601339934376
14.6484375,Fp2,1.6311297835101757e-12,-11.787511482233853
14.892578125,Fp2,1.4822813025861109e-12,-11.829069369522804
15.13671875,Fp2,1.2819270437255262e-12,-11.892136690424856
15.380859375,Fp2,1.377097452833826e-12,-11.861035325007855
15.625,Fp2,1.297161352367576e-12,-11.887005999178479
15.869140625,Fp2,1.1129470002070229e-12,-11.953525516766534
16.11328125,Fp2,1.259245573156506e-12,-11.899889567217983
16.357421875,Fp2,1.165399682829839e-12,-11.93352510444157
16.6015625,Fp2,1.12756596566161e-12,-11.947858041303832
16.845703125,Fp2,1.02182622246777e-12,-11.990622956491368
17.08984375,Fp2,9.212238440010976e-13,-12.035634829735066
17.333984375,Fp2,1.0608696202336606e-12,-11.974337987156527
17.578125,Fp2,1.2545275435835038e-12,-11.901519799160043
17.822265625,Fp2,1.1184911697199746e-12,-11.951367440228081
18.06640625,Fp2,9.541409580274992e-13,-12.020387460965301
18.310546875,Fp2,8.40673376540001e-13,-12.075372706127325
18.5546875,Fp2,8.276872904894388e-13,-12.082133713537026
18.798828125,Fp2,8.27789458767617e-13,-12.082080108290665
19.04296875,Fp2,8.527819548127527e-13,-12.069161998055028
19.287109375,Fp2,8.913175780764509e-13,-12.049967528474623
19.53125,Fp2,7.514057588910372e-13,-12.124125480759172
19.775390625,Fp2,8.136865701118933e-13,-12.089542851970995
20.01953125,Fp2,8.342760286866296e-13,-12.078690234851614
20.263671875,Fp2,7.842420163649786e-13,-12.105549893753945
20.5078125,Fp2,6.680240200876834e-13,-12.175207921350824
20.751953125,Fp2,6.959054989215442e-13,-12.157449731773633
20.99609375,Fp2,6.531994737092844e-13,-12.184954173851544
21.240234375,Fp2,5.833992446146913e-13,-12.234034137538393
21.484375,Fp2,5.117756937478454e-13,-12.290920344321943
21.728515625,Fp2,5.70583118379772e-13,-12.243681081790347
21.97265625,Fp2,5.560027149203548e-13,-12.254923087784759
22.216796875,Fp2,7.01275814680972e-13,-12.154111138616853
22.4609375,Fp2,5.772328243388673e-13,-12.23864898072491
22.705078125,Fp2,5.018491450875319e-13,-12.299426811344977
22.94921875,Fp2,4.487059262087121e-13,-12.348038194557084
23.193359375,Fp2,5.544611340776485e-13,-12.256128891078731
23.4375,Fp2,5.592444340021495e-13,-12.252398329616996
23.681640625,Fp2,4.648770198118242e-13,-12.332661921692988
23.92578125,Fp2,5.230113311398428e-13,-12.28148890195835
24.169921875,Fp2,5.147762374776868e-13,-12.288381508718897
24.4140625,Fp2,4.453884511082352e-13,-12.351261048381891
24.658203125,Fp2,4.71532866378093e-13,-12.326488031051387
24.90234375,Fp2,4.598804266504707e-13,-12.337355074397676
25.146484375,Fp2,5.268469005273523e-13,-12.278315570586525
25.390625,Fp2,4.501490243551736e-13,-12.346643686800425
25.634765625,Fp2,4.725181835503244e-13,-12.325581474215845
25.87890625,Fp2,4.346680779265697e-13,-12.361842253274544
26.123046875,Fp2,4.358965455957008e-13,-12.360616572676902
26.3671875,Fp2,4.401081548684196e-13,-12.356440584217006
26.611328125,Fp2,3.9042331682656194e-13,-12.408464253334438
26.85546875,Fp2,3.663304233870906e-13,-12.43612701210131
27.099609375,Fp2,3.9341661428744473e-13,-12.40514730343804
27.34375,Fp2,3.6773018414087537e-13,-12.434470720776208
27.587890625,Fp2,4.215292704936794e-13,-12.375172263097308
27.83203125,Fp2,4.018109944060042e-13,-12.395978184201672
28.076171875,Fp2,4.2746805810273234e-13,-12.369096331714758
28.3203125,Fp2,3.206077893101208e-13,-12.49402593047436
28.564453125,Fp2,3.309296151434581e-13,-12.48026436575684
28.80859375,Fp2,3.222287060457409e-13,-12.491835772663125
29.052734375,Fp2,3.389695333986223e-13,-12.46983933445611
29.296875,Fp2,3.3858082215308094e-13,-12.4703376447769
29.541015625,Fp2,2.919010287060791e-13,-12.534764374485825
29.78515625,Fp2,3.2052810599812433e-13,-12.494133882698316
30.029296875,Fp2,2.941299617243338e-13,-12.531460733572578
30.2734375,Fp2,2.719647325789181e-13,-12.565487410081298
30.517578125,Fp2,3.164029850137327e-13,-12.499759427927593
30.76171875,Fp2,3.2170917012643563e-13,-12.49253655961855
31.005859375,Fp2,3.394063353711759e-13,-12.469280055385864
31.25,Fp2,2.881379747164627e-13,-12.54039950075124
31.494140625,Fp2,2.696474865557459e-13,-12.569203623512506
31.73828125,Fp2,2.8976013484275533e-13,-12.537961364926721
31.982421875,Fp2,3.147561901730995e-13,-12.502025720055418
32.2265625,Fp2,3.3297407016005135e-13,-12.47758958518698
32.470703125,Fp2,3.130849027478894e-13,-12.504337873971602
32.71484375,Fp2,2.732229866518764e-13,-12.563482765619662
32.958984375,Fp2,2.593280834461931e-13,-12.586150449581234
33.203125,Fp2,2.8165114219414614e-13,-12.550288483208645
33.447265625,Fp2,2.8808318563912513e-13,-12.540482089158834
33.69140625,Fp2,2.8691685142613057e-13,-12.542243943679903
33.935546875,Fp2,3.3379841632290335e-13,-12.476515728123685
34.1796875,Fp2,3.569244845799916e-13,-12.447423658955937
34.423828125,Fp2,2.762069168252572e-13,-12.558765449937589
34.66796875,Fp2,2.678239568295667e-13,-12.572150577982942
34.912109375,Fp2,2.9687529295726053e-13,-12.527425944467996
35.15625,Fp2,2.6217089202667334e-13,-12.58141552825973
35.400390625,Fp2,2.368289886208596e-13,-12.625565139670645
35.64453125,Fp2,2.5414504744373065e-13,-12.594918349029607
35.888671875,Fp2,2.399326084857517e-13,-12.619910724424638
36.1328125,Fp2,2.2136600103835901e-13,-12.654889080364581
36.376953125,Fp2,2.485285054565376e-13,-12.604623791830083
36.62109375,Fp2,2.602134937849691e-13,-12.584670186158743
36.865234375,Fp2,2.698437843913047e-13,-12.568887581066052
37.109375,Fp2,2.948899821969796e-13,-12.530339980756004
37.353515625,Fp2,2.2347399884416551e-13,-12.650772999670286
37.59765625,Fp2,2.669376258729248e-13,-12.57359020643995
37.841796875,Fp2,2.333891591528441e-13,-12.6319193206533
38.0859375,Fp2,2.5576447077949866e-13,-12.592159785174372
38.330078125,Fp2,2.753077276540758e-13,-12.560181598158353
38.57421875,Fp2,2.3941622288246296e-13,-12.620846425067342
38.818359375,Fp2,2.528814893200292e-13,-12.597082959427391
39.0625,Fp2,2.4045033499870493e-13,-12.618974613524722
39.306640625,Fp2,2.371116556919402e-13,-12.625047096893706
39.55078125,Fp2,2.555611806249124e-13,-12.592505114209876
39.794921875,Fp2,2.423203519780641e-13,-12.615610108848113
0.0,F3,3.8645106288398145e-10,-9.412905493893273
0.244140625,F3,3.086769828527037e-09,-8.510495753390419
0.48828125,F3,1.7653044371258311e-09,-8.753180387181246
0.732421875,F3,7.618778517278472e-10,-9.118114651459397
0.9765625,F3,4.040470238675711e-10,-9.393568087815714
1.220703125,F3,2.7955508836673696e-10,-9.553532598452762
1.46484375,F3,2.0194484883185396e-10,-9.694767220248055
1.708984375,F3,1.5472774755254059e-10,-9.810431796653809
1.953125,F3,1.1603808654046699e-10,-9.93539944129447
2.197265625,F3,1.030922404787993e-10,-9.986774021855762
2.44140625,F3,7.648242634722365e-11,-10.116438342848909
2.685546875,F3,5.764630000602421e-11,-10.239228562411506
2.9296875,F3,4.8240620103069446e-11,-10.316587118247458
3.173828125,F3,4.339224373913934e-11,-10.362587892660988
3.41796875,F3,3.759310276844874e-11,-10.424891828060984
3.662109375,F3,3.0693560284432386e-11,-10.51295273287142
3.90625,F3,2.5163151027206038e-11,-10.599234975784736
4.150390625,F3,2.205829653806005e-11,-10.656428029188927
4.39453125,F3,1.9642242110607488e-11,-10.706808940139302
4.638671875,F3,1.7518366767255702e-11,-10.756506385441432
4.8828125,F3,1.5778499474466456e-11,-10.801934300299278
5.126953125,F3,1.6648996349097797e-11,-10.778611941928617
5.37109375,F3,1.6130192349952427e-11,-10.792360453688232
5.615234375,F3,1.4274802494091628e-11,-10.845429891931119
5.859375,F3,1.097807279848508e-11,-10.95947389362404
6.103515625,F3,9.34100895851702e-12,-11.029606211409037
6.34765625,F3,1.0225640496456195e-11,-10.990309479861956
6.591796875,F3,1.0164271366474942e-11,-10.99292374864042
6.8359375,F3,1.0466192077040795e-11,-10.980211299289316
7.080078125,F3,9.027565613356429e-12,-11.044429346388803
7.32421875,F3,9.423012628857427e-12,-11.025810226833714
7.568359375,F3,7.343484640942323e-12,-11.134097809128223
7.8125,F3,6.127112800650501e-12,-11.212744124197323
8.056640625,F3,5.391776985285304e-12,-11.26826807939243
8.30078125,F3,5.132068101414219e-12,-11.289707589266678
8.544921875,F3,4.5846614886659176e-12,-11.338692725213532
8.7890625,F3,4.462939476021043e-12,-11.350379002787147
9.033203125,F3,4.116595198529809e-12,-11.385461836837393
9.27734375,F3,3.174568972822632e-12,-11.49831523271284
9.521484375,F3,3.2761152908463657e-12,-11.484640823243316
9.765625,F3,3.3309672778178214e-12,-11.47742963363514
10.009765625,F3,2.9535051967236895e-12,-11.529662260659785
10.25390625,F3,2.637556908669392e-12,-11.578798161133319
10.498046875,F3,2.6338527962731136e-12,-11.579408501034356
10.7421875,F3,2.4265398394125496e-12,-11.615012573957186
10.986328125,F3,2.746035785396377e-12,-11.561293807485676
11.23046875,F3,2.486587716036952e-12,-11.604396216134589
11.474609375,F3,2.111676279299433e-12,-11.675372658529154
11.71875,F3,2.0833000218639227e-12,-11.681248181585032
11.962890625,F3,2.12962572957947e-12,-11.671696714805687
12.20703125,F3,2.2563388607378208e-12,-11.646595676720057
12.451171875,F3,1.8097384404013714e-12,-11.742384188721303
12.6953125,F3,1.7050751206419324e-12,-11.768256482500464
12.939453125,F3,1.7004619481351541e-12,-11.769433081990494
13.18359375,F3,1.6262153157037426e-12,-11.788821953064705
13.427734375,F3,1.5688340659043638e-12,-11.804422988900663
13.671875,F3,1.615056364720491e-12,-11.791812316391747
13.916015625,F3,1.554783932424914e-12,-11.808329956139081
14.16015625,F3,1.338635323597912e-12,-11.873337719119425
14.404296875,F3,1.3844739636444081e-12,-11.858715207164261
14.6484375,F3,1.3292707798042388e-12,-11.876386541859164
14.892578125,F3,1.207076354989259e-12,-11.918265257241776
15.13671875,F3,1.0937372480270952e-12,-11.961086997415345
15.380859375,F3,1.2317505611133757e-12,-11.909477231213891
15.625,F3,1.110959921497044e-12,-11.954301608193818
15.869140625,F3,1.022441865243045e-12,-11.990361376055986
16.11328125,F3,1.1201601424973202e-12,-11.950719884444847
16.357421875,F3,1.1146028961924406e-12,-11.952879832804346
16.6015625,F3,9.700021332060718e-13,-12.013227310642408
16.845703125,F3,8.51686568596474e-13,-12.069720201680665
17.08984375,F3,8.58899270371479e-13,-12.066057766188504
17.333984375,F3,8.819909812520196e-13,-12.054535855698687
17.578125,F3,8.68908509253678e-13,-12.061025949694105
17.822265625,F3,8.405132358560949e-13,-12.075455443183458
18.06640625,F3,8.051652707503527e-13,-12.094114965833507
18.310546875,F3,7.755222563590904e-13,-12.110405734052515
18.5546875,F3,7.544955392336574e-13,-12.122343323538404
18.798828125,F3,7.30823377268272e-13,-12.136187569069593
19.04296875,F3,8.040151405487062e-13,-12.094735772899753
19.287109375,F3,8.028928617719109e-13,-12.095342403221418
19.53125,F3,6.729275965666101e-13,-12.172031661040744
19.775390625,F3,6.630205871578569e-13,-12.178472986300742
20.01953125,F3,6.505856949914805e-13,-12.186695490169695
20.263671875,F3,6.255477504051782e-13,-12.203739533379094
20.5078125,F3,5.539439436166842e-13,-12.256534181498472
20.751953125,F3,5.90197111427781e-13,-12.229002920376631
20.99609375,F3,6.089469557584898e-13,-12.215420536307523
21.240234375,F3,5.093677972641659e-13,-12.292968515031125
21.484375,F3,4.395835507600657e-13,-12.356958567267187
21.728515625,F3,4.741941090050106e-13,-12.324043845639375
21.97265625,F3,4.682658393127008e-13,-12.329507523488742
22.216796875,F3,5.422213551965955e-13,-12.265823381883893
22.4609375,F3,4.767629566110638e-13,-12.321697495642779
22.705078125,F3,4.397675875584092e-13,-12.356776782849856
22.94921875,F3,4.0634993864864534e-13,-12.391099801481612
23.193359375,F3,4.0257245875798564e-13,-12.395155939875997
23.4375,F3,4.164950290555171e-13,-12.380390177610476
23.681640625,F3,3.561100304756149e-13,-12.448415793473009
23.92578125,F3,3.728214987720918e-13,-12.428499051980936
24.169921875,F3,3.969961675097361e-13,-12.401213685774435
24.4140625,F3,3.609054008004565e-13,-12.44260661885408
24.658203125,F3,4.541342291598901e-13,-12.342815763073661
24.90234375,F3,4.171251617899441e-13,-12.379733611887726
25.146484375,F3,4.4241659014835873e-13,-12.354168595820008
25.390625,F3,3.477056884613571e-13,-12.458788204205527
25.634765625,F3,3.6440918882650053e-13,-12.438410680529088
25.87890625,F3,3.662266050949131e-13,-12.436250108897768
26.123046875,F3,4.133918639050557e-13,-12.383638075110545
26.3671875,F3,4.211782073289266e-13,-12.375534108240691
26.611328125,F3,3.218216931084978e-13,-12.492384684662781
26.85546875,F3,3.1032890004596545e-13,-12.508177777925193
27.099609375,F3,3.026517929904125e-13,-12.519056748866792
27.34375,F3,3.046040842324516e-13,-12.516264277796678
27.587890625,F3,3.042318532212867e-13,-12.51679531706141
27.83203125,F3,3.1998729540842153e-13,-12.494867264316182
28.076171875,F3,3.350059921159913e-13,-12.474947424844837
28.3203125,F3,2.5627988756193043e-13,-12.591285475218822
28.564453125,F3,2.877509798146135e-13,-12.540983188888942
28.80859375,F3,2.919757111591932e-13,-12.534653275086773
29.052734375,F3,2.773814714591952e-13,-12.556922552317456
29.296875,F3,2.797911308350328e-13,-12.553166056429086
29.541015625,F3,2.368439360935328e-13,-12.625537730019115
29.78515625,F3,2.334183675296855e-13,-12.631864972613993
30.029296875,F3,2.3688091540565463e-13,-12.625469927322335
30.2734375,F3,2.7714741313529643e-13,-12.55728917071146
30.517578125,F3,2.639965566722416e-13,-12.57840173763016
30.76171875,F3,2.4850105491121293e-13,-12.604671763304307
31.005859375,F3,2.53196910484864e-13,-12.596541597894657
31.25,F3,2.410442216998788e-13,-12.61790327494196
31.494140625,F3,2.0183680219169641e-13,-12.694999643195505
31.73828125,F3,2.2158902818210042e-13,-12.65445174718339
31.982421875,F3,2.3864112428924735e-13,-12.62225471358722
32.2265625,F3,2.405477995025333e-13,-12.618798611608137
32.470703125,F3,2.617512392744175e-13,-12.582111253455167
32.71484375,F3,2.269629178952117e-13,-12.64404509377176
32.958984375,F3,2.319253956476732e-13,-12.634651693855401
33.203125,F3,2.0499759713132826e-13,-12.688251229474591
33.447265625,F3,1.834236553639896e-13,-12.736544655953011
33.69140625,F3,1.992352537060109e-13,-12.700633812823218
33.935546875,F3,2.188093398261901e-13,-12.65993414418319
34.1796875,F3,2.173367464002155e-13,-12.66286683875243
34.423828125,F3,1.858273801415162e-13,-12.730890295895083
34.66796875,F3,1.9556284537859834e-13,-12.708713652512547
34.912109375,F3,2.243291542160674e-13,-12.649114281065405
35.15625,F3,2.1070756456965105e-13,-12.676319872593679
35.400390625,F3,1.866492109627209e-13,-12.728973841661924
35.64453125,F3,1.5432051749382382e-13,-12.811576329011558
35.888671875,F3,1.6254158363397465e-13,-12.789035513254616
36.1328125,F3,1.877854701575158e-13,-12.726338014170725
36.376953125,F3,1.8740787330883377e-13,-12.727212167649126
36.62109375,F3,1.982142903413733e-13,-12.70286503808143
36.865234375,F3,1.9514451737197905e-13,-12.709643645810065
37.109375,F3,1.7691536832930858e-13,-12.75223443904782
37.353515625,F3,1.4297866239402816e-13,-12.84472877019905
37.59765625,F3,1.6888392018219285e-13,-12.772411698614809
37.841796875,F3,2.193238263282267e-13,-12.658914186011522
38.0859375,F3,1.6040171142606317e-13,-12.794791002268001
38.330078125,F3,2.026179959849381e-13,-12.693321984395944
38.57421875,F3,1.6623555062384444e-13,-12.77927609373644
38.818359375,F3,1.693929047078456e-13,-12.771104784741823
39.0625,F3,1.5562598943736337e-13,-12.807917874398285
39.306640625,F3,1.6487900479543185e-13,-12.782834642608979
39.55078125,F3,2.005249749054657e-13,-12.697831529337309
39.794921875,F3,1.6325184841554724e-13,-12.787141892735107
0.0,F4,3.7943043973032655e-10,-9.420867830862699
0.244140625,F4,2.8447689976752167e-09,-8.545952993630276
0.48828125,F4,1.5992297536805192e-09,-8.796089138762964
0.732421875,F4,6.461980564568062e-10,-9.189634352525978
0.9765625,F4,3.4991446594132716e-10,-9.456038102819669
1.220703125,F4,2.527049072991433e-10,-9.597386324394902
1.46484375,F4,1.8053183748395943e-10,-9.743446197501697
1.708984375,F4,1.3394323762314158e-10,-9.873079207677941
1.953125,F4,1.0514070408093592e-10,-9.978229119029203
2.197265625,F4,8.25415702548761e-11,-10.083327273445747
2.44140625,F4,6.410988629847149e-11,-10.193074993354768
2.685546875,F4,4.989125159240152e-11,-10.30197560103465
2.9296875,F4,4.2969770448218366e-11,-10.36683696638448
3.173828125,F4,3.5184024331576717e-11,-10.453654487646034
3.41796875,F4,2.8165325532157096e-11,-10.550285224865254
3.662109375,F4,2.4419395966875625e-11,-10.61226508287669
3.90625,F4,2.2175530057279475e-11,-10.654125990517642
4.150390625,F4,1.8811789459690755e-11,-10.725569890494011
4.39453125,F4,1.7643022652679314e-11,-10.753427008267503
4.638671875,F4,1.7653024196953697e-11,-10.753180883503239
4.8828125,F4,1.4034991322805188e-11,-10.852787851533924
5.126953125,F4,1.454954119506072e-11,-10.837150701495602
5.37109375,F4,1.4149219192440486e-11,-10.849267525494517
5.615234375,F4,1.2601796714346114e-11,-10.899567530477901
5.859375,F4,1.044188389163186e-11,-10.9812211402293
6.103515625,F4,1.0010879177907893e-11,-10.999527780128346
6.34765625,F4,9.698573017121926e-12,-11.013292160205816
6.591796875,F4,8.042152057218083e-12,-11.094627719720245
6.8359375,F4,8.32756304837936e-12,-11.07948207055998
7.080078125,F4,8.043497152779635e-12,-11.094555087577923
7.32421875,F4,7.519289023804531e-12,-11.12382322159397
7.568359375,F4,6.579964580194591e-12,-11.18177644417745
7.8125,F4,6.012585869224452e-12,-11.220938708162553
8.056640625,F4,4.860224333143102e-12,-11.313343684565348
8.30078125,F4,4.735432394191705e-12,-11.324640359250406
8.544921875,F4,4.6423794175535246e-12,-11.333259367926626
8.7890625,F4,4.316144294284461e-12,-11.364904044720362
9.033203125,F4,3.621085756842215e-12,-11.441161189824706
9.27734375,F4,3.185120103875076e-12,-11.496874186729961
9.521484375,F4,3.4587580061381064e-12,-11.461079822569436
9.765625,F4,3.300291765761608e-12,-11.481447664164826
10.009765625,F4,2.6495789582528318e-12,-11.576823133850139
10.25390625,F4,2.7848977692652185e-12,-11.555190742701704
10.498046875,F4,2.717902354805813e-12,-11.565766150079895
10.7421875,F4,2.444595433025198e-12,-11.61179300391979
10.986328125,F4,2.436128261796471e-12,-11.613299849896292
11.23046875,F4,2.217374907025758e-12,-11.654160871483086
11.474609375,F4,1.9388169646083827e-12,-11.71246318886491
11.71875,F4,2.0979266198582096e-12,-11.678209706394128
11.962890625,F4,2.109279688700459e-12,-11.675865829361664
12.20703125,F4,1.823172920530012e-12,-11.739172138327751
12.451171875,F4,1.7799279520048052e-12,-11.749597576724824
12.6953125,F4,1.854375820104504e-12,-11.731802244270714
12.939453125,F4,1.855032859196049e-12,-11.731648393088756
13.18359375,F4,1.6231433909645113e-12,-11.78964311224162
13.427734375,F4,1.7120010329564536e-12,-11.766495977621977
13.671875,F4,1.6900359333866225e-12,-11.77210406135933
13.916015625,F4,1.5711318321465762e-12,-11.80378737220276
14.16015625,F4,1.3670021587606678e-12,-11.864230799596694
14.404296875,F4,1.3878011486779554e-12,-11.857672757381627
14.6484375,F4,1.3009684011462645e-12,-11.885733251766215
14.892578125,F4,1.2178369824995309e-12,-11.914410841702418
15.13671875,F4,1.1423819598413152e-12,-11.942188663764007
15.380859375,F4,1.2945978728024856e-12,-11.887865110921442
15.625,F4,1.2477165268236254e-12,-11.903884072362091
15.869140625,F4,1.023579213744779e-12,-11.989878542096696
16.11328125,F4,1.1221162445698538e-12,-11.949962150423701
16.357421875,F4,1.1208327801544869e-12,-11.95045917605202
16.6015625,F4,9.986385033515489e-13,-12.000591693367284
16.845703125,F4,9.71349652257964e-13,-12.012624410965117
17.08984375,F4,8.680736585614622e-13,-12.061443422116655
17.333984375,F4,9.918188372928309e-13,-12.00356764755263
17.578125,F4,9.594344395226834e-13,-12.017984696307673
17.822265625,F4,8.822761228283284e-13,-12.054395473991242
18.06640625,F4,8.588269049658255e-13,-12.066094358628936
18.310546875,F4,7.770593366037414e-13,-12.109545817009039
18.5546875,F4,7.578889614938276e-13,-12.120394418303235
18.798828125,F4,7.732037732824056e-13,-12.111706035254285
19.04296875,F4,8.454729598090662e-13,-12.072900277591373
19.287109375,F4,9.59511594608309e-13,-12.017949772941032
19.53125,F4,7.608132320469218e-13,-12.118721942764925
19.775390625,F4,7.269088238794215e-13,-12.138520059250023
20.01953125,F4,7.401465151460034e-13,-12.130682301321695
20.263671875,F4,7.057486373939564e-13,-12.151349951683143
20.5078125,F4,6.381414467284605e-13,-12.195083047415055
20.751953125,F4,6.92833246145801e-13,-12.159371280529918
20.99609375,F4,6.277880243039045e-13,-12.20218697316662
21.240234375,F4,6.084473252274513e-13,-12.21577701374165
21.484375,F4,5.962383957342519e-13,-12.22458006030843
21.728515625,F4,5.113707520092209e-13,-12.291264115191673
21.97265625,F4,6.08754814032299e-13,-12.215557591363517
22.216796875,F4,7.312123145876069e-13,-12.135956503116116
22.4609375,F4,5.608178783140808e-13,-12.251178149946197
22.705078125,F4,4.96964491897109e-13,-12.303674640490108
22.94921875,F4,4.5059127328593706e-13,-12.34621722362076
23.193359375,F4,5.568896225897729e-13,-12.254230874934787
23.4375,F4,6.062373055231809e-13,-12.2173573423261
23.681640625,F4,5.561541024818425e-13,-12.254804854848611
23.92578125,F4,5.449376626369692e-13,-12.26365317537693
24.169921875,F4,5.067809844965173e-13,-12.295179689138175
24.4140625,F4,5.035331544052316e-13,-12.297971928682957
24.658203125,F4,5.185384688240731e-13,-12.285219019066085
24.90234375,F4,5.142682619201896e-13,-12.28881027734768
25.146484375,F4,5.111953427975696e-13,-12.2914131114352
25.390625,F4,5.204989170316932e-13,-12.28358016976084
25.634765625,F4,5.428602311484305e-13,-12.265311972721566
25.87890625,F4,4.4768226712145173e-13,-12.349030107858738
26.123046875,F4,4.4585028461284454e-13,-12.350810951785943
26.3671875,F4,5.36608929360408e-13,-12.27034210479176
26.611328125,F4,4.0352309566361863e-13,-12.394131603365164
26.85546875,F4,4.190110168134591e-13,-12.377774558230854
27.099609375,F4,4.858191142628959e-13,-12.313525402137731
27.34375,F4,3.9171152749693074e-13,-12.407033647613119
27.587890625,F4,4.5275556336348553e-13,-12.34413620446345
27.83203125,F4,5.203967430336353e-13,-12.283665430186828
28.076171875,F4,3.969745955567915e-13,-12.401237285082031
28.3203125,F4,3.4938919284930934e-13,-12.45669053254856
28.564453125,F4,3.599993180855129e-13,-12.4436983218771
28.80859375,F4,4.17555768532228e-13,-12.379285512160415
29.052734375,F4,4.0419877340631764e-13,-12.393405008741734
29.296875,F4,3.740103040295181e-13,-12.427116432768726
29.541015625,F4,3.3032797472240463e-13,-12.481054645342459
29.78515625,F4,3.524044441881291e-13,-12.452958623318416
30.029296875,F4,2.730592193512005e-13,-12.563743155712361
30.2734375,F4,2.7603293286488906e-13,-12.55903910015124
30.517578125,F4,3.2621472641818413e-13,-12.486496437355234
30.76171875,F4,3.2379723017463644e-13,-12.489726870607402
31.005859375,F4,3.8804206276677843e-13,-12.411121195443453
31.25,F4,3.46811127980674e-13,-12.459906975950538
31.494140625,F4,2.689770922507394e-13,-12.570284705621129
31.73828125,F4,3.167556591447954e-13,-12.499275617286187
31.982421875,F4,2.9513046590483574e-13,-12.52998595657454
32.2265625,F4,3.14988492445232e-13,-12.501705312111433
32.470703125,F4,3.494968052089019e-13,-12.456556789836716
32.71484375,F4,2.766857104359554e-13,-12.558013269623281
32.958984375,F4,2.7170662153208055e-13,-12.565899777629943
33.203125,F4,3.003460244242688e-13,-12.522378112283397
33.447265625,F4,2.879144676654665e-13,-12.540736511330984
33.69140625,F4,3.0987219301364974e-13,-12.508817394275608
33.935546875,F4,3.220967462566574e-13,-12.492013662295852
34.1796875,F4,3.439129635755944e-13,-12.46355145342127
34.423828125,F4,3.481907840893508e-13,-12.458182727969142
34.66796875,F4,3.487843431531472e-13,-12.457443018678713
34.912109375,F4,3.80957259597122e-13,-12.419123746010301
35.15625,F4,3.701425549917005e-13,-12.431630981547318
35.400390625,F4,2.8733641971629843e-13,-12.541609323957971
35.64453125,F4,2.8475463622431283e-13,-12.545529196238345
35.888671875,F4,3.131335652899451e-13,-12.504270377164621
36.1328125,F4,2.957158733468152e-13,-12.529125362920928
36.376953125,F4,2.591284676732243e-13,-12.586484873103506
36.62109375,F4,3.158686328429431e-13,-12.500493499323062
36.865234375,F4,3.3524263144535614e-13,-12.474640759062613
37.109375,F4,4.1916485925009323e-13,-12.377615133642362
37.353515625,F4,3.267307072973113e-13,-12.485810047088462
37.59765625,F4,3.208141509809197e-13,-12.493746483413489
37.841796875,F4,3.0363250395020023e-13,-12.517651738933973
38.0859375,F4,2.733204281308343e-13,-12.563327907667215
38.330078125,F4,2.879851794668628e-13,-12.540629861689995
38.57421875,F4,2.966002941694676e-13,-12.52782842257226
38.818359375,F4,3.1870577206154e-13,-12.496610070973158
39.0625,F4,3.5287411946017363e-13,-12.452380192554736
39.306640625,F4,3.1335092238250565e-13,-12.503969022569107
39.55078125,F4,2.715204520605185e-13,-12.566197451959129
39.794921875,F4,2.8392545636451093e-13,-12.54679566748468
0.0,C3,3.638131280166019e-10,-9.439121633688421
0.244140625,C3,2.64064372651184e-09,-8.57829018949635
0.48828125,C3,1.4689156011096303e-09,-8.833003156575538
0.732421875,C3,6.121497069437327e-10,-9.2131423540821
0.9765625,C3,3.5145652223475566e-10,-9.454128392753443
1.220703125,C3,2.4316454413612084e-10,-9.61409974933595
1.46484375,C3,1.6757501822491078e-10,-9.775790724701787
1.708984375,C3,1.196138450753564e-10,-9.922218548676806
1.953125,C3,1.02101505778805e-10,-9.99096785295125
2.197265625,C3,8.635544343518997e-11,-10.063710281381356
2.44140625,C3,6.292262749591243e-11,-10.201193150588631
2.685546875,C3,4.564949533036015e-11,-10.340564019366294
2.9296875,C3,3.8219948655006865e-11,-10.41770990071539
3.173828125,C3,3.2678969009875435e-11,-10.485731653497792
3.41796875,C3,2.942662000213993e-11,-10.53125961893063
3.662109375,C3,2.4099711473473676e-11,-10.617988156853693
3.90625,C3,2.13932325584191e-11,-10.66972358774199
4.150390625,C3,1.851605501416928e-11,-10.732451537528746
4.39453125,C3,1.651995590591454e-11,-10.781991116207136
4.638671875,C3,1.3793120946009216e-11,-10.860337455631587
4.8828125,C3,1.196279514157532e-11,-10.922167334333064
5.126953125,C3,1.4273702281424722e-11,-10.845463365928735
5.37109375,C3,1.3529548139926029e-11,-10.868716707734505
5.615234375,C3,1.1005460216329591e-11,-10.958391791799103
5.859375,C3,1.027662676887296e-11,-10.988149416087083
6.103515625,C3,8.858812703723785e-12,-11.052624480231854
6.34765625,C3,8.279975681794451e-12,-11.081970938731786
6.591796875,C3,7.921801393854681e-12,-11.101176049918875
6.8359375,C3,8.372703167047986e-12,-11.07713430532798
7.080078125,C3,8.089095455086734e-12,-11.092100039676703
7.32421875,C3,8.022007353169025e-12,-11.095716944269197
7.568359375,C3,6.226802973855498e-12,-11.205734875842928
7.8125,C3,5.373640419140629e-12,-11.269731398045726
8.056640625,C3,4.66511572042812e-12,-11.331137578901393
8.30078125,C3,4.396283992536058e-12,-11.35691426065083
8.544921875,C3,4.005076249469722e-12,-11.397389211312897
8.7890625,C3,4.0388844933001775e-12,-11.3937385668943
9.033203125,C3,3.589023508040133e-12,-11.445023697036314
9.27734375,C3,2.9202374556166224e-12,-11.534581832979283
9.521484375,C3,2.9199434196346017e-12,-11.534625563886701
9.765625,C3,2.7923173819857786e-12,-11.554035220213878
10.009765625,C3,2.4982934055635205e-12,-11.602356558382064
10.25390625,C3,2.2856132683188928e-12,-11.640997251475088
10.498046875,C3,2.270660366537917e-12,-11.643847820412194
10.7421875,C3,2.030738430817557e-12,-11.692346012276262
10.986328125,C3,2.3554077687295928e-12,-11.627933896866638
11.23046875,C3,2.0761659822492107e-12,-11.682737929102304
11.474609375,C3,1.835694896439809e-12,-11.736199499498358
11.71875,C3,1.786295373771378e-12,-11.74804672652665
11.962890625,C3,1.7482653732774993e-12,-11.757392644125773
12.20703125,C3,2.032881693120899e-12,-11.691887895105104
12.451171875,C3,1.5604181091530633e-12,-11.806759018204126
12.6953125,C3,1.3150515604271817e-12,-11.881057219060137
12.939453125,C3,1.4445604712655678e-12,-11.840264273281706
13.18359375,C3,1.4101555495494404e-12,-11.850732979128306
13.427734375,C3,1.2419052514795434e-12,-11.905911536469617
13.671875,C3,1.4615766193557222e-12,-11.83517841295027
13.916015625,C3,1.3400154223094745e-12,-11.87289020328791
14.16015625,C3,1.1123380519532905e-12,-11.953763205751777
14.404296875,C3,1.222548550185249e-12,-11.912733885039618
14.6484375,C3,1.0739743826975588e-12,-11.969006077654878
14.892578125,C3,1.115022687951768e-12,-11.952716295708186
15.13671875,C3,1.0197852633696893e-12,-11.991491268190734
15.380859375,C3,1.041075968950807e-12,-11.98251757818175
15.625,C3,8.789935832833393e-13,-12.05601429529575
15.869140625,C3,8.796711874741994e-13,-12.055679632567001
16.11328125,C3,9.172128435342409e-13,-12.037529872567267
16.357421875,C3,9.548658389852369e-13,-12.020057643580046
16.6015625,C3,8.538984223055695e-13,-12.068593788861296
16.845703125,C3,7.589295279429739e-13,-12.119798549593883
17.08984375,C3,7.218684926180714e-13,-12.141541913416924
17.333984375,C3,8.736789012510512e-13,-12.05864815207682
17.578125,C3,7.333576374938782e-13,-12.13468418073213
17.822265625,C3,6.995583737092031e-13,-12.155176040540189
18.06640625,C3,7.101551306320749e-13,-12.148646770973416
18.310546875,C3,7.112862583870283e-13,-12.147955581523341
18.5546875,C3,6.818264591900629e-13,-12.16632614940036
18.798828125,C3,6.312038300768996e-13,-12.199830374538472
19.04296875,C3,6.494478595469724e-13,-12.187455710210662
19.287109375,C3,6.401595336504978e-13,-12.193711782343936
19.53125,C3,5.406656523485738e-13,-12.267071219603768
19.775390625,C3,4.923588808580075e-13,-12.307718224144745
20.01953125,C3,5.093145456550142e-13,-12.293013920510447
20.263671875,C3,5.047053583005808e-13,-12.29696208447174
20.5078125,C3,5.043462731528303e-13,-12.29727118402606
20.751953125,C3,4.88970652167834e-13,-12.310717206283437
20.99609375,C3,4.797888888726497e-13,-12.318949813802892
21.240234375,C3,4.23503207074863e-13,-12.373143296526562
21.484375,C3,4.000886394609082e-13,-12.397843780261809
21.728515625,C3,4.178127272328925e-13,-12.379018334861147
21.97265625,C3,4.1895690555080943e-13,-12.37783064682848
22.216796875,C3,4.1464301750355217e-13,-12.382325643642831
22.4609375,C3,3.8963254721699984e-13,-12.409344772310993
22.705078125,C3,3.6149007871557364e-13,-12.441903617645266
22.94921875,C3,3.426185600678329e-13,-12.465189114468245
23.193359375,C3,4.084385686169866e-13,-12.38887325447285
23.4375,C3,3.71582758392812e-13,-12.42994444567027
23.681640625,C3,3.1681126577856733e-13,-12.499199383337363
23.92578125,C3,3.447842997914611e-13,-12.462452518569993
24.169921875,C3,3.2451740658163655e-13,-12.488762003394866
24.4140625,C3,3.073844271106508e-13,-12.512318138759598
24.658203125,C3,3.433222847726451e-13,-12.464298005954726
24.90234375,C3,3.269799498522413e-13,-12.48547887711189
25.146484375,C3,3.3907281712280997e-13,-12.469707025458604
25.390625,C3,3.139633906059032e-13,-12.503120989457884
25.634765625,C3,2.919074275085101e-13,-12.53475485436135
25.87890625,C3,3.172322882724151e-13,-12.498622616105706
26.123046875,C3,2.926838713596034e-13,-12.53360120914297
26.3671875,C3,3.143495112035952e-13,-12.502587210617584
26.611328125,C3,2.456432551694541e-13,-12.609695156149156
26.85546875,C3,2.4801240882927284e-13,-12.6055265895316
27.099609375,C3,2.2259304622990106e-13,-12.652488407077474
27.34375,C3,2.28668153881322e-13,-12.640794314434116
27.587890625,C3,2.222103847503685e-13,-12.653235648660706
27.83203125,C3,2.6433984594932873e-13,-12.577837367433531
28.076171875,C3,2.486601876915561e-13,-12.6043937428762
28.3203125,C3,2.102709037048392e-13,-12.677220818776693
28.564453125,C3,2.3527009153856855e-13,-12.628433278541523
28.80859375,C3,2.3530990350609073e-13,-12.628359794253914
29.052734375,C3,2.4494550091456505e-13,-12.610930533125073
29.296875,C3,2.492424858956053e-13,-12.603377925827804
29.541015625,C3,2.0746663634708552e-13,-12.683051734206673
29.78515625,C3,2.125049297043025e-13,-12.67263099070288
30.029296875,C3,2.3143727700308895e-13,-12.635566689062328
30.2734375,C3,2.279234914263808e-13,-12.642210911014994
30.517578125,C3,2.092473084449609e-13,-12.679340119643038
30.76171875,C3,2.0521814853521106e-13,-12.687784234884923
31.005859375,C3,1.991379951475596e-13,-12.700845869512337
31.25,C3,1.9857986737996762e-13,-12.702064783680475
31.494140625,C3,1.6703495209502526e-13,-12.777192643141442
31.73828125,C3,1.6485283157897238e-13,-12.782903588838927
31.982421875,C3,1.7395475203349042e-13,-12.759563702853537
32.2265625,C3,1.775552958383332e-13,-12.75066636972077
32.470703125,C3,1.8055974187662258e-13,-12.743379074785626
32.71484375,C3,1.6203524035776602e-13,-12.79039052231835
32.958984375,C3,1.541175544644706e-13,-12.812147890984058
33.203125,C3,1.5830822752480897e-13,-12.800496513591396
33.447265625,C3,1.779045256070881e-13,-12.749813004017332
33.69140625,C3,1.7144084510571018e-13,-12.765885701136538
33.935546875,C3,1.8174756390454956e-13,-12.740531401596307
34.1796875,C3,1.8866827759675994e-13,-12.72430111532434
34.423828125,C3,1.596601241859873e-13,-12.796803537264216
34.66796875,C3,1.707897940435309e-13,-12.767538085186876
34.912109375,C3,1.7059748511942869e-13,-12.768027375318585
35.15625,C3,1.4655149124020389e-13,-12.834009758023248
35.400390625,C3,1.5108100757192893e-13,-12.820790127488477
35.64453125,C3,1.5520666323356884e-13,-12.809089637823629
35.888671875,C3,1.421245323186865e-13,-12.847330951410614
36.1328125,C3,1.5306538284626411e-13,-12.81512301791547
36.376953125,C3,1.5238705719327025e-13,-12.81705191769617
36.62109375,C3,1.696558687144128e-13,-12.770431112699077
36.865234375,C3,1.7790311871566457e-13,-12.749816438486443
37.109375,C3,2.1134078117281382e-13,-12.675016691639538
37.353515625,C3,1.635873573320933e-13,-12.786250263336285
37.59765625,C3,1.4692100527323606e-13,-12.832916108756327
37.841796875,C3,1.330325161300849e-13,-12.876042194747853
38.0859375,C3,1.636034097084198e-13,-12.786207649306991
38.330078125,C3,2.1122563849578458e-13,-12.675253368422998
38.57421875,C3,1.4652099473649806e-13,-12.834100141556048
38.818359375,C3,1.2872888432919297e-13,-12.890323994685946
39.0625,C3,1.2773658777634486e-13,-12.893684689318611
39.306640625,C3,1.3894563831503752e-13,-12.857155081743336
39.55078125,C3,1.3373863384397222e-13,-12.873743117483171
39.794921875,C3,1.1175515758586217e-13,-12.951732424711532
0.0,C4,3.5463486083364005e-10,-9.450218575211325
0.244140625,C4,2.610890161622026e-09,-8.583211398266998
0.48828125,C4,1.4547705120005402e-09,-8.837205510617903
0.732421875,C4,5.870359596032191e-10,-9.231335294699713
0.9765625,C4,3.429770461985869e-10,-9.464734944222139
1.220703125,C4,2.4019506858517474e-10,-9.619435913287116
1.46484375,C4,1.6356133371158604e-10,-9.78631935677984
1.708984375,C4,1.1506212610698883e-10,-9.939067605384373
1.953125,C4,9.560701892000044e-11,-10.019510223138871
2.197265625,C4,7.718902181065055e-11,-10.112444462696478
2.44140625,C4,5.96320831987297e-11,-10.224520018661808
2.685546875,C4,4.424703313127472e-11,-10.354115844467021
2.9296875,C4,3.817226099295241e-11,-10.418252115458772
3.173828125,C4,3.096159073612536e-11,-10.509176734353034
3.41796875,C4,2.5945431382847312e-11,-10.585939104092866
3.662109375,C4,2.1346362512774428e-11,-10.670676119478244
3.90625,C4,2.0759480645623465e-11,-10.682783515735009
4.150390625,C4,1.752712856607572e-11,-10.756289227662824
4.39453125,C4,1.6478605172308995e-11,-10.783079551838306
4.638671875,C4,1.4830865474963758e-11,-10.828833504397542
4.8828125,C4,1.1417331857390875e-11,-10.942435375512074
5.126953125,C4,1.2254749319495146e-11,-10.91169556815515
5.37109375,C4,1.3028669901408036e-11,-10.885099919204091
5.615234375,C4,1.180039263437461e-11,-10.928103542176466
5.859375,C4,8.931257952631424e-12,-11.049087367157338
6.103515625,C4,9.549250980693371e-12,-11.020030692050707
6.34765625,C4,8.822195162468323e-12,-11.054423339093821
6.591796875,C4,8.030281775931589e-12,-11.095269215420547
6.8359375,C4,7.529801415527942e-12,-11.12321647735543
7.080078125,C4,7.616887003919259e-12,-11.118222487092495
7.32421875,C4,6.249423926895356e-12,-11.204160014160122
7.568359375,C4,5.9185691028418365e-12,-11.227783277373991
7.8125,C4,5.674073826147384e-12,-11.24610501783875
8.056640625,C4,4.002732354339471e-12,-11.397643448345937
8.30078125,C4,4.068495909368259e-12,-11.390566116325536
8.544921875,C4,4.092497068973221e-12,-11.388011622955535
8.7890625,C4,3.805217933866466e-12,-11.419620465104911
9.033203125,C4,3.019042147265944e-12,-11.520130823976817
9.27734375,C4,2.785259036844894e-12,-11.555134408015975
9.521484375,C4,3.2138224819026893e-12,-11.49297811551893
9.765625,C4,2.884079397055193e-12,-11.539992787909503
10.009765625,C4,2.35912769118312e-12,-11.627248551664051
10.25390625,C4,2.397612032927139e-12,-11.620221090457497
10.498046875,C4,2.3300931365087008e-12,-11.632626719375958
10.7421875,C4,2.1070589784587894e-12,-11.676323307932137
10.986328125,C4,2.260782755409715e-12,-11.645741168154295
11.23046875,C4,2.026530621515436e-12,-11.693246829546416
11.474609375,C4,1.878472780402507e-12,-11.726195093603863
11.71875,C4,1.8096576934120756e-12,-11.742403566523892
11.962890625,C4,1.8002822752859169e-12,-11.744659394347943
12.20703125,C4,1.5895938023759277e-12,-11.798713839153892
12.451171875,C4,1.559008967551284e-12,-11.807151386705426
12.6953125,C4,1.7043597050078878e-12,-11.768438742072846
12.939453125,C4,1.4958377107338697e-12,-11.825115522217555
13.18359375,C4,1.3577051094601764e-12,-11.86719454761177
13.427734375,C4,1.4132897988970793e-12,-11.84976877576134
13.671875,C4,1.4408149625048621e-12,-11.841391790124979
13.916015625,C4,1.3005074277984609e-12,-11.885887163004693
14.16015625,C4,1.2058569900685672e-12,-11.91870419477202
14.404296875,C4,1.3306422890115605e-12,-11.875938678400475
14.6484375,C4,1.21514832048203e-12,-11.91537070903232
14.892578125,C4,1.0742996334249456e-12,-11.968874572459397
15.13671875,C4,8.939232522963156e-13,-12.048699765918833
15.380859375,C4,1.078064680733839e-12,-11.96735518196644
15.625,C4,1.082581248064753e-12,-11.965539499813342
15.869140625,C4,8.808844701606472e-13,-12.055081046482155
16.11328125,C4,9.164794452396849e-13,-12.0378772709299
16.357421875,C4,9.027137036481958e-13,-12.044449964681478
16.6015625,C4,8.400066972122035e-13,-12.07571725137775
16.845703125,C4,7.966737848861087e-13,-12.098719473366152
17.08984375,C4,6.944503721326241e-13,-12.158358785029407
17.333984375,C4,7.31079543447062e-13,-12.136035368047951
17.578125,C4,6.941654682252777e-13,-12.158536994427534
17.822265625,C4,7.66652993385177e-13,-12.115401164289445
18.06640625,C4,6.440167765040715e-13,-12.191102819211237
18.310546875,C4,6.05427173720855e-13,-12.217938090263866
18.5546875,C4,6.312536199925826e-13,-12.19979611835717
18.798828125,C4,6.404379128918418e-13,-12.193522966458627
19.04296875,C4,6.526667855439622e-13,-12.185308488149762
19.287109375,C4,6.458647484557069e-13,-12.189858418768443
19.53125,C4,5.942056986031587e-13,-12.22606318750368
19.775390625,C4,5.99169666138754e-13,-12.222450181560294
20.01953125,C4,5.601454966920561e-13,-12.251699151202278
20.263671875,C4,5.352801790068673e-13,-12.271418837893082
20.5078125,C4,4.805764688755818e-13,-12.31823749796757
20.751953125,C4,4.841579785776809e-13,-12.31501290688888
20.99609375,C4,5.107537766954469e-13,-12.29178841335547
21.240234375,C4,4.665583063157039e-13,-12.331094074256521
21.484375,C4,4.519466901464309e-13,-12.344912789836078
21.728515625,C4,3.980690424593349e-13,-12.400041595869462
21.97265625,C4,3.966045595687163e-13,-12.401642297230689
22.216796875,C4,4.681637323747295e-13,-12.329602233184465
22.4609375,C4,3.976371888693682e-13,-12.40051300514626
22.705078125,C4,3.549947552374558e-13,-12.449778063249857
22.94921875,C4,3.300265007230834e-13,-12.481451185407854
23.193359375,C4,3.548203951313368e-13,-12.449991424808667
23.4375,C4,3.8001330879859123e-13,-12.420201193286939
23.681640625,C4,3.197716889616075e-13,-12.495159989220237
23.92578125,C4,3.739011657652738e-13,-12.427243180781495
24.169921875,C4,3.380738883443804e-13,-12.470988371339745
24.4140625,C4,3.350603255278152e-13,-12.4748769939028
24.658203125,C4,3.2425494281297494e-13,-12.489113394981619
24.90234375,C4,3.2963041332561644e-13,-12.481972724978139
25.146484375,C4,3.130308545452797e-13,-12.504412853193688
25.390625,C4,3.133567822891944e-13,-12.503960900999449
25.634765625,C4,3.40327095363837e-13,-12.468103472889046
25.87890625,C4,3.1714009127624e-13,-12.498748853149625
26.123046875,C4,2.9171783428974663e-13,-12.535037019294915
26.3671875,C4,3.1012517949008455e-13,-12.508462971364537
26.611328125,C4,2.7515414703730054e-13,-12.560423937252812
26.85546875,C4,2.7110985328832597e-13,-12.56685469801898
27.099609375,C4,2.7699832567395184e-13,-12.557522856035773
27.34375,C4,2.3194722729965813e-13,-12.634610814676396
27.587890625,C4,2.6932684809582657e-13,-12.56972035138359
27.83203125,C4,2.898339742886229e-13,-12.53785070795642
28.076171875,C4,2.495178017424657e-13,-12.602898464378367
28.3203125,C4,2.399170868158745e-13,-12.619938820620785
28.564453125,C4,2.438161220812707e-13,-12.6129375805083
28.80859375,C4,2.432774420840753e-13,-12.613898159185082
29.052734375,C4,2.0677704765525098e-13,-12.684497669784484
29.296875,C4,2.39933638072032e-13,-12.619908860806836
29.541015625,C4,2.2672465380862305e-13,-12.644501252564762
29.78515625,C4,2.1164749693065706e-13,-12.67438686338478
30.029296875,C4,1.6664501978425857e-13,-12.778207660776532
30.2734375,C4,1.6613018919098457e-13,-12.779551440349811
30.517578125,C4,1.979986488797494e-13,-12.703337773304485
30.76171875,C4,2.0960261846598426e-13,-12.67860329621968
31.005859375,C4,2.173998450747317e-13,-12.662740769740125
31.25,C4,1.9928526444482925e-13,-12.700524812723954
31.494140625,C4,1.7654483827731505e-13,-12.753144975582899
31.73828125,C4,1.588616708838491e-13,-12.798980873916683
31.982421875,C4,1.6477512452981532e-13,-12.783108351466936
32.2265625,C4,1.7143036298757396e-13,-12.765912255282581
32.470703125,C4,1.704568804844474e-13,-12.768385463803707
32.71484375,C4,1.645287441563174e-13,-12.783758217240162
32.958984375,C4,1.6654383650116258e-13,-12.778471435161727
33.203125,C4,1.731138215462243e-13,-12.76166825632089
33.447265625,C4,2.0235204782046685e-13,-12.693892396151938
33.69140625,C4,2.244440767746845e-13,-12.64889185142523
33.935546875,C4,2.006136568326701e-13,-12.697639505586867
34.1796875,C4,1.8333257357939402e-13,-12.736760364994295
34.423828125,C4,1.4716887125240537e-13,-12.832184041037673
34.66796875,C4,1.6222835080610448e-13,-12.789873246778873
34.912109375,C4,1.6557421553334313e-13,-12.781007293900567
35.15625,C4,1.4895034838768262e-13,-12.826958476653898
35.400390625,C4,1.5575742337423074e-13,-12.807551245769028
35.64453125,C4,1.4557932515559448e-13,-12.836900298157568
35.888671875,C4,1.6603036975549025e-13,-12.779812464906517
36.1328125,C4,1.5085712024623854e-13,-12.82143418690978
36.376953125,C4,1.3279006968531077e-13,-12.87683440118882
36.62109375,C4,1.7110515735547094e-13,-12.766736900001469
36.865234375,C4,1.7879366373024909e-13,-12.747647876232207
37.109375,C4,1.9800011391400506e-13,-12.703334559878824
37.353515625,C4,1.768922990829427e-13,-12.752291073470053
37.59765625,C4,1.5535945165020472e-13,-12.80866232029981
37.841796875,C4,1.4674050441896188e-13,-12.833449992375902
38.0859375,C4,1.5947935654659065e-13,-12.797295525259635
38.330078125,C4,1.950662549090543e-13,-12.7098178540004
38.57421875,C4,1.3656915104303785e-13,-12.864647390294454
38.818359375,C4,1.586126347546442e-13,-12.799662220639684
39.0625,C4,1.4299511484562542e-13,-12.844678799121146
39.306640625,C4,1.680468514168757e-13,-12.774569620207814
39.55078125,C4,1.7370768004037313e-13,-12.76018097990972
39.794921875,C4,1.32855616822074e-13,-12.876620079919366
0.0,P3,3.7068479584795237e-10,-9.43099522679685
0.244140625,P3,2.800368831745838e-09,-8.552784764713893
0.48828125,P3,1.533387647167039e-09,-8.814348039702974
0.732421875,P3,6.610915853185962e-10,-9.179738370706163
0.9765625,P3,3.8699599076707625e-10,-9.41229353419751
1.220703125,P3,2.705897019695445e-10,-9.567688735687046
1.46484375,P3,1.8173732338170714e-10,-9.740555872504007
1.708984375,P3,1.2915968016437919e-10,-9.88887303908858
1.953125,P3,1.0880954478062445e-10,-9.96333300662552
2.197265625,P3,9.019443062920734e-11,-10.044820278662918
2.44140625,P3,6.786624903462757e-11,-10.168346153587084
2.685546875,P3,4.9272294792228956e-11,-10.307397210560614
2.9296875,P3,4.0903501713022845e-11,-10.388239510830187
3.173828125,P3,3.4223130986567347e-11,-10.465680260487897
3.41796875,P3,3.038259490813137e-11,-10.51737513678805
3.662109375,P3,2.5250004945689324e-11,-10.597738532480552
3.90625,P3,2.2705967321858128e-11,-10.643859991512565
4.150390625,P3,1.9078398630198765e-11,-10.719458081165191
4.39453125,P3,1.7473292698802643e-11,-10.757625248069381
4.638671875,P3,1.4937992930329986e-11,-10.825707750434807
4.8828125,P3,1.3010713066329387e-11,-10.885698900803076
5.126953125,P3,1.5004114216225458e-11,-10.823789638517072
5.37109375,P3,1.4702115674662496e-11,-10.832620164590772
5.615234375,P3,1.2263278981635287e-11,-10.91139339170736
5.859375,P3,1.1913441287982164e-11,-10.923962771136283
6.103515625,P3,1.0576047232007264e-11,-10.975676618320394
6.34765625,P3,9.754171166060805e-12,-11.010809627684019
6.591796875,P3,9.535639953831154e-12,-11.020650155361427
6.8359375,P3,8.85220575523592e-12,-11.052948500153153
7.080078125,P3,9.589770738885755e-12,-11.018191775313902
7.32421875,P3,9.071316063360272e-12,-11.042329701077456
7.568359375,P3,7.53091671257906e-12,-11.123152155408528
7.8125,P3,6.5998350276380836e-12,-11.180466920137206
8.056640625,P3,5.477816986431769e-12,-11.261392481594749
8.30078125,P3,5.2019701264989696e-12,-11.283832146168194
8.544921875,P3,4.51451383335431e-12,-11.345389011875366
8.7890625,P3,4.849275486514876e-12,-11.314323142988052
9.033203125,P3,4.233424466569012e-12,-11.373308184574249
9.27734375,P3,3.374092609231893e-12,-11.471843001436751
9.521484375,P3,3.320291070682728e-12,-11.478823842545856
9.765625,P3,3.0431964474210174e-12,-11.516670011730834
10.009765625,P3,2.843911934959985e-12,-11.546083856167689
10.25390625,P3,2.923715711543348e-12,-11.534064858427712
10.498046875,P3,2.4169465881676335e-12,-11.616732946911494
10.7421875,P3,2.2440960733263723e-12,-11.648958554179535
10.986328125,P3,2.535706427234834e-12,-11.59590102855536
11.23046875,P3,2.4086831752215697e-12,-11.618220320923974
11.474609375,P3,2.022172275535876e-12,-11.694181848187403
11.71875,P3,1.889677232784917e-12,-11.723612369367064
11.962890625,P3,1.849203250704405e-12,-11.73301535178936
12.20703125,P3,2.122690320147454e-12,-11.673113360549591
12.451171875,P3,1.6945540724487662e-12,-11.770944568466351
12.6953125,P3,1.6396540132520157e-12,-11.785247783652116
12.939453125,P3,1.547759150056642e-12,-11.810296619841393
13.18359375,P3,1.5331960537099033e-12,-11.8144023072459
13.427734375,P3,1.3462011894882784e-12,-11.870890030041368
13.671875,P3,1.6347719861387033e-12,-11.786542813075455
13.916015625,P3,1.476547327102643e-12,-11.830752628231503
14.16015625,P3,1.1845105832279517e-12,-11.926461054639852
14.404296875,P3,1.2752629061183058e-12,-11.894400272558508
14.6484375,P3,1.2152743447933605e-12,-11.915325670229953
14.892578125,P3,1.240185421973659e-12,-11.90651337796698
15.13671875,P3,1.1244401406855162e-12,-11.9490636591807
15.380859375,P3,1.1051665251256824e-12,-11.956572278092633
15.625,P3,1.0676742116915582e-12,-11.971561246978945
15.869140625,P3,1.0585157457052896e-12,-11.975302677349756
16.11328125,P3,1.0315678561905357e-12,-11.986502199004603
16.357421875,P3,9.765869199156829e-13,-12.010289096810531
16.6015625,P3,9.81228556076767e-13,-12.008229821282914
16.845703125,P3,9.060976262378986e-13,-12.042825007342788
17.08984375,P3,7.510598930125698e-13,-12.124325428950947
17.333984375,P3,8.986059329019372e-13,-12.046430718373678
17.578125,P3,8.205695230824546e-13,-12.085884617277602
17.822265625,P3,7.57286504871516e-13,-12.120739782396376
18.06640625,P3,7.917833933109752e-13,-12.101393611284292
18.310546875,P3,8.007515843390076e-13,-12.096502193383456
18.5546875,P3,7.459839593212529e-13,-12.127270510936397
18.798828125,P3,7.900337151528708e-13,-12.102354374541951
19.04296875,P3,8.157184198298656e-13,-12.088459730729312
19.287109375,P3,7.779247313107468e-13,-12.109062421465023
19.53125,P3,6.664639144014562e-13,-12.176223360429551
19.775390625,P3,6.322372639232909e-13,-12.199119910522185
20.01953125,P3,6.638171305399951e-13,-12.177951544330252
20.263671875,P3,6.601622212125866e-13,-12.180349332457023
20.5078125,P3,6.382554213693164e-13,-12.195005487591821
20.751953125,P3,6.339567031366642e-13,-12.197940401788493
20.99609375,P3,5.916839776545447e-13,-12.227910190923144
21.240234375,P3,5.347148332145568e-13,-12.271877768220815
21.484375,P3,5.620424625988108e-13,-12.250230872018644
21.728515625,P3,5.458127474818606e-13,-12.262956325580046
21.97265625,P3,4.978290462861867e-13,-12.302919767683639
22.216796875,P3,5.082498134989402e-13,-12.293922772053222
22.4609375,P3,4.690049905644729e-13,-12.328822536041674
22.705078125,P3,4.2121593911506573e-13,-12.375495203159044
22.94921875,P3,3.957802290853111e-13,-12.402545904454058
23.193359375,P3,4.643297045803706e-13,-12.333173532309079
23.4375,P3,4.309638549239773e-13,-12.365559152728661
23.681640625,P3,3.4747276145804133e-13,-12.459079234274204
23.92578125,P3,3.573036978994214e-13,-12.446962489062036
24.169921875,P3,3.558779554063712e-13,-12.448698913209656
24.4140625,P3,3.3198791629886593e-13,-12.478877723465327
24.658203125,P3,3.7471717985047193e-13,-12.426296395128192
24.90234375,P3,3.4336902939502943e-13,-12.464238879150082
25.146484375,P3,3.56669609591407e-13,-12.447733893602576
25.390625,P3,3.12390159894819e-13,-12.505302654598474
25.634765625,P3,3.2516787708437534e-13,-12.487892364351238
25.87890625,P3,3.348806523259075e-13,-12.475109943026931
26.123046875,P3,2.9628697854239695e-13,-12.528287434822515
26.3671875,P3,3.048537264045008e-13,-12.515908491975436
26.611328125,P3,2.760029663911345e-13,-12.559086250252253
26.85546875,P3,2.887780263428872e-13,-12.539435856120043
27.099609375,P3,2.622397096478613e-13,-12.58130154462471
27.34375,P3,2.470230955083271e-13,-12.60726244033176
27.587890625,P3,2.368832601242591e-13,-12.6254656285661
27.83203125,P3,2.9495370449601343e-13,-12.53024614490228
28.076171875,P3,2.683390229136199e-13,-12.571316165927719
28.3203125,P3,2.352146542988579e-13,-12.628535624420419
28.564453125,P3,2.6580445733557417e-13,-12.575437740548995
28.80859375,P3,2.540542929454265e-13,-12.595073462092959
29.052734375,P3,2.5498659976532614e-13,-12.593482642314639
29.296875,P3,2.6381783103334183e-13,-12.578695854514894
29.541015625,P3,2.317546978618308e-13,-12.634971453581347
29.78515625,P3,2.129743948204373e-13,-12.6716726071558
30.029296875,P3,1.9988037470441921e-13,-12.699229845081417
30.2734375,P3,2.075608654403733e-13,-12.682854527150386
30.517578125,P3,2.0270817417074041e-13,-12.693128738106846
30.76171875,P3,2.2234756219857578e-13,-12.652967627759955
31.005859375,P3,2.157782892512849e-13,-12.665992254429272
31.25,P3,1.8479122700796517e-13,-12.733318650824087
31.494140625,P3,1.641746420546824e-13,-12.784693921919283
31.73828125,P3,1.964708443733125e-13,-12.706701888378882
31.982421875,P3,1.993355557871048e-13,-12.70041522862074
32.2265625,P3,1.87175858732726e-13,-12.727750165722142
32.470703125,P3,2.130237503588252e-13,-12.671571973675059
32.71484375,P3,1.9633065116713122e-13,-12.707011892995062
32.958984375,P3,1.5421382408723148e-13,-12.811876693368719
33.203125,P3,1.7736742558071478e-13,-12.751126137545674
33.447265625,P3,1.700209880123993e-13,-12.769497464413757
33.69140625,P3,1.576048454939632e-13,-12.802430434442016
33.935546875,P3,1.7071621719601297e-13,-12.76772522109849
34.1796875,P3,1.8680453235945338e-13,-12.728612590874548
34.423828125,P3,1.68210154390657e-13,-12.774147790567138
34.66796875,P3,1.802677477630511e-13,-12.744081967240302
34.912109375,P3,1.7089438805425082e-13,-12.767272198701669
35.15625,P3,1.5451836713133977e-13,-12.811019889898144
35.400390625,P3,1.635346459547018e-13,-12.786390224942675
35.64453125,P3,1.5150633823636256e-13,-12.81956919816169
35.888671875,P3,1.7143773522169752e-13,-12.765893579175842
36.1328125,P3,1.748073894880485e-13,-12.757440212742505
36.376953125,P3,1.670741115475654e-13,-12.777090839652216
36.62109375,P3,1.539704691913913e-13,-12.812562566806653
36.865234375,P3,1.386907222324569e-13,-12.85795259024622
37.109375,P3,1.6342027484432165e-13,-12.786694063429227
37.353515625,P3,1.4380464402526258e-13,-12.842227088626442
37.59765625,P3,1.396310191674218e-13,-12.85501809205107
37.841796875,P3,1.2684088711342e-13,-12.896740729218934
38.0859375,P3,1.4167664451167549e-13,-12.848701737583935
38.330078125,P3,1.3691912696184066e-13,-12.863535878719553
38.57421875,P3,1.2645419664888296e-13,-12.898066753103215
38.818359375,P3,1.385829627573946e-13,-12.858290158145968
39.0625,P3,1.3875239004425242e-13,-12.85775952731094
39.306640625,P3,1.4423171538474572e-13,-12.84093923128025
39.55078125,P3,1.536205307628325e-13,-12.813550738724034
39.794921875,P3,1.3696201780495893e-13,-12.863399854338184
0.0,P4,3.791791215963328e-10,-9.42115558384751
0.244140625,P4,2.698335701761696e-09,-8.568904020433884
0.48828125,P4,1.5118974684466603e-09,-8.820477660156042
0.732421875,P4,6.310411570679679e-10,-9.19994231475807
0.9765625,P4,3.8095894724308816e-10,-9.419121822083959
1.220703125,P4,2.6964414242686354e-10,-9.56920900960286
1.46484375,P4,1.805509255280284e-10,-9.743400280980243
1.708984375,P4,1.2529395187776126e-10,-9.90206989252947
1.953125,P4,9.903836359447636e-11,-10.004196544088904
2.197265625,P4,8.327077133394618e-11,-10.079507412470019
2.44140625,P4,6.386177768953344e-11,-10.194758996382083
2.685546875,P4,4.6841879709519006e-11,-10.329365685523417
2.9296875,P4,4.0564932974850056e-11,-10.391849237267216
3.173828125,P4,3.1912832403556666e-11,-10.496034648559691
3.41796875,P4,2.7031085474331166e-11,-10.568136514195949
3.662109375,P4,2.1679565036484362e-11,-10.663949435424687
3.90625,P4,2.200346244154614e-11,-10.65750897368055
4.150390625,P4,1.813928195793862e-11,-10.74137990844886
4.39453125,P4,1.753990707815334e-11,-10.75597271174262
4.638671875,P4,1.4746966718791974e-11,-10.831297299873071
4.8828125,P4,1.163435458385245e-11,-10.934257704207601
5.126953125,P4,1.2192963663754107e-11,-10.913890720437555
5.37109375,P4,1.4002331990779289e-11,-10.853799629579786
5.615234375,P4,1.2534182765238224e-11,-10.901903976992378
5.859375,P4,9.668132532388635e-12,-11.0146574048417
6.103515625,P4,1.1376484138508904e-11,-10.943991934352622
6.34765625,P4,1.0418564836442248e-11,-10.98219210124193
6.591796875,P4,1.0787185982173716e-11,-10.967091833519527
6.8359375,P4,9.732370087797199e-12,-11.01178138473586
7.080078125,P4,1.0191618012755212e-11,-10.991756862291048
7.32421875,P4,7.869447253840765e-12,-11.104055771203491
7.568359375,P4,7.949279449774983e-12,-11.099672235515706
7.8125,P4,7.103570540423261e-12,-11.148523302516931
8.056640625,P4,5.0220517200660375e-12,-11.29911881897801
8.30078125,P4,4.605701386419943e-12,-11.336704223218096
8.544921875,P4,4.287209053065396e-12,-11.367825338887519
8.7890625,P4,4.119597427312929e-12,-11.385145221743283
9.033203125,P4,3.660065568336588e-12,-11.436511134356492
9.27734375,P4,3.177907303175307e-12,-11.497858774940656
9.521484375,P4,3.27859246586972e-12,-11.484312563453711
9.765625,P4,3.00215378006201e-12,-11.522567065549833
10.009765625,P4,2.802944656326584e-12,-11.552385477226963
10.25390625,P4,2.6875104215263164e-12,-11.570649842982348
10.498046875,P4,2.502343428172496e-12,-11.60165308683885
10.7421875,P4,2.404740381646951e-12,-11.618931803657825
10.986328125,P4,2.503142253840021e-12,-11.601514468688926
11.23046875,P4,2.350335293723916e-12,-11.628870177801891
11.474609375,P4,2.1918330808442848e-12,-11.659192522645926
11.71875,P4,1.8913900878262094e-12,-11.723218891292996
11.962890625,P4,1.820787520670553e-12,-11.739740731846144
12.20703125,P4,1.9350679099192318e-12,-11.71330378910209
12.451171875,P4,1.7450335059639428e-12,-11.75819622984202
12.6953125,P4,1.8280910221932465e-12,-11.738002184175429
12.939453125,P4,1.6709742935514413e-12,-11.777030231288316
13.18359375,P4,1.6999331235341025e-12,-11.769568163710789
13.427734375,P4,1.5982413685622405e-12,-11.796357632331866
13.671875,P4,1.5623576333375925e-12,-11.806219546382497
13.916015625,P4,1.363384768860817e-12,-11.865381562058737
14.16015625,P4,1.3188547483263786e-12,-11.879803032712902
14.404296875,P4,1.3980499852798637e-12,-11.854477300734013
14.6484375,P4,1.412001584580875e-12,-11.850164815908617
14.892578125,P4,1.2335850407008909e-12,-11.908830905814234
15.13671875,P4,1.0288426217137112e-12,-11.987651052592817
15.380859375,P4,1.0784173278875654e-12,-11.967213142558112
15.625,P4,1.1800834845101169e-12,-11.92808726762646
15.869140625,P4,9.709268565038273e-13,-12.012813485862607
16.11328125,P4,9.848350201291228e-13,-12.006636516556819
16.357421875,P4,9.907266450481308e-13,-12.004046156739191
16.6015625,P4,9.662533407827137e-13,-12.014908991515027
16.845703125,P4,9.323557359796885e-13,-12.030418352993681
17.08984375,P4,7.426107991988305e-13,-12.129238739464345
17.333984375,P4,8.125584650541695e-13,-12.0901453809498
17.578125,P4,7.800513508696684e-13,-12.10787680671302
17.822265625,P4,7.94894649188057e-13,-12.099690426448053
18.06640625,P4,6.971725767717216e-13,-12.156659704165241
18.310546875,P4,6.895936425496783e-13,-12.161406750980213
18.5546875,P4,6.72514346955573e-13,-12.172298446288863
18.798828125,P4,7.096811535243477e-13,-12.148936727854188
19.04296875,P4,7.411625777152231e-13,-12.130086516905854
19.287109375,P4,6.586466129955669e-13,-12.181347537137004
19.53125,P4,6.181223879238146e-13,-12.208925526306746
19.775390625,P4,6.231836597673493e-13,-12.205383942636374
20.01953125,P4,6.28442119797187e-13,-12.201734715130343
20.263671875,P4,6.449737625518118e-13,-12.190457952048039
20.5078125,P4,5.861852993594122e-13,-12.231965077209665
20.751953125,P4,5.048952725587966e-13,-12.296798695676548
20.99609375,P4,5.443673010062438e-13,-12.264107969837283
21.240234375,P4,4.928194428371403e-13,-12.307312166610037
21.484375,P4,4.989269277313738e-13,-12.30196305599356
21.728515625,P4,5.020030200911155e-13,-12.299293670096095
21.97265625,P4,4.912097541064791e-13,-12.308733017859234
22.216796875,P4,5.008222694710103e-13,-12.300316368109636
22.4609375,P4,4.251269589946203e-13,-12.371481353815838
22.705078125,P4,4.0079987471148027e-13,-12.397072422899596
22.94921875,P4,3.672120012209257e-13,-12.435083133628604
23.193359375,P4,4.162048142178346e-13,-12.380692900635328
23.4375,P4,3.9081860843797713e-13,-12.408024765962656
23.681640625,P4,3.56820819779095e-13,-12.447549813344734
23.92578125,P4,3.62312913695493e-13,-12.440916186399509
24.169921875,P4,3.748183583528101e-13,-12.4261791458097
24.4140625,P4,3.292386604072498e-13,-12.482489174019529
24.658203125,P4,3.320875314645765e-13,-12.478747430086006
24.90234375,P4,3.037035739749866e-13,-12.5175500972866
25.146484375,P4,3.433948244652788e-13,-12.464206254670469
25.390625,P4,3.546163933574415e-13,-12.450241191521025
25.634765625,P4,3.389190315946056e-13,-12.46990404318844
25.87890625,P4,3.337513074693728e-13,-12.47657702427719
26.123046875,P4,3.208878850853107e-13,-12.493646679102433
26.3671875,P4,3.452718616975531e-13,-12.461838813505231
26.611328125,P4,3.039720865847228e-13,-12.517166295334711
26.85546875,P4,2.8181415482954425e-13,-12.550037197138737
27.099609375,P4,2.378151096168896e-13,-12.623760555878913
27.34375,P4,2.3621521269995364e-13,-12.626692136447756
27.587890625,P4,2.829201433738299e-13,-12.548336130504593
27.83203125,P4,3.105185567255526e-13,-12.507912441082578
28.076171875,P4,2.721886952470748e-13,-12.565129916214858
28.3203125,P4,2.410134896045786e-13,-12.617958649139329
28.564453125,P4,2.396233384730556e-13,-12.620470885462803
28.80859375,P4,2.3135347996977453e-13,-12.635723963549847
29.052734375,P4,2.518629658297758e-13,-12.598835686881387
29.296875,P4,2.675919101498275e-13,-12.572527020315265
29.541015625,P4,2.447054468549464e-13,-12.611356363657121
29.78515625,P4,2.442019401252141e-13,-12.612250890013055
30.029296875,P4,1.959858360171797e-13,-12.707775314163193
30.2734375,P4,2.0368080426777761e-13,-12.691049898802516
30.517578125,P4,2.036637136998166e-13,-12.691086341366661
30.76171875,P4,1.9928664739108294e-13,-12.700521798934428
31.005859375,P4,2.102863949633216e-13,-12.677188824239439
31.25,P4,1.9719860213458098e-13,-12.705096167931266
31.494140625,P4,1.6785132124832384e-13,-12.775075235836297
31.73828125,P4,1.867861196472717e-13,-12.728655399971942
31.982421875,P4,1.8295382542081562e-13,-12.737658505325872
32.2265625,P4,2.1395508693439117e-13,-12.66967738339705
32.470703125,P4,2.305250557402558e-13,-12.637281864294492
32.71484375,P4,2.0463753949273918e-13,-12.689014694675185
32.958984375,P4,1.8173222897024409e-13,-12.740568046700018
33.203125,P4,1.656209120860843e-13,-12.780884827996799
33.447265625,P4,1.8382017371621013e-13,-12.735606827809283
33.69140625,P4,1.818249765070307e-13,-12.740346459870196
33.935546875,P4,1.95491873179858e-13,-12.70887129200982
34.1796875,P4,1.987602814320657e-13,-12.70167039699238
34.423828125,P4,1.58321878957386e-13,-12.80045906458247
34.66796875,P4,1.7442775419796939e-13,-12.758384410825318
34.912109375,P4,1.86138656879788e-13,-12.730163424149394
35.15625,P4,1.541359882083598e-13,-12.81209594885102
35.400390625,P4,1.6739096111972074e-13,-12.776267997010697
35.64453125,P4,1.3828047236234977e-13,-12.859239145588905
35.888671875,P4,1.7209616412684222e-13,-12.76422880960917
36.1328125,P4,1.7944424134781032e-13,-12.746070474310393
36.376953125,P4,1.5366431601049322e-13,-12.813426972832053
36.62109375,P4,1.44825512661125e-13,-12.83915492548726
36.865234375,P4,1.63085411105115e-13,-12.787584887273193
37.109375,P4,1.8213130767166957e-13,-12.739615394236019
37.353515625,P4,1.4863939950934257e-13,-12.827866057860025
37.59765625,P4,1.7876032236168737e-13,-12.747728870839964
37.841796875,P4,1.6018611433916549e-13,-12.795375133240823
38.0859375,P4,1.9561916563281525e-13,-12.70858859780601
38.330078125,P4,2.1602391270662227e-13,-12.665498172081842
38.57421875,P4,1.342047328911557e-13,-12.872232167980233
38.818359375,P4,1.4794881227103741e-13,-12.829888516993412
39.0625,P4,1.5084355089725365e-13,-12.821473252738627
39.306640625,P4,1.5400141448405213e-13,-12.812475290203814
39.55078125,P4,1.6661950156311672e-13,-12.778274169042138
39.794921875,P4,1.5053597632394117e-13,-12.822359696403666
0.0,O1,3.9817032343917375e-10,-9.399931112080827
0.244140625,O1,3.156822228654792e-09,-8.50074987401151
0.48828125,O1,1.662511443350985e-09,-8.779235356691274
0.732421875,O1,6.857241827999127e-10,-9.16385053440313
0.9765625,O1,4.283847647937125e-10,-9.368165982946804
1.220703125,O1,2.981384116557151e-10,-9.525582066585843
1.46484375,O1,1.9351512565245987e-10,-9.713285083716558
1.708984375,O1,1.3741591875017212e-10,-9.861962954140331
1.953125,O1,1.0965944683542784e-10,-9.959953949195992
2.197265625,O1,9.265747337087044e-11,-10.033119546524937
2.44140625,O1,6.999982360987234e-11,-10.154903054347967
2.685546875,O1,4.9696861607966174e-11,-10.303671036405062
2.9296875,O1,4.3936948739879895e-11,-10.357170106528963
3.173828125,O1,3.551314346261259e-11,-10.449610884216414
3.41796875,O1,3.118425224584066e-11,-10.50606466525398
3.662109375,O1,2.560347912191297e-11,-10.591701016688713
3.90625,O1,2.364002432233697e-11,-10.626352080961201
4.150390625,O1,2.0224518211928923e-11,-10.694121815346984
4.39453125,O1,1.821192326285962e-11,-10.739644188288448
4.638671875,O1,1.5355096031368245e-11,-10.813747463117824
4.8828125,O1,1.3719590860903376e-11,-10.862658839759108
5.126953125,O1,1.4788425290757814e-11,-10.830078068325234
5.37109375,O1,1.5375034189786797e-11,-10.813183909801701
5.615234375,O1,1.2601286111943098e-11,-10.899585127674849
5.859375,O1,1.1223532351981926e-11,-10.949870437238504
6.103515625,O1,1.0588260019693453e-11,-10.975175402114601
6.34765625,O1,9.596496100126397e-12,-11.017887308851536
6.591796875,O1,9.146203089197699e-12,-11.038759159445753
6.8359375,O1,8.826193649733503e-12,-11.05422654821354
7.080078125,O1,1.0956225694506148e-11,-10.960339030007978
7.32421875,O1,9.926906337970664e-12,-11.003186075742565
7.568359375,O1,9.129084299353544e-12,-11.039572782562324
7.8125,O1,8.024425541227382e-12,-11.095586048419035
8.056640625,O1,6.693045371173139e-12,-11.17437623096791
8.30078125,O1,6.045881232888685e-12,-11.218540388485971
8.544921875,O1,4.727435284031466e-12,-11.32537440769295
8.7890625,O1,4.949961724537295e-12,-11.305398159225323
9.033203125,O1,4.404322336810211e-12,-11.356120904056505
9.27734375,O1,3.5404249305188804e-12,-11.45094460975265
9.521484375,O1,3.517114557264478e-12,-11.453813485883348
9.765625,O1,3.1261837923021365e-12,-11.50498549284395
10.009765625,O1,3.0981185388016467e-12,-11.508901969481084
10.25390625,O1,3.273040012687401e-12,-11.485048685439589
10.498046875,O1,2.611041221535215e-12,-11.58318627174505
10.7421875,O1,2.44168645598962e-12,-11.61231010581955
10.986328125,O1,2.6674902266760546e-12,-11.573897163096907
11.23046875,O1,2.4798415481340346e-12,-11.605576067951802
11.474609375,O1,2.114857644121486e-12,-11.674718860654531
11.71875,O1,1.9531524377254417e-12,-11.709263859999673
11.962890625,O1,1.9696619399825546e-12,-11.705608306934254
12.20703125,O1,2.100425318219839e-12,-11.677692755431211
12.451171875,O1,1.728351423713901e-12,-11.762367948279266
12.6953125,O1,1.6342761014073024e-12,-11.786674570087522
12.939453125,O1,1.5545753414041973e-12,-11.808388225333106
13.18359375,O1,1.5258200192900977e-12,-11.8164966913084
13.427734375,O1,1.4268467680151666e-12,-11.845622664151428
13.671875,O1,1.5942538346187625e-12,-11.797442529741826
13.916015625,O1,1.4384866749066976e-12,-11.842094156742926
14.16015625,O1,1.2065960180165429e-12,-11.918438112267001
14.404296875,O1,1.2585452658928346e-12,-11.900131159635729
14.6484375,O1,1.2625271920066145e-12,-11.898759259378608
14.892578125,O1,1.2252785961959498e-12,-11.911765152904147
15.13671875,O1,1.0496086582782049e-12,-11.978972595435128
15.380859375,O1,1.0334587400974332e-12,-11.98570685750375
15.625,O1,1.0508346825785132e-12,-11.978465601851044
15.869140625,O1,9.827016003379113e-13,-12.007578336695143
16.11328125,O1,1.0030548797153148e-12,-11.99867530496013
16.357421875,O1,9.2336823053552e-13,-12.03462507189065
16.6015625,O1,9.351081024628097e-13,-12.029138179941105
16.845703125,O1,8.883567739431764e-13,-12.05141258170244
17.08984375,O1,7.265124528333487e-13,-12.138756937249708
17.333984375,O1,8.409781294194104e-13,-12.075215298370901
17.578125,O1,8.225066175256439e-13,-12.084860599221988
17.822265625,O1,7.527148939958666e-13,-12.123369490480643
18.06640625,O1,7.571943998394439e-13,-12.120792606710118
18.310546875,O1,7.628836091581767e-13,-12.117541715984991
18.5546875,O1,7.110597106034758e-13,-12.148093928248064
18.798828125,O1,7.319955609067154e-13,-12.135491552656859
19.04296875,O1,8.00892166086951e-13,-12.09642595436023
19.287109375,O1,7.597367094431773e-13,-12.11933688857079
19.53125,O1,6.485104860839058e-13,-12.188082997202788
19.775390625,O1,6.385430755000009e-13,-12.194809800325471
20.01953125,O1,6.64984837989727e-13,-12.177188256730675
20.263671875,O1,6.653840064227922e-13,-12.176927642309705
20.5078125,O1,6.148517708838673e-13,-12.211229571779668
20.751953125,O1,6.051879903765464e-13,-12.218109698898928
20.99609375,O1,5.893384054960758e-13,-12.229635256255033
21.240234375,O1,5.267199021536751e-13,-12.278420271480716
21.484375,O1,5.587180071276924e-13,-12.252807331378037
21.728515625,O1,5.422606062562925e-13,-12.265791944719885
21.97265625,O1,5.005067020071718e-13,-12.300590102749608
22.216796875,O1,5.205229597165741e-13,-12.283560109461227
22.4609375,O1,4.5422468991295894e-13,-12.342729262891428
22.705078125,O1,4.4192282114970413e-13,-12.35465357064075
22.94921875,O1,4.315734760040944e-13,-12.364945254394668
23.193359375,O1,4.804371514614955e-13,-12.318363416650332
23.4375,O1,4.216779295438921e-13,-12.375019129191767
23.681640625,O1,3.591575560569736e-13,-12.444714992325965
23.92578125,O1,3.438589363120293e-13,-12.463619684596432
24.169921875,O1,3.851014776611723e-13,-12.414424814955918
24.4140625,O1,3.517277686435748e-13,-12.453793343105842
24.658203125,O1,3.810902027169093e-13,-12.418972216173195
24.90234375,O1,3.328261812583022e-13,-12.47778251793185
25.146484375,O1,3.712160192971286e-13,-12.430373290690694
25.390625,O1,3.452287418777505e-13,-12.461893054442106
25.634765625,O1,3.331081093133736e-13,-12.477414794546345
25.87890625,O1,3.602318815664017e-13,-12.443417853494166
26.123046875,O1,3.2365899414062633e-13,-12.489912319894716
26.3671875,O1,3.3281210635482573e-13,-12.477800884221853
26.611328125,O1,2.983976650782975e-13,-12.52520457948214
26.85546875,O1,2.9697154817575825e-13,-12.527285156952702
27.099609375,O1,2.57266862763412e-13,-12.589616149451496
27.34375,O1,2.643173722541662e-13,-12.577874291933819
27.587890625,O1,2.749145472444869e-13,-12.560802278632886
27.83203125,O1,3.182309575298208e-13,-12.497257574436755
28.076171875,O1,2.840861428182129e-13,-12.546549949819331
28.3203125,O1,2.420361486290843e-13,-12.616119766342997
28.564453125,O1,2.5853662199714924e-13,-12.58747792992105
28.80859375,O1,2.502478794349805e-13,-12.601629593982864
29.052734375,O1,2.679021049584842e-13,-12.57202387404292
29.296875,O1,2.9420044324939493e-13,-12.531356677289585
29.541015625,O1,2.553829534517979e-13,-12.592808094812982
29.78515625,O1,2.4645532427780884e-13,-12.608261795161944
30.029296875,O1,2.0602640193302282e-13,-12.686077121965292
30.2734375,O1,2.267214604435028e-13,-12.644507369546723
30.517578125,O1,2.266641833893461e-13,-12.64461710001142
30.76171875,O1,2.3058845540052736e-13,-12.637162439805213
31.005859375,O1,2.349301109088739e-13,-12.629061316285418
31.25,O1,1.9634617695496666e-13,-12.70697755043393
31.494140625,O1,1.816395445052827e-13,-12.740789595843358
31.73828125,O1,2.1466682925684889e-13,-12.668235058421999
31.982421875,O1,2.1502019190782277e-13,-12.66752075486399
32.2265625,O1,2.309413313184531e-13,-12.636498334916539
32.470703125,O1,2.5008542816457334e-13,-12.601911612756044
32.71484375,O1,2.33630147213396e-13,-12.631471117365919
32.958984375,O1,1.8118454125253725e-13,-12.741878859281268
33.203125,O1,2.02389342314032e-13,-12.69381236088398
33.447265625,O1,2.142024312565715e-13,-12.669175604114244
33.69140625,O1,1.838412179372546e-13,-12.735557111470863
33.935546875,O1,1.89498938403653e-13,-12.722393218660168
34.1796875,O1,2.286253959745279e-13,-12.640875529325681
34.423828125,O1,1.8892330422137265e-13,-12.72371446732697
34.66796875,O1,2.1128400903926986e-13,-12.67513337113891
34.912109375,O1,2.042187834674129e-13,-12.689904315231075
35.15625,O1,1.6968452386571917e-13,-12.770357765850944
35.400390625,O1,1.9886781363645442e-13,-12.701435500893686
35.64453125,O1,1.69987138731562e-13,-12.769583936205319
35.888671875,O1,2.0512625970359242e-13,-12.687978738879062
36.1328125,O1,2.0793792715830315e-13,-12.682066289632953
36.376953125,O1,1.7479601273967457e-13,-12.757468478251429
36.62109375,O1,1.6084563132885617e-13,-12.793590730320211
36.865234375,O1,1.7251528929313697e-13,-12.763172409220314
37.109375,O1,2.075883465664021e-13,-12.682797030226084
37.353515625,O1,1.802961043886305e-13,-12.744013656864947
37.59765625,O1,1.722221243641991e-13,-12.763911058038648
37.841796875,O1,1.5301681396949718e-13,-12.815260844914677
38.0859375,O1,1.9381441952286746e-13,-12.712613915178682
38.330078125,O1,1.7640429013665725e-13,-12.753490857072563
38.57421875,O1,1.4606600627845048e-13,-12.83545084500666
38.818359375,O1,1.6415729322960177e-13,-12.78473981754013
39.0625,O1,1.6678019580947248e-13,-12.77785552061252
39.306640625,O1,1.6800188101550908e-13,-12.774685855714122
39.55078125,O1,1.847148441683397e-13,-12.73349820211605
39.794921875,O1,1.8443054058135682e-13,-12.734167160789383
0.0,O2,4.0904933580136775e-10,-9.38822430819285
0.244140625,O2,3.053704406142437e-09,-8.515173004278374
0.48828125,O2,1.6107503721880212e-09,-8.792971759631353
0.732421875,O2,6.827378905984048e-10,-9.165745993997355
0.9765625,O2,4.163188505047351e-10,-9.380573924244516
1.220703125,O2,2.8895988896418146e-10,-9.539162438248692
1.46484375,O2,1.915370975749804e-10,-9.717747097874149
1.708984375,O2,1.3738393658894595e-10,-9.86206404354
1.953125,O2,1.0589378592194588e-10,-9.975129524491113
2.197265625,O2,9.097383970867586e-11,-10.041083474750607
2.44140625,O2,7.087581523529792e-11,-10.149501932682385
2.685546875,O2,5.1042376335957726e-11,-10.292069114742036
2.9296875,O2,4.544957453615108e-11,-10.342470177952832
3.173828125,O2,3.5706702903342454e-11,-10.447250249975035
3.41796875,O2,3.1003623279985955e-11,-10.508587548793082
3.662109375,O2,2.526288218097985e-11,-10.597517103349567
3.90625,O2,2.3749130500376488e-11,-10.624352286072845
4.150390625,O2,2.0048673439906965e-11,-10.697914358045688
4.39453125,O2,1.8103313042189876e-11,-10.742241938706812
4.638671875,O2,1.5474043831321605e-11,-10.810396177306895
4.8828125,O2,1.3136537371750529e-11,-10.881519094328427
5.126953125,O2,1.3522698519124995e-11,-10.868936634206277
5.37109375,O2,1.5268772357366066e-11,-10.816195879764447
5.615234375,O2,1.2812347410517644e-11,-10.892371293827667
5.859375,O2,1.0501791564910932e-11,-10.978736605655449
6.103515625,O2,1.1118774694945383e-11,-10.95394306999715
6.34765625,O2,9.802228295538262e-12,-11.008675186914399
6.591796875,O2,9.453344558784151e-12,-11.024414512501815
6.8359375,O2,8.65619464278624e-12,-11.062672986602385
7.080078125,O2,1.066530908969686e-11,-10.972026553809995
7.32421875,O2,8.827104114779576e-12,-11.05418175092398
7.568359375,O2,8.713547486085081e-12,-11.059804997693714
7.8125,O2,7.800631492868743e-12,-11.107870237980421
8.056640625,O2,6.070478041744772e-12,-11.216777107488642
8.30078125,O2,5.225563110078188e-12,-11.281866902839406
8.544921875,O2,4.528356522117741e-12,-11.344059388027146
8.7890625,O2,4.594640991944049e-12,-11.33774841709807
9.033203125,O2,4.358058855084694e-12,-11.360706908953022
9.27734375,O2,3.4614346134506e-12,-11.460743867804041
9.521484375,O2,3.4676707517757164e-12,-11.459962144608488
9.765625,O2,3.2245877642891545e-12,-11.491525798280746
10.009765625,O2,3.0589177415257147e-12,-11.514432201629837
10.25390625,O2,3.059903763092344e-12,-11.514292232281555
10.498046875,O2,2.604221544719049e-12,-11.584322072501594
10.7421875,O2,2.571088410904601e-12,-11.589882989203954
10.986328125,O2,2.6312387754411814e-12,-11.579839739466092
11.23046875,O2,2.4494758303794586e-12,-11.610926841484082
11.474609375,O2,2.1902472771836404e-12,-11.659506850888675
11.71875,O2,1.910799684399994e-12,-11.718784839119557
11.962890625,O2,1.9711109870943263e-12,-11.70528892126821
12.20703125,O2,2.0453933790508654e-12,-11.689223154198714
12.451171875,O2,1.7458867717667165e-12,-11.757983925574012
12.6953125,O2,1.7034192002647109e-12,-11.76867846186799
12.939453125,O2,1.6068266302229739e-12,-11.79403097924118
13.18359375,O2,1.5939537547484204e-12,-11.797524282907862
13.427734375,O2,1.5302011364003152e-12,-11.815251479844152
13.671875,O2,1.5689973789766461e-12,-11.804377781905051
13.916015625,O2,1.388702961921721e-12,-11.857390638203231
14.16015625,O2,1.272988329633367e-12,-11.895175577806723
14.404296875,O2,1.3115206397341844e-12,-11.882224870417026
14.6484375,O2,1.3423082485861722e-12,-11.872147741031574
14.892578125,O2,1.2130173317040693e-12,-11.916132993849285
15.13671875,O2,1.029831204761471e-12,-11.9872339528172
15.380859375,O2,1.0159552542779644e-12,-11.993125419264798
15.625,O2,1.0868629860067613e-12,-11.963825201241878
15.869140625,O2,9.845237303166176e-13,-12.006773811449321
16.11328125,O2,9.817716555807706e-13,-12.007989510433907
16.357421875,O2,9.534385562153525e-13,-12.020707289567573
16.6015625,O2,9.400922011434889e-13,-12.026829550140555
16.845703125,O2,9.270264274065805e-13,-12.032907884935058
17.08984375,O2,7.023326092618287e-13,-12.153457166848279
17.333984375,O2,8.177582030865609e-13,-12.087375090691383
17.578125,O2,8.273550146326774e-13,-12.082308096478844
17.822265625,O2,7.497638882277716e-13,-12.125075480853768
18.06640625,O2,7.062268356331748e-13,-12.151055783875762
18.310546875,O2,7.289582355509823e-13,-12.137297353148876
18.5546875,O2,6.861240100025678e-13,-12.163597382846485
18.798828125,O2,7.343453516714784e-13,-12.134099649822332
19.04296875,O2,7.873753788655256e-13,-12.103818169670275
19.287109375,O2,7.14835549550118e-13,-12.145793857691931
19.53125,O2,6.450648822936649e-13,-12.190396600705887
19.775390625,O2,6.44777738862032e-13,-12.190589965086762
20.01953125,O2,6.748155560395202e-13,-12.17081491448799
20.263671875,O2,6.989947453129082e-13,-12.155526089047145
20.5078125,O2,6.27393243502727e-13,-12.202460162599197
20.751953125,O2,5.569856357160896e-13,-12.254156004843649
20.99609375,O2,5.595694250863032e-13,-12.25214602341371
21.240234375,O2,4.909068426157563e-13,-12.309000914346344
21.484375,O2,5.399829099415021e-13,-12.267619985057683
21.728515625,O2,5.371594022412846e-13,-12.269896818134463
21.97265625,O2,5.227873219313943e-13,-12.281674953000444
22.216796875,O2,5.287293515210589e-13,-12.276766579797641
22.4609375,O2,4.4385362635265966e-13,-12.352760227516217
22.705078125,O2,4.3125309230506796e-13,-12.365267777794118
22.94921875,O2,4.189169742783342e-13,-12.377872041916026
23.193359375,O2,4.78002676127001e-13,-12.320569671957053
23.4375,O2,4.3768046439241554e-13,-12.358842837430558
23.681640625,O2,3.8751536763347793e-13,-12.411711070071009
23.92578125,O2,3.6503966926545387e-13,-12.437659937716257
24.169921875,O2,3.9699389213222353e-13,-12.401216174933804
24.4140625,O2,3.587059547296101e-13,-12.445261413720617
24.658203125,O2,3.759615113249552e-13,-12.42485661324992
24.90234375,O2,3.4082999298747626e-13,-12.46746219437539
25.146484375,O2,3.7079076639796486e-13,-12.43087108939362
25.390625,O2,3.878104436093777e-13,-12.411380499690392
25.634765625,O2,3.557546176485242e-13,-12.448849454121378
25.87890625,O2,3.677683820923154e-13,-12.434425610805075
26.123046875,O2,3.4895426424583373e-13,-12.457231490196301
26.3671875,O2,3.62748681683244e-13,-12.440394157218918
26.611328125,O2,3.185654326271188e-13,-12.496801351051403
26.85546875,O2,3.107078700888145e-13,-12.50764774612431
27.099609375,O2,2.577492394631615e-13,-12.588802607508809
27.34375,O2,2.632736819648544e-13,-12.579592552776596
27.587890625,O2,3.099777358439633e-13,-12.508669498253946
27.83203125,O2,3.403502133523694e-13,-12.468073972816903
28.076171875,O2,3.004290676560155e-13,-12.522258049990494
28.3203125,O2,2.524994821727443e-13,-12.597739508197796
28.564453125,O2,2.49883510511908e-13,-12.602262401456443
28.80859375,O2,2.4522261516410105e-13,-12.610439480368663
29.052734375,O2,2.756899090097894e-13,-12.559579129946346
29.296875,O2,3.041437601895067e-13,-12.516921089091124
29.541015625,O2,2.6754706926356504e-13,-12.572599801967367
29.78515625,O2,2.6375255495444025e-13,-12.578803324690496
30.029296875,O2,2.24106200352699e-13,-12.649546127660779
30.2734375,O2,2.479427668398854e-13,-12.605648556730985
30.517578125,O2,2.350722968983865e-13,-12.628798549152707
30.76171875,O2,2.2325002227664245e-13,-12.651208489104041
31.005859375,O2,2.431743183621691e-13,-12.614082292814313
31.25,O2,2.1022961909156585e-13,-12.677306096576922
31.494140625,O2,1.9659727865285506e-13,-12.706422498071676
31.73828125,O2,2.282829947744864e-13,-12.641526438709803
31.982421875,O2,2.161209282193689e-13,-12.665303175874262
32.2265625,O2,2.4880823564964005e-13,-12.604135248426566
32.470703125,O2,2.6997847190273923e-13,-12.568670865124725
32.71484375,O2,2.6072258720997576e-13,-12.58382134291787
32.958984375,O2,2.0832946780155281e-13,-12.681249295590131
33.203125,O2,2.1778569938186325e-13,-12.661970641033175
33.447265625,O2,2.3547252804210215e-13,-12.628059753569776
33.69140625,O2,2.040810194932543e-13,-12.690197384860886
33.935546875,O2,2.1459638108693651e-13,-12.668377606168885
34.1796875,O2,2.4564080473498096e-13,-12.609699488511051
34.423828125,O2,2.021771456958335e-13,-12.694267939047492
34.66796875,O2,2.1514679798966429e-13,-12.667265113098823
34.912109375,O2,2.2568870204166717e-13,-12.646490181125037
35.15625,O2,1.76678816360569e-13,-12.752815518909884
35.400390625,O2,2.0501694744079421e-13,-12.688210237111068
35.64453125,O2,1.6806505330258815e-13,-12.774522582430086
35.888671875,O2,2.1378826479703065e-13,-12.670016137638793
36.1328125,O2,2.230150987475852e-13,-12.65166573300215
36.376953125,O2,1.9056480883586804e-13,-12.719957296454648
36.62109375,O2,1.713235966487079e-13,-12.766182816902766
36.865234375,O2,1.955162841546289e-13,-12.708817065255436
37.109375,O2,2.245110063429877e-13,-12.648762363449713
37.353515625,O2,1.966662012008729e-13,-12.706270270956153
37.59765625,O2,2.056831713740093e-13,-12.686801240042685
37.841796875,O2,1.803126017166985e-13,-12.743973920172904
38.0859375,O2,2.323465103126353e-13,-12.633863845945376
38.330078125,O2,2.190254041352727e-13,-12.659505509653462
38.57421875,O2,1.626472137500353e-13,-12.788753372058423
38.818359375,O2,1.748429213966987e-13,-12.757351945628587
39.0625,O2,1.8736560904413341e-13,-12.72731012088159
39.306640625,O2,1.9216227519664054e-13,-12.716331867874679
39.55078125,O2,2.06311665444405e-13,-12.685476215095672
39.794921875,O2,2.0292288407722445e-13,-12.692668973823967
0.0,F7,4.1891181813572447e-10,-9.377877387362027
0.244140625,F7,3.0057852741768246e-09,-8.522042047558482
0.48828125,F7,1.7349392790118266e-09,-8.760715720441734
0.732421875,F7,7.539548722837626e-10,-9.122654647902996
0.9765625,F7,3.965426412967071e-10,-9.401710104981603
1.220703125,F7,2.8769395367029166e-10,-9.54106926537843
1.46484375,F7,2.0177333698855456e-10,-9.695136223449909
1.708984375,F7,1.4556691404608276e-10,-9.836937324748694
1.953125,F7,1.1398859200085931e-10,-9.943138610759915
2.197265625,F7,9.930291430540875e-11,-10.003038005802853
2.44140625,F7,6.930136787554075e-11,-10.159258193166888
2.685546875,F7,5.4158455059877126e-11,-10.266333732959177
2.9296875,F7,4.677172579341903e-11,-10.330016605102594
3.173828125,F7,4.0183927429500107e-11,-10.395947619165552
3.41796875,F7,3.3633003997329687e-11,-10.473234341094527
3.662109375,F7,2.7314707196530175e-11,-10.563603450599254
3.90625,F7,2.380490446058097e-11,-10.623333557198324
4.150390625,F7,2.2077742293155518e-11,-10.656045340352117
4.39453125,F7,1.963376746931491e-11,-10.706996356836974
4.638671875,F7,1.5996626933198727e-11,-10.795971583514932
4.8828125,F7,1.477754359457536e-11,-10.830397750784313
5.126953125,F7,1.6409951462615022e-11,-10.784892703502035
5.37109375,F7,1.5106522924748962e-11,-10.820835485917007
5.615234375,F7,1.3079421333687648e-11,-10.8834114698608
5.859375,F7,1.1624057071265723e-11,-10.934642266425543
6.103515625,F7,1.1165089676274451e-11,-10.952137784392386
6.34765625,F7,1.1134354040653345e-11,-10.95333497348556
6.591796875,F7,1.0885343423433024e-11,-10.96315786478098
6.8359375,F7,1.1541956224148471e-11,-10.93772057719828
7.080078125,F7,9.701243455051514e-12,-11.013172596552616
7.32421875,F7,9.466402075631193e-12,-11.023815053267613
7.568359375,F7,7.475926623222549e-12,-11.126334969905022
7.8125,F7,6.462694289239725e-12,-11.18958638742197
8.056640625,F7,5.336035397734949e-12,-11.272781298096385
8.30078125,F7,5.361718077512291e-12,-11.27069602522811
8.544921875,F7,4.75583590080451e-12,-11.322773139041699
8.7890625,F7,4.737882637684392e-12,-11.32441570140923
9.033203125,F7,4.2174237087337576e-12,-11.374952764856353
9.27734375,F7,3.695039555667321e-12,-11.43238090809024
9.521484375,F7,3.8265995965877e-12,-11.417186978614275
9.765625,F7,3.3270036302743378e-12,-11.477946725248625
10.009765625,F7,2.982998823650885e-12,-11.525346917902446
10.25390625,F7,2.854933439824739e-12,-11.544404012480758
10.498046875,F7,2.802377971626736e-12,-11.552473289492303
10.7421875,F7,2.5332208511290253e-12,-11.596326945919861
10.986328125,F7,2.856322063000005e-12,-11.544192825503028
11.23046875,F7,2.3373789926012044e-12,-11.631270863538177
11.474609375,F7,2.3074078122781667e-12,-11.636875641296058
11.71875,F7,2.419993341478578e-12,-11.616185828962994
11.962890625,F7,2.141278921321975e-12,-11.669326758160365
12.20703125,F7,2.2707719406905256e-12,-11.643826480871919
12.451171875,F7,1.931592415214045e-12,-11.714084508612938
12.6953125,F7,1.819434545570576e-12,-11.740063563605545
12.939453125,F7,1.8259421424017045e-12,-11.73851298782788
13.18359375,F7,1.8297118245712738e-12,-11.737617305271566
13.427734375,F7,1.8546051688794927e-12,-11.731748534150423
13.671875,F7,1.7526664812988182e-12,-11.756300718881748
13.916015625,F7,1.6674229096516777e-12,-11.777954235784316
14.16015625,F7,1.417269182015383e-12,-11.84854765634295
14.404296875,F7,1.5734653963775109e-12,-11.803142803642118
14.6484375,F7,1.5509847811612993e-12,-11.809392463624238
14.892578125,F7,1.4145812398927816e-12,-11.849372105807559
15.13671875,F7,1.2890546731778998e-12,-11.889728662354957
15.380859375,F7,1.4641825562738337e-12,-11.83440477147463
15.625,F7,1.2403676579670668e-12,-11.90644956632181
15.869140625,F7,1.287953772718357e-12,-11.890099724409138
16.11328125,F7,1.1729002434079817e-12,-11.930738923587594
16.357421875,F7,1.25661573445064e-12,-11.90079750665867
16.6015625,F7,1.1422809706680721e-12,-11.942227058084773
16.845703125,F7,9.736196882398788e-13,-12.011610652518867
17.08984375,F7,1.0061773137182645e-12,-11.997325478938361
17.333984375,F7,1.0357589456645507e-12,-11.984741307089795
17.578125,F7,1.1018634374392962e-12,-11.957872227663609
17.822265625,F7,9.897142057239029e-13,-12.004490196105383
18.06640625,F7,9.587827175889258e-13,-12.018279802885578
18.310546875,F7,8.451001807457229e-13,-12.073091805409863
18.5546875,F7,9.530621732113663e-13,-12.020878767145645
18.798828125,F7,9.496716628887657e-13,-12.022426520651143
19.04296875,F7,9.600948560757296e-13,-12.01768585713213
19.287109375,F7,8.743910129493415e-13,-12.058294314743815
19.53125,F7,8.014676768985015e-13,-12.09611398800439
19.775390625,F7,7.671619025292761e-13,-12.115112972485113
20.01953125,F7,8.996169761835756e-13,-12.04594235782368
20.263671875,F7,9.740631541172517e-13,-12.011412884399133
20.5078125,F7,8.408708564924314e-13,-12.075270699350058
20.751953125,F7,7.328219578820427e-13,-12.135001526179542
20.99609375,F7,7.222266449878948e-13,-12.1413264932593
21.240234375,F7,6.752649243470196e-13,-12.170525808488264
21.484375,F7,6.854099961025198e-13,-12.164049566056564
21.728515625,F7,6.253190641500568e-13,-12.203898330748466
21.97265625,F7,6.127840888875206e-13,-12.21269251980832
22.216796875,F7,7.093028196127906e-13,-12.149168313745376
22.4609375,F7,6.840084848473433e-13,-12.164938510999875
22.705078125,F7,6.799337990367849e-13,-12.167533369812316
22.94921875,F7,5.584065886653391e-13,-12.253049466093852
23.193359375,F7,5.88352569987952e-13,-12.230362345160625
23.4375,F7,5.456156972262127e-13,-12.263113143628962
23.681640625,F7,4.71799198476695e-13,-12.326242801257639
23.92578125,F7,5.639729646724845e-13,-12.248741714412002
24.169921875,F7,6.199734679657626e-13,-12.207626895925326
24.4140625,F7,5.400974579716514e-13,-12.267527866768951
24.658203125,F7,4.911944172894768e-13,-12.308746577848469
24.90234375,F7,4.57152155588993e-13,-12.339939228082024
25.146484375,F7,5.703673216536596e-13,-12.24384536469904
25.390625,F7,4.807321288161158e-13,-12.318096851656946
25.634765625,F7,5.297972924539486e-13,-12.275890265508993
25.87890625,F7,4.927569862607191e-13,-12.307367209619862
26.123046875,F7,4.561280578823536e-13,-12.340913212107468
26.3671875,F7,5.378757947503044e-13,-12.269317999207475
26.611328125,F7,4.489625011448145e-13,-12.347789931214889
26.85546875,F7,4.4751971684881547e-13,-12.349187825755878
27.099609375,F7,5.153654407644491e-13,-12.287884707609946
27.34375,F7,4.2841646510150714e-13,-12.368133846511244
27.587890625,F7,6.093407535705779e-13,-12.215139774675567
27.83203125,F7,5.139134968755866e-13,-12.289109976318295
28.076171875,F7,5.114910224405781e-13,-12.29116198451044
28.3203125,F7,5.067302004734002e-13,-12.295223211540995
28.564453125,F7,4.66842666375012e-13,-12.33082945912955
28.80859375,F7,4.39082239683429e-13,-12.357454129198223
29.052734375,F7,4.665898912913879e-13,-12.331064674466239
29.296875,F7,4.443945437350108e-13,-12.35223128195512
29.541015625,F7,3.83791546642672e-13,-12.41590459522554
29.78515625,F7,4.76327384618616e-13,-12.322094449672797
30.029296875,F7,4.738139207538844e-13,-12.324392183761454
30.2734375,F7,5.561004270694878e-13,-12.254846771397023
30.517578125,F7,4.845684302415711e-13,-12.314644883674564
30.76171875,F7,4.603110197670029e-13,-12.336948628046033
31.005859375,F7,5.334454801590286e-13,-12.27290996026203
31.25,F7,3.795571777227938e-13,-12.420722791312588
31.494140625,F7,4.859719293292999e-13,-12.31338881569546
31.73828125,F7,4.955697964235705e-13,-12.304895170508845
31.982421875,F7,4.813930465191225e-13,-12.31750018718144
32.2265625,F7,4.664225901188319e-13,-12.331220423672779
32.470703125,F7,5.154984814772347e-13,-12.287772609695748
32.71484375,F7,3.812198866562983e-13,-12.418824452105536
32.958984375,F7,3.8000559444567515e-13,-12.420210009648976
33.203125,F7,4.886894042306437e-13,-12.310967077247764
33.447265625,F7,4.575444207825754e-13,-12.339566735992603
33.69140625,F7,3.5365356778903055e-13,-12.4514219562348
33.935546875,F7,3.9329786024871773e-13,-12.405278416378716
34.1796875,F7,5.175390502713358e-13,-12.286056875479701
34.423828125,F7,5.512008520101241e-13,-12.258690119795986
34.66796875,F7,4.20122091627953e-13,-12.376624480995071
34.912109375,F7,4.985243756329036e-13,-12.302313601757442
35.15625,F7,4.218709498681353e-13,-12.374820379207687
35.400390625,F7,4.882644727898852e-13,-12.3113448747997
35.64453125,F7,2.94557635768589e-13,-12.53082971463846
35.888671875,F7,3.736284735046295e-13,-12.427560034436754
36.1328125,F7,3.5276430860378774e-13,-12.452515361637003
36.376953125,F7,3.315019514463674e-13,-12.47951391069844
36.62109375,F7,3.4479596050540223e-13,-12.462437830841786
36.865234375,F7,4.0681862989504493e-13,-12.390599167166803
37.109375,F7,5.735484343841112e-13,-12.241429901393808
37.353515625,F7,4.262441959498959e-13,-12.37034152162782
37.59765625,F7,5.58925864250651e-13,-12.252645792975907
37.841796875,F7,4.538306101754807e-13,-12.343106214969445
38.0859375,F7,4.763296602697138e-13,-12.322092374838585
38.330078125,F7,5.947842759430318e-13,-12.225640521255395
38.57421875,F7,5.514284484107731e-13,-12.258510832228952
38.818359375,F7,4.892782264108472e-13,-12.31044411054299
39.0625,F7,5.015298238833912e-13,-12.299703236197168
39.306640625,F7,4.580992736359571e-13,-12.33904039684244
39.55078125,F7,4.3356544679872534e-13,-12.36294533639263
39.794921875,F7,3.5930514642138134e-13,-12.444536562237598
0.0,F8,4.2293385712552776e-10,-9.373727546883778
0.244140625,F8,3.0087686643471844e-09,-8.521611202642015
0.48828125,F8,1.7027705684053914e-09,-8.768843865007467
0.732421875,F8,6.768578728241551e-10,-9.16950251525619
0.9765625,F8,3.7375158105055617e-10,-9.42741696150342
1.220703125,F8,2.7260709569594286e-10,-9.564462844093836
1.46484375,F8,1.9028927997349276e-10,-9.720585677185888
1.708984375,F8,1.4122931659060174e-10,-9.850075142434584
1.953125,F8,1.1100702687661939e-10,-9.954649528986769
2.197265625,F8,8.42211609212321e-11,-10.074578776472983
2.44140625,F8,6.536549341781666e-11,-10.184651456157553
2.685546875,F8,4.936895348159725e-11,-10.306546078816213
2.9296875,F8,4.2609941564824875e-11,-10.370489061389584
3.173828125,F8,3.415420583030838e-11,-10.466555808631757
3.41796875,F8,2.8591136143117256e-11,-10.543768586478924
3.662109375,F8,2.3881413737867383e-11,-10.621939967308956
3.90625,F8,2.2767184588104758e-11,-10.642690671336922
4.150390625,F8,1.946282789645443e-11,-10.710794057664865
4.39453125,F8,1.8270569910026597e-11,-10.738247905580169
4.638671875,F8,1.7522467573771102e-11,-10.756404735027985
4.8828125,F8,1.4073851146670609e-11,-10.851587046638269
5.126953125,F8,1.423451265776542e-11,-10.846657397056987
5.37109375,F8,1.435182594008094e-11,-10.843092841420995
5.615234375,F8,1.3637321005614755e-11,-10.865270936626073
5.859375,F8,1.132779430552134e-11,-10.945854645670204
6.103515625,F8,1.1433181095719196e-11,-10.941832917452047
6.34765625,F8,1.0571977594986612e-11,-10.975843765932305
6.591796875,F8,8.850376191385291e-12,-11.05303826892133
6.8359375,F8,1.0206374961702844e-11,-10.991128480604301
7.080078125,F8,1.0804500547628368e-11,-10.966395304155322
7.32421875,F8,9.4555520819189e-12,-11.024313108899197
7.568359375,F8,8.146920505329951e-12,-11.089006521355367
7.8125,F8,7.297707259435791e-12,-11.136813561930756
8.056640625,F8,5.514422512980374e-12,-11.258499961475426
8.30078125,F8,5.476565052922911e-12,-11.261491749233036
8.544921875,F8,5.695369657637225e-12,-11.244478082811922
8.7890625,F8,4.959352380192747e-12,-11.30457503239528
9.033203125,F8,3.797725941350143e-12,-11.42047637884434
9.27734375,F8,3.485215171881949e-12,-11.457770404057719
9.521484375,F8,3.6582563527725496e-12,-11.43672586455298
9.765625,F8,3.138929053944037e-12,-11.503218500110348
10.009765625,F8,2.7918357547895764e-12,-11.554110135077078
10.25390625,F8,3.013215861352333e-12,-11.52096975513841
10.498046875,F8,2.908053653029257e-12,-11.536397585089619
10.7421875,F8,2.8610921761997365e-12,-11.543468150244353
10.986328125,F8,2.5563069663598896e-12,-11.59238699644806
11.23046875,F8,2.184832003114002e-12,-11.660581951336823
11.474609375,F8,2.019331501624934e-12,-11.694792379665321
11.71875,F8,2.151380880655688e-12,-11.66728269527331
11.962890625,F8,1.9627489808945897e-12,-11.707135239464264
12.20703125,F8,1.792968094657758e-12,-11.746427438512196
12.451171875,F8,1.7484892720909497e-12,-11.75733702797355
12.6953125,F8,1.8886256114451534e-12,-11.723854125190002
12.939453125,F8,1.7899498821890673e-12,-11.747159128904714
13.18359375,F8,1.7105413321959219e-12,-11.766866427396637
13.427734375,F8,1.7519803869330513e-12,-11.756470759979825
13.671875,F8,1.7522541171123238e-12,-11.756402910920926
13.916015625,F8,1.6908699106883652e-12,-11.771889804137018
14.16015625,F8,1.5216962458068716e-12,-11.817672030834547
14.404296875,F8,1.5410764892177144e-12,-11.812175805135714
14.6484375,F8,1.4679155466204677e-12,-11.833298929904808
14.892578125,F8,1.2682233369460042e-12,-11.896804259496617
15.13671875,F8,1.1370511438675765e-12,-11.944220000571777
15.380859375,F8,1.315591703679697e-12,-11.880878873907449
15.625,F8,1.296283757044945e-12,-11.887299920818947
15.869140625,F8,1.0857223950717138e-12,-11.964281203937121
16.11328125,F8,1.158842806627841e-12,-11.935975470718109
16.357421875,F8,1.0860992138863756e-12,-11.964130500644686
16.6015625,F8,1.0438678301829164e-12,-11.98135448625328
16.845703125,F8,1.0149194631295329e-12,-11.993568418939093
17.08984375,F8,8.679861867724073e-13,-12.06148718617864
17.333984375,F8,8.960326716874715e-13,-12.047676154540003
17.578125,F8,1.0654956461272118e-12,-11.972448320578396
17.822265625,F8,9.94241945591049e-13,-12.002507918571332
18.06640625,F8,9.242532532758169e-13,-12.034209012080526
18.310546875,F8,8.655575158699106e-13,-12.062704068175657
18.5546875,F8,8.838977474017855e-13,-12.053597972891556
18.798828125,F8,8.562378368895872e-13,-12.067405584736603
19.04296875,F8,9.213537297774586e-13,-12.035573601728334
19.287109375,F8,8.62079288058011e-13,-12.064452788951957
19.53125,F8,7.800411121393303e-13,-12.107882507175258
19.775390625,F8,8.550870471773036e-13,-12.067989672190555
20.01953125,F8,8.517296349982603e-13,-12.069698241691537
20.263671875,F8,8.494184924863741e-13,-12.070878288321362
20.5078125,F8,7.506931484311888e-13,-12.124537547916892
20.751953125,F8,6.428168459608014e-13,-12.191912750433968
20.99609375,F8,6.154859559626857e-13,-12.210781852265557
21.240234375,F8,5.924330155555965e-13,-12.227360746784738
21.484375,F8,6.126471438462784e-13,-12.212789586823416
21.728515625,F8,6.622800064929876e-13,-12.178958355629293
21.97265625,F8,6.460534079413945e-13,-12.189731578265786
22.216796875,F8,7.121975362632531e-13,-12.147399533033465
22.4609375,F8,6.315830158359238e-13,-12.199569557301986
22.705078125,F8,5.634306856956761e-13,-12.249159504057026
22.94921875,F8,5.058147597001946e-13,-12.296008502071833
23.193359375,F8,6.517012399859173e-13,-12.185951452675523
23.4375,F8,5.643991065609329e-13,-12.24841368240168
23.681640625,F8,4.731390428678653e-13,-12.325011213011562
23.92578125,F8,5.423710887091708e-13,-12.265703468751461
24.169921875,F8,5.144065071939399e-13,-12.288693546264732
24.4140625,F8,4.4967454765444833e-13,-12.347101693544024
24.658203125,F8,5.782378334429216e-13,-12.237893496342368
24.90234375,F8,5.37553543756434e-13,-12.269578270761548
25.146484375,F8,5.254884364272451e-13,-12.279436836345717
25.390625,F8,5.159786200750431e-13,-12.287368293287127
25.634765625,F8,5.483931591119786e-13,-12.260907971421638
25.87890625,F8,4.728420939139658e-13,-12.325283868123396
26.123046875,F8,4.663508881026048e-13,-12.331287191844853
26.3671875,F8,4.865765076402883e-13,-12.312848863034631
26.611328125,F8,5.345892007433852e-13,-12.271979818690085
26.85546875,F8,4.112991941263426e-13,-12.385842141419163
27.099609375,F8,4.461131571833469e-13,-12.350554967953494
27.34375,F8,4.437291345718627e-13,-12.352882055240181
27.587890625,F8,5.860143352770842e-13,-12.232091759996269
27.83203125,F8,6.351999042732324e-13,-12.197089576030598
28.076171875,F8,5.439713393503918e-13,-12.264423981717028
28.3203125,F8,3.8232730258685793e-13,-12.417564687229657
28.564453125,F8,4.183400504787985e-13,-12.378470555526217
28.80859375,F8,4.327121988218528e-13,-12.363800861199847
29.052734375,F8,4.1669462617865514e-13,-12.380182100301075
29.296875,F8,4.256418888252509e-13,-12.370955638254223
29.541015625,F8,3.784884168419594e-13,-12.42194740699243
29.78515625,F8,3.961301268590963e-13,-12.402162126969314
30.029296875,F8,3.129857192808662e-13,-12.504475477721943
30.2734375,F8,3.552763147919332e-13,-12.449433744658263
30.517578125,F8,4.322851736185702e-13,-12.364229659506973
30.76171875,F8,4.551210221050797e-13,-12.341873103906092
31.005859375,F8,4.3675668374102463e-13,-12.35976044023253
31.25,F8,3.595832306532745e-13,-12.444200570010457
31.494140625,F8,3.5480319050989263e-13,-12.450012483500371
31.73828125,F8,4.023758309859955e-13,-12.395368113401055
31.982421875,F8,3.744055257727264e-13,-12.426657750225347
32.2265625,F8,4.2010436566526845e-13,-12.376642805311604
32.470703125,F8,3.961307036763205e-13,-12.402161494580263
32.71484375,F8,3.724276387108665e-13,-12.428958096503242
32.958984375,F8,3.724608184317293e-13,-12.428919406765058
33.203125,F8,4.669982405195487e-13,-12.330684755695323
33.447265625,F8,4.052801986065116e-13,-12.39224461472859
33.69140625,F8,3.06668573996968e-13,-12.513330726263947
33.935546875,F8,4.339377790704845e-13,-12.362572538099398
34.1796875,F8,5.05954929659993e-13,-12.29588816828224
34.423828125,F8,4.549605351100739e-13,-12.342026273952268
34.66796875,F8,4.888666039659169e-13,-12.31080962976154
34.912109375,F8,4.954991985580691e-13,-12.304957043624901
35.15625,F8,4.3012430501648125e-13,-12.366406016092027
35.400390625,F8,3.6965214897365453e-13,-12.432206764687113
35.64453125,F8,3.6938305140736323e-13,-12.432523035395839
35.888671875,F8,3.3024885320963963e-13,-12.481158681800006
36.1328125,F8,4.295831720653882e-13,-12.366952739464656
36.376953125,F8,4.543517377480156e-13,-12.342607806572769
36.62109375,F8,4.0804100828059963e-13,-12.389296187951768
36.865234375,F8,4.121479231754567e-13,-12.384946884236417
37.109375,F8,5.640423274022032e-13,-12.24868830405309
37.353515625,F8,3.6339126420927574e-13,-12.43962551718018
37.59765625,F8,3.750237293666198e-13,-12.425941251720449
37.841796875,F8,3.624194207009746e-13,-12.44078853815504
38.0859375,F8,3.557791823668583e-13,-12.448819467291164
38.330078125,F8,4.145414100076949e-13,-12.382432079734798
38.57421875,F8,4.494678666314131e-13,-12.347301351413508
38.818359375,F8,4.746304848478524e-13,-12.323644371099673
39.0625,F8,5.123080375934847e-13,-12.290468830430285
39.306640625,F8,4.631283563501147e-13,-12.334298627277834
39.55078125,F8,4.41116099763664e-13,-12.355447091142652
39.794921875,F8,3.8598474570474164e-13,-12.413429858507424
0.0,T3,3.9129804454157957e-10,-9.407492322421128
0.244140625,T3,2.750268216056528e-09,-8.560624950143149
0.48828125,T3,1.5107383890051244e-09,-8.820810734898723
0.732421875,T3,6.563355916361568e-10,-9.182874044269557
0.9765625,T3,3.850107462105364e-10,-9.414527148530967
1.220703125,T3,2.8571448082643655e-10,-9.544067747773921
1.46484375,T3,1.932311179087413e-10,-9.713922933573615
1.708984375,T3,1.2903861375754208e-10,-9.889280311154463
1.953125,T3,1.0800701193620791e-10,-9.966548048713513
2.197265625,T3,9.151586282614656e-11,-10.038503621335007
2.44140625,T3,6.620475067603872e-11,-10.179110845630351
2.685546875,T3,5.002087478645791e-11,-10.300848717411405
2.9296875,T3,4.2684868152121675e-11,-10.369726055718106
3.173828125,T3,3.525781652665287e-11,-10.4527445865287
3.41796875,T3,3.2931567198195146e-11,-10.48238760092087
3.662109375,T3,2.7342563678645718e-11,-10.563160767775111
3.90625,T3,2.4677830468697573e-11,-10.607693023605117
4.150390625,T3,2.226311004783915e-11,-10.652414166943398
4.39453125,T3,2.030245063351987e-11,-10.69245153684646
4.638671875,T3,1.6191572383872706e-11,-10.790710974317612
4.8828125,T3,1.5502801237749928e-11,-10.809589821043971
5.126953125,T3,1.7002230048258277e-11,-10.769494111907898
5.37109375,T3,1.5773715720258784e-11,-10.802065990455311
5.615234375,T3,1.3596490750688884e-11,-10.866573168414531
5.859375,T3,1.3645443985161492e-11,-10.865012329017997
6.103515625,T3,1.3291796104588083e-11,-10.876416329395392
6.34765625,T3,1.2025847036519289e-11,-10.91988432449003
6.591796875,T3,1.1762021271709743e-11,-10.929518039508219
6.8359375,T3,1.2013083611417998e-11,-10.92034550021317
7.080078125,T3,1.0819719029001076e-11,-10.965784017024161
7.32421875,T3,9.94356688116532e-12,-11.002457800820201
7.568359375,T3,8.15252077393926e-12,-11.088708085868133
7.8125,T3,6.764099140097328e-12,-11.169790035657135
8.056640625,T3,5.490438817654045e-12,-11.260392943624641
8.30078125,T3,5.401171722348821e-12,-11.26751201474196
8.544921875,T3,4.640994138949378e-12,-11.333388980045429
8.7890625,T3,4.898216208697738e-12,-11.30996204890261
9.033203125,T3,4.355748653914248e-12,-11.360937188917982
9.27734375,T3,3.67296829432515e-12,-11.43498282054092
9.521484375,T3,3.5575798834736138e-12,-11.448845339293635
9.765625,T3,3.10516450211535e-12,-11.507915387284978
10.009765625,T3,2.966044329062518e-12,-11.527822362504072
10.25390625,T3,2.7793999603053037e-12,-11.55604895302289
10.498046875,T3,2.6334170857976056e-12,-11.579480351028714
10.7421875,T3,2.607849386524701e-12,-11.583717494416362
10.986328125,T3,2.8038886659317524e-12,-11.552239234903462
11.23046875,T3,2.360996378045118e-12,-11.626904679162791
11.474609375,T3,2.1627131128625127e-12,-11.665001086554497
11.71875,T3,2.258118844847421e-12,-11.646253204880848
11.962890625,T3,2.087970939984553e-12,-11.68027555006258
12.20703125,T3,2.1323026396088655e-12,-11.67115115546893
12.451171875,T3,1.7513442219460905e-12,-11.756628486127013
12.6953125,T3,1.656939650095291e-12,-11.780693309388692
12.939453125,T3,1.6376080003072556e-12,-11.785790048654778
13.18359375,T3,1.6144140032518997e-12,-11.791985084067612
13.427734375,T3,1.5961896490985396e-12,-11.796915509812456
13.671875,T3,1.5737023097299957e-12,-11.803077417764099
13.916015625,T3,1.5582589462058417e-12,-11.807360371076953
14.16015625,T3,1.2728359724049017e-12,-11.895227559322986
14.404296875,T3,1.318296684909938e-12,-11.879986840030808
14.6484375,T3,1.3341928199437577e-12,-11.874781400864665
14.892578125,T3,1.2550222585787757e-12,-11.901348571639346
15.13671875,T3,1.1533148605568254e-12,-11.938052112015747
15.380859375,T3,1.140670073439039e-12,-11.9428399524308
15.625,T3,1.1258523509513525e-12,-11.948518560969214
15.869140625,T3,1.1551506334584298e-12,-11.937361379395895
16.11328125,T3,1.1310866651518149e-12,-11.946504117660549
16.357421875,T3,1.0906786145205354e-12,-11.96230320220945
16.6015625,T3,9.83640701563824e-13,-12.007163509113012
16.845703125,T3,9.091744371713032e-13,-12.041352783628453
17.08984375,T3,8.595808966985094e-13,-12.065713244821605
17.333984375,T3,9.233721030502888e-13,-12.03462325050649
17.578125,T3,8.434379698621838e-13,-12.073946851826676
17.822265625,T3,7.887999199677466e-13,-12.103033142130698
18.06640625,T3,8.91912618856705e-13,-12.049677691596123
18.310546875,T3,8.03185504973824e-13,-12.095184137806983
18.5546875,T3,8.670291808338859e-13,-12.061966285612753
18.798828125,T3,7.481930334893326e-13,-12.125986339884442
19.04296875,T3,8.261001973060555e-13,-12.082967274110551
19.287109375,T3,8.644669182820028e-13,-12.06325162180299
19.53125,T3,6.354587508573231e-13,-12.196912635285369
19.775390625,T3,6.173040158079686e-13,-12.209500897765487
20.01953125,T3,7.496303492284111e-13,-12.125152839095177
20.263671875,T3,7.356370465530125e-13,-12.133336407889075
20.5078125,T3,6.936876354372463e-13,-12.15883604646808
20.751953125,T3,6.016182299203124e-13,-12.22067901245324
20.99609375,T3,6.408932187693983e-13,-12.193214323620507
21.240234375,T3,5.65332150057385e-13,-12.247696315803836
21.484375,T3,5.451454922203093e-13,-12.263487574721765
21.728515625,T3,5.415271162061184e-13,-12.26637979181089
21.97265625,T3,5.328769075980468e-13,-12.273373099650328
22.216796875,T3,5.6047516849101e-13,-12.251443623793756
22.4609375,T3,5.211964039210164e-13,-12.282998589434216
22.705078125,T3,5.273740394834938e-13,-12.277881252598256
22.94921875,T3,4.861738120369079e-13,-12.313208438323146
23.193359375,T3,5.173501320808482e-13,-12.286215435700392
23.4375,T3,4.343514986372409e-13,-12.362158675707892
23.681640625,T3,3.911523088407341e-13,-12.407654101915895
23.92578125,T3,4.359585444586023e-13,-12.360554806072807
24.169921875,T3,4.792193770035401e-13,-12.319465629776557
24.4140625,T3,4.0229966383007565e-13,-12.395450330334043
24.658203125,T3,4.481339552370106e-13,-12.348592148224034
24.90234375,T3,4.1730161276966267e-13,-12.37954993684206
25.146484375,T3,4.605543436153518e-13,-12.336719117389395
25.390625,T3,4.601112138296915e-13,-12.337137181981872
25.634765625,T3,3.6310744236705483e-13,-12.439964849556345
25.87890625,T3,4.938868986488939e-13,-12.306372494227109
26.123046875,T3,4.2887891576908923e-13,-12.36766530370314
26.3671875,T3,4.636634668059305e-13,-12.333797121895097
26.611328125,T3,3.643548414961081e-13,-12.438475455256592
26.85546875,T3,3.0886404280649426e-13,-12.510232648253027
27.099609375,T3,3.0510875120333083e-13,-12.515545335639104
27.34375,T3,3.30753859991647e-13,-12.480495078770725
27.587890625,T3,3.865957346110313e-13,-12.412742941939932
27.83203125,T3,3.615110693847775e-13,-12.441878400169932
28.076171875,T3,3.693809348578459e-13,-12.43252552389228
28.3203125,T3,3.1559861736291893e-13,-12.50086490810194
28.564453125,T3,2.909456960498475e-13,-12.5361880629271
28.80859375,T3,3.127311891947872e-13,-12.504828803695597
29.052734375,T3,3.306100626688669e-13,-12.480683932086244
29.296875,T3,3.663797838378567e-13,-12.436068497913263
29.541015625,T3,2.9406921986711563e-13,-12.531550430581108
29.78515625,T3,3.1211351425916414e-13,-12.505687426332697
30.029296875,T3,3.096238908466539e-13,-12.509165536159164
30.2734375,T3,3.079675056541325e-13,-12.51149510447221
30.517578125,T3,2.760527966758232e-13,-12.559007848687852
30.76171875,T3,3.289166825978455e-13,-12.482914098616925
31.005859375,T3,4.167494168700767e-13,-12.380124999179106
31.25,T3,3.5238763056786813e-13,-12.452979344500628
31.494140625,T3,2.6794837135987065e-13,-12.571948878335132
31.73828125,T3,3.4774040037216586e-13,-12.458744850186934
31.982421875,T3,3.0763650006360495e-13,-12.51196213819507
32.2265625,T3,4.3650077294002346e-13,-12.360014982924529
32.470703125,T3,3.889918707922057e-13,-12.410059474527705
32.71484375,T3,4.004639939354418e-13,-12.397436525617472
32.958984375,T3,2.817432530755648e-13,-12.550146475236199
33.203125,T3,2.840687997614144e-13,-12.546576463691885
33.447265625,T3,3.054625035332862e-13,-12.515042093140021
33.69140625,T3,2.5948706473971935e-13,-12.585884286571513
33.935546875,T3,2.457453253556924e-13,-12.609514734702488
34.1796875,T3,3.696545481711383e-13,-12.432203945942923
34.423828125,T3,2.9073134045358805e-13,-12.536508149335853
34.66796875,T3,2.727214345934402e-13,-12.564280727258865
34.912109375,T3,3.726644896800089e-13,-12.428681988171192
35.15625,T3,2.109183320134138e-13,-12.675885671819213
35.400390625,T3,2.2679286330987053e-13,-12.644370615889835
35.64453125,T3,1.9142067515845312e-13,-12.71801115630683
35.888671875,T3,2.457951088492884e-13,-12.609426763519943
36.1328125,T3,2.354654476077393e-13,-12.628072812587023
36.376953125,T3,2.3197252906146657e-13,-12.634563442623811
36.62109375,T3,2.157620234882043e-13,-12.666024993577595
36.865234375,T3,2.2708939306169432e-13,-12.64380315042296
37.109375,T3,3.663957869339633e-13,-12.436049528786532
37.353515625,T3,2.9273401910430225e-13,-12.533526804553667
37.59765625,T3,3.1426714611072323e-13,-12.502701018309837
37.841796875,T3,2.886677902119821e-13,-12.539601672349264
38.0859375,T3,3.8947972182951053e-13,-12.409515148843283
38.330078125,T3,3.31231636093684e-13,-12.47986819023025
38.57421875,T3,2.344888402281533e-13,-12.629877821361097
38.818359375,T3,2.8166520724015863e-13,-12.550266796027442
39.0625,T3,2.4847452893873493e-13,-12.604718124066725
39.306640625,T3,1.9026857815681853e-13,-12.720632927214044
39.55078125,T3,2.3678890790784894e-13,-12.625638645476318
39.794921875,T3,2.204536908646965e-13,-12.656682625761437
0.0,T4,3.8668177913409164e-10,-9.412646291873033
0.244140625,T4,2.724658546061614e-09,-8.564687915718649
0.48828125,T4,1.489890161806445e-09,-8.826845747614355
0.732421875,T4,6.064148405183305e-10,-9.217230178951937
0.9765625,T4,3.6100652586289456e-10,-9.44248494734468
1.220703125,T4,2.619456448063087e-10,-9.581788817877655
1.46484375,T4,1.7748364057627163e-10,-9.750841671537803
1.708984375,T4,1.2727227328695108e-10,-9.895266198624673
1.953125,T4,1.0393089024047241e-10,-9.983255352663043
2.197265625,T4,8.469462539101433e-11,-10.072144148548688
2.44140625,T4,6.454927890626484e-11,-10.190108604966566
2.685546875,T4,4.7743874945176197e-11,-10.321082336083052
2.9296875,T4,4.188086021391738e-11,-10.377984406689448
3.173828125,T4,3.2989505833822555e-11,-10.481624189918476
3.41796875,T4,2.9268138961573846e-11,-10.533604891656225
3.662109375,T4,2.3362279081855452e-11,-10.631484792364732
3.90625,T4,2.4059295065617284e-11,-10.6187171015846
4.150390625,T4,2.018335898737762e-11,-10.695006555230544
4.39453125,T4,1.8952353110641583e-11,-10.722336860655146
4.638671875,T4,1.7488045083270464e-11,-10.757258735804347
4.8828125,T4,1.3693827667211032e-11,-10.863475141902484
5.126953125,T4,1.3505637204401568e-11,-10.86948492070814
5.37109375,T4,1.4899627792289927e-11,-10.826824580565823
5.615234375,T4,1.4837756806014454e-11,-10.828631751375527
5.859375,T4,1.141615148177956e-11,-10.94248027716877
6.103515625,T4,1.2757076380783024e-11,-10.894248844202309
6.34765625,T4,1.1889244307004508e-11,-10.924845748722595
6.591796875,T4,1.1942379787138196e-11,-10.922909121662386
6.8359375,T4,1.3369083617143456e-11,-10.873898360401244
7.080078125,T4,1.393850302675773e-11,-10.855783866275939
7.32421875,T4,1.1226367057082515e-11,-10.949760762200134
7.568359375,T4,1.0115648936431803e-11,-10.995006251254885
7.8125,T4,8.772283207024541e-12,-11.056887355874752
8.056640625,T4,6.599362709211001e-12,-11.18049800161515
8.30078125,T4,6.002678818563175e-12,-11.221654893535241
8.544921875,T4,5.674264426250756e-12,-11.24609042952259
8.7890625,T4,5.114699889047369e-12,-11.291179843937048
9.033203125,T4,4.075113443651526e-12,-11.389860296797355
9.27734375,T4,3.724908895767517e-12,-11.428884344808116
9.521484375,T4,3.941031183154309e-12,-11.404390128793807
9.765625,T4,3.2554423337043427e-12,-11.487389993260045
10.009765625,T4,2.9762320424899845e-12,-11.526333211955324
10.25390625,T4,3.0740837432626275e-12,-11.512284305755768
10.498046875,T4,3.009554034576875e-12,-11.521497854795447
10.7421875,T4,2.84233494739668e-12,-11.546324745115532
10.986328125,T4,2.653697848409117e-12,-11.576148527680658
11.23046875,T4,2.386715405640991e-12,-11.62219936361929
11.474609375,T4,2.2344786690280444e-12,-11.650823786883073
11.71875,T4,2.07644844644079e-12,-11.682678846978483
11.962890625,T4,1.99374569295997e-12,-11.700330237793471
12.20703125,T4,1.839773968820421e-12,-11.735235530318676
12.451171875,T4,1.731756143136276e-12,-11.761513263096088
12.6953125,T4,1.7984613475634304e-12,-11.745098891579305
12.939453125,T4,1.764570840709943e-12,-11.753360901706477
13.18359375,T4,1.796554407067417e-12,-11.745559626034414
13.427734375,T4,1.6792410973840813e-12,-11.774886945466202
13.671875,T4,1.7141041536785381e-12,-11.765962792684945
13.916015625,T4,1.5971631352295904e-12,-11.796650722489177
14.16015625,T4,1.3864507428007168e-12,-11.858095555231337
14.404296875,T4,1.407021203458071e-12,-11.851699357806583
14.6484375,T4,1.3537013707436902e-12,-11.868477131324708
14.892578125,T4,1.2372790047174738e-12,-11.907532356517736
15.13671875,T4,1.1323324084128908e-12,-11.946026062593239
15.380859375,T4,1.2029992060239977e-12,-11.919734659293164
15.625,T4,1.2437889848468506e-12,-11.90525329367253
15.869140625,T4,1.030706943823151e-12,-11.986864798123086
16.11328125,T4,1.0211549235446478e-12,-11.990908364341637
16.357421875,T4,1.0716735461587554e-12,-11.969937489544153
16.6015625,T4,1.0269933938520673e-12,-11.988432349998458
16.845703125,T4,9.259109587788761e-13,-12.033430775705012
17.08984375,T4,7.995628727806273e-13,-12.097147380287854
17.333984375,T4,8.454287616921157e-13,-12.072922981451761
17.578125,T4,9.522342460042218e-13,-12.021256203681489
17.822265625,T4,8.966269480038117e-13,-12.047388212611114
18.06640625,T4,7.881857054141022e-13,-12.103371445791236
18.310546875,T4,7.467399556221891e-13,-12.126830610367216
18.5546875,T4,7.707326433558067e-13,-12.113096246659413
18.798828125,T4,7.312984794857526e-13,-12.13590532955898
19.04296875,T4,7.33078406907287e-13,-12.134849572608392
19.287109375,T4,7.159353432240928e-13,-12.145126197453212
19.53125,T4,6.780336103475561e-13,-12.168748777480003
19.775390625,T4,7.254775867399766e-13,-12.139376000325502
20.01953125,T4,7.244819297324442e-13,-12.139972442374113
20.263671875,T4,7.699476268785696e-13,-12.113538815257659
20.5078125,T4,6.909762905748889e-13,-12.160536854288827
20.751953125,T4,5.492954347701695e-13,-12.260194010413127
20.99609375,T4,5.786731018576935e-13,-12.237566704237922
21.240234375,T4,5.500388416141329e-13,-12.259606641227446
21.484375,T4,5.599354357725264e-13,-12.251862047108531
21.728515625,T4,5.418549823467493e-13,-12.266116928947978
21.97265625,T4,5.332255820956664e-13,-12.273089022993235
22.216796875,T4,5.992635796009571e-13,-12.222382115860949
22.4609375,T4,5.124918808101205e-13,-12.29031301055961
22.705078125,T4,5.0486376108429e-13,-12.296825801667271
22.94921875,T4,4.419461591625064e-13,-12.354630636087311
23.193359375,T4,5.164136610088519e-13,-12.28700227759406
23.4375,T4,4.518157959115553e-13,-12.345038589800547
23.681640625,T4,3.668898307719711e-13,-12.435464325586171
23.92578125,T4,4.384918056901518e-13,-12.358038518094524
24.169921875,T4,4.235848035279529e-13,-12.373059628976117
24.4140625,T4,3.643585197849583e-13,-12.438471070924876
24.658203125,T4,4.408816447041638e-13,-12.35567798184874
24.90234375,T4,4.1601230991154197e-13,-12.380893818297396
25.146484375,T4,4.1233351661889833e-13,-12.384751362043108
25.390625,T4,3.985036587543566e-13,-12.399567686891373
25.634765625,T4,4.208235193697913e-13,-12.37589999592875
25.87890625,T4,3.82148226611535e-13,-12.417768151451535
26.123046875,T4,3.799703332055488e-13,-12.42025031029921
26.3671875,T4,4.0054541887347097e-13,-12.3973482310211
26.611328125,T4,3.9643275774007013e-13,-12.401830466401801
26.85546875,T4,3.289961025188148e-13,-12.482809246927223
27.099609375,T4,3.851353357994563e-13,-12.414386633445046
27.34375,T4,3.033178057601424e-13,-12.51810209441602
27.587890625,T4,3.9228253976465974e-13,-12.406401021599276
27.83203125,T4,3.967268784008042e-13,-12.401508374908474
28.076171875,T4,3.395387502453055e-13,-12.469110654204226
28.3203125,T4,2.850772578744911e-13,-12.545037427283898
28.564453125,T4,2.9117953855874773e-13,-12.53583914654047
28.80859375,T4,2.548129902541891e-13,-12.593778435630615
29.052734375,T4,3.13511919763471e-13,-12.503745942587361
29.296875,T4,3.60145868605025e-13,-12.44352156284573
29.541015625,T4,2.859224370306205e-13,-12.5437517631581
29.78515625,T4,2.98618773805299e-13,-12.524882892177825
30.029296875,T4,2.4201849948579623e-13,-12.616151436013245
30.2734375,T4,2.528686748271458e-13,-12.597104967382872
30.517578125,T4,2.622855241133939e-13,-12.581225678037779
30.76171875,T4,2.7618580976475384e-13,-12.558798638933276
31.005859375,T4,3.1986978193292545e-13,-12.495026785735382
31.25,T4,2.28479211205484e-13,-12.64115330924608
31.494140625,T4,2.71444770817637e-13,-12.566318520289089
31.73828125,T4,2.767567438912196e-13,-12.557901787616146
31.982421875,T4,3.179957065178974e-13,-12.497578743689068
32.2265625,T4,3.6789764636185836e-13,-12.43427299057422
32.470703125,T4,3.150039367440325e-13,-12.501684018605554
32.71484375,T4,3.4630696787041114e-13,-12.460538770139172
32.958984375,T4,3.0475623323736226e-13,-12.516047402910871
33.203125,T4,3.1265258185676905e-13,-12.504937980603916
33.447265625,T4,3.224369883907424e-13,-12.491555143875088
33.69140625,T4,2.743641837790585e-13,-12.561672583207104
33.935546875,T4,2.973080930748481e-13,-12.526793268629204
34.1796875,T4,3.9438764950481836e-13,-12.404076693720405
34.423828125,T4,2.703830962089895e-13,-12.568020463072981
34.66796875,T4,2.793242482159036e-13,-12.553891361437355
34.912109375,T4,3.0590600428704873e-13,-12.514411998650687
35.15625,T4,2.318673044801384e-13,-12.6347604867434
35.400390625,T4,2.428718610930543e-13,-12.614622799233231
35.64453125,T4,2.3336125238983853e-13,-12.631971253133253
35.888671875,T4,2.740020737919176e-13,-12.56224615019794
36.1328125,T4,2.790677118422254e-13,-12.5542904085129
36.376953125,T4,2.270574551274981e-13,-12.643864234051142
36.62109375,T4,2.336838437664425e-13,-12.631371312450003
36.865234375,T4,2.852591937224074e-13,-12.544760349649216
37.109375,T4,3.767644980799098e-13,-12.4239300268303
37.353515625,T4,2.900636750622113e-13,-12.537506654885028
37.59765625,T4,2.424130444506372e-13,-12.615444014124128
37.841796875,T4,2.574615874268141e-13,-12.58928755735285
38.0859375,T4,2.8776426935890193e-13,-12.5409631318157
38.330078125,T4,2.4844365151004894e-13,-12.604772096319858
38.57421875,T4,2.5920396162407224e-13,-12.586358365076421
38.818359375,T4,2.5539758859802185e-13,-12.592783207556224
39.0625,T4,2.7707966429852973e-13,-12.557395347213141
39.306640625,T4,2.984401137847991e-13,-12.52514280310108
39.55078125,T4,3.381257376355619e-13,-12.470921770116588
39.794921875,T4,2.885286104364798e-13,-12.539811115823259
0.0,T5,4.097731523856695e-10,-9.387456499211329
0.244140625,T5,3.098128207202986e-09,-8.508900614165997
0.48828125,T5,1.727389231126306e-09,-8.762609792204408
0.732421875,T5,7.704162092614062e-10,-9.113274588398152
0.9765625,T5,4.672610625705963e-10,-9.330440407752251
1.220703125,T5,3.2263429931374447e-10,-9.491289464563716
1.46484375,T5,2.0257161921796738e-10,-9.693421400438785
1.708984375,T5,1.3915539472142994e-10,-9.856499952446477
1.953125,T5,1.1158517480495659e-10,-9.952393501886709
2.197265625,T5,9.505852912999772e-11,-10.022008909962022
2.44140625,T5,7.165342418218586e-11,-10.144763050655405
2.685546875,T5,5.2003882834029836e-11,-10.283964228856762
2.9296875,T5,4.6635615412520906e-11,-10.331282287830076
3.173828125,T5,3.6877626616028795e-11,-10.433237037204364
3.41796875,T5,3.4256308490034495e-11,-10.46525943905838
3.662109375,T5,2.9157673237736426e-11,-10.535247135372215
3.90625,T5,2.6301052610629396e-11,-10.580026869995413
4.150390625,T5,2.2682065826109303e-11,-10.644317393517126
4.39453125,T5,2.1383295636576612e-11,-10.669925359628724
4.638671875,T5,1.7982653217717778e-11,-10.745146230689299
4.8828125,T5,1.7800437129831777e-11,-10.749569332480837
5.126953125,T5,1.8362658521445027e-11,-10.736064442001323
5.37109375,T5,1.7515480789266705e-11,-10.756577937063977
5.615234375,T5,1.4973021014976667e-11,-10.824690565871572
5.859375,T5,1.456565883517515e-11,-10.83666986654542
6.103515625,T5,1.4214868220697865e-11,-10.847257162093063
6.34765625,T5,1.2970476416832712e-11,-10.887044071610477
6.591796875,T5,1.2548431592678249e-11,-10.901410552526478
6.8359375,T5,1.2507253555389e-11,-10.902838045757294
7.080078125,T5,1.4375583129095867e-11,-10.842374529621837
7.32421875,T5,1.3614814921508495e-11,-10.865988258041527
7.568359375,T5,1.2046574004862529e-11,-10.919136447059081
7.8125,T5,9.57856822149466e-12,-11.018699403236212
8.056640625,T5,8.45955880588833e-12,-11.07265228627121
8.30078125,T5,7.672400598711672e-12,-11.115068729446893
8.544921875,T5,5.622868581341814e-12,-11.250042066777818
8.7890625,T5,5.992939646797404e-12,-11.222360095938562
9.033203125,T5,5.019996520927275e-12,-11.299296583839565
9.27734375,T5,3.864262102809185e-12,-11.412933424196698
9.521484375,T5,3.898048310215586e-12,-11.409152782783806
9.765625,T5,3.3542645835618288e-12,-11.47440268333731
10.009765625,T5,3.3655866374033306e-12,-11.472939225293864
10.25390625,T5,3.308410991602136e-12,-11.480380544978681
10.498046875,T5,2.6848705723353774e-12,-11.571076645188024
10.7421875,T5,2.6673136499990044e-12,-11.573925912523608
10.986328125,T5,2.8914995981558417e-12,-11.538876863716158
11.23046875,T5,2.673182303598992e-12,-11.572971422557602
11.474609375,T5,2.24634379937708e-12,-11.648523774901845
11.71875,T5,2.251356513025446e-12,-11.647555726954225
11.962890625,T5,2.242378360805677e-12,-11.64929110621639
12.20703125,T5,2.2494105203914308e-12,-11.647931278014374
12.451171875,T5,1.7721125654528537e-12,-11.751508694975861
12.6953125,T5,1.707255425349466e-12,-11.767701498497921
12.939453125,T5,1.6419199108495833e-12,-11.784648030605355
13.18359375,T5,1.6252742588281025e-12,-11.789073342964805
13.427734375,T5,1.585499012094889e-12,-11.799834024240408
13.671875,T5,1.678833857854575e-12,-11.774992280745312
13.916015625,T5,1.543738606139237e-12,-11.811426234778683
14.16015625,T5,1.2088885408235774e-12,-11.917613739119975
14.404296875,T5,1.2394141274231612e-12,-11.90678355786606
14.6484375,T5,1.2807042337883202e-12,-11.892551154771022
14.892578125,T5,1.3212152322558136e-12,-11.879026427982051
15.13671875,T5,1.145213370987368e-12,-11.941113589997164
15.380859375,T5,1.0723759016700477e-12,-11.969652954004072
15.625,T5,1.1024267521305817e-12,-11.957650256465367
15.869140625,T5,1.0823131391791076e-12,-11.965647069227229
16.11328125,T5,1.082997968338663e-12,-11.96537235809318
16.357421875,T5,1.0340963479786789e-12,-11.98543899562687
16.6015625,T5,9.940998548888378e-13,-12.002569989597541
16.845703125,T5,9.015320459049509e-13,-12.045018831212982
17.08984375,T5,8.026919842082596e-13,-12.09545107392556
17.333984375,T5,9.387161178876612e-13,-12.02746572517284
17.578125,T5,8.885750832218245e-13,-12.051305869095359
17.822265625,T5,7.344004577533727e-13,-12.134067061110052
18.06640625,T5,7.710963666632726e-13,-12.112891343226833
18.310546875,T5,7.929792412147352e-13,-12.100738181590208
18.5546875,T5,8.008435517570615e-13,-12.096452316930513
18.798828125,T5,7.795858093018775e-13,-12.108136074887895
19.04296875,T5,8.513490502750775e-13,-12.069892344112471
19.287109375,T5,8.278653058175399e-13,-12.082040317440569
19.53125,T5,6.611409525736258e-13,-12.179705940818316
19.775390625,T5,6.413741164177406e-13,-12.19288857063734
20.01953125,T5,7.127426462765447e-13,-12.147067254829437
20.263671875,T5,7.045022956350816e-13,-12.152117587394903
20.5078125,T5,6.691220258109242e-13,-12.174494674005336
20.751953125,T5,6.440010958851802e-13,-12.191113393608385
20.99609375,T5,6.445255502355177e-13,-12.190759861698702
21.240234375,T5,5.787227056855918e-13,-12.237529478133231
21.484375,T5,5.781347349475879e-13,-12.237970936968267
21.728515625,T5,5.768668810790519e-13,-12.238924393920161
21.97265625,T5,5.292441667349978e-13,-12.276343920023265
22.216796875,T5,5.566412730875572e-13,-12.254424595325666
22.4609375,T5,4.983987936391941e-13,-12.302423017545667
22.705078125,T5,4.769399105570116e-13,-12.321536334078095
22.94921875,T5,4.4664945342445787e-13,-12.35003319313132
23.193359375,T5,5.243784763900045e-13,-12.280355142643451
23.4375,T5,4.563752054094971e-13,-12.340677958570968
23.681640625,T5,3.649377554131282e-13,-12.437781203449923
23.92578125,T5,3.9594019343998563e-13,-12.402370409075878
24.169921875,T5,4.202380597567655e-13,-12.376504617342192
24.4140625,T5,3.714101860107861e-13,-12.430146189805674
24.658203125,T5,4.0396328763482923e-13,-12.39365810197377
24.90234375,T5,3.7405877605895484e-13,-12.42706015150941
25.146484375,T5,4.006491328113506e-13,-12.39723579293456
25.390625,T5,3.679766338217807e-13,-12.434179757751604
25.634765625,T5,3.5532892867868514e-13,-12.449369433506776
25.87890625,T5,3.8955623465909414e-13,-12.409429840586295
26.123046875,T5,3.630084413118242e-13,-12.440083275866035
26.3671875,T5,3.6067848055491263e-13,-12.4428797685634
26.611328125,T5,3.236683934244303e-13,-12.489899707862014
26.85546875,T5,3.152848808813501e-13,-12.501296854837996
27.099609375,T5,2.917489628490984e-13,-12.53499067917193
27.34375,T5,2.9652609142760214e-13,-12.527937086905139
27.587890625,T5,2.905050533165727e-13,-12.536846308683582
27.83203125,T5,3.397982275718243e-13,-12.468778890793
28.076171875,T5,3.260593627307232e-13,-12.486703324596505
28.3203125,T5,2.818321573122234e-13,-12.550009454993628
28.564453125,T5,2.815400521790564e-13,-12.550459813235305
28.80859375,T5,2.9609629414974574e-13,-12.528567028073002
29.052734375,T5,3.0750241044268724e-13,-12.512151475537816
29.296875,T5,3.279403126921347e-13,-12.48420519356661
29.541015625,T5,2.9805552770373685e-13,-12.52570281938401
29.78515625,T5,2.6802826687345397e-13,-12.571819401867465
30.029296875,T5,2.2418241527117717e-13,-12.64939845619334
30.2734375,T5,2.402917433175315e-13,-12.619261151764725
30.517578125,T5,2.511708952752814e-13,-12.60003068640639
30.76171875,T5,2.661787129625906e-13,-12.57482667918644
31.005859375,T5,2.715255863965052e-13,-12.566189239713282
31.25,T5,2.2185139180018435e-13,-12.653937842362149
31.494140625,T5,1.973669433462901e-13,-12.704725584819814
31.73828125,T5,2.5469958158870494e-13,-12.593971768479125
31.982421875,T5,2.440889302569348e-13,-12.61245191594267
32.2265625,T5,2.666263974606743e-13,-12.57409685528234
32.470703125,T5,2.732128086391346e-13,-12.563498944116052
32.71484375,T5,2.405897634819992e-13,-12.618722854792752
32.958984375,T5,1.889766758690293e-13,-12.7235917945911
33.203125,T5,2.147662421033273e-13,-12.668033981912961
33.447265625,T5,2.380970214765856e-13,-12.623246037456834
33.69140625,T5,2.1343323465913203e-13,-12.67073795367796
33.935546875,T5,2.1204245268985395e-13,-12.673577180942928
34.1796875,T5,2.549597115491176e-13,-12.593528440876877
34.423828125,T5,2.2117246885940846e-13,-12.655268934178268
34.66796875,T5,2.477374688014665e-13,-12.60600830401933
34.912109375,T5,2.31624961415282e-13,-12.635214640018999
35.15625,T5,2.0525521621365979e-13,-12.687705797209626
35.400390625,T5,2.3523469496801823e-13,-12.628498623404056
35.64453125,T5,1.9760906346363405e-13,-12.704193140102776
35.888671875,T5,2.299148213791683e-13,-12.638433031185231
36.1328125,T5,2.3546069916525974e-13,-12.628081570743184
36.376953125,T5,2.045591821494275e-13,-12.689181021336339
36.62109375,T5,2.0898963857446146e-13,-12.679875245092218
36.865234375,T5,2.0784499655850995e-13,-12.682260425779774
37.109375,T5,2.480647627527309e-13,-12.60543492226106
37.353515625,T5,2.1175308832825167e-13,-12.674170246951743
37.59765625,T5,1.8243070128530338e-13,-12.738902072384839
37.841796875,T5,1.6174658752398464e-13,-12.79116487316397
38.0859375,T5,1.765797785457869e-13,-12.753059032178673
38.330078125,T5,1.8479133505725172e-13,-12.733318396887816
38.57421875,T5,1.7179163526825687e-13,-12.764997986286376
38.818359375,T5,2.000938777004357e-13,-12.698766199327777
39.0625,T5,1.9671474302248368e-13,-12.706163090139778
39.306640625,T5,1.8696775397592697e-13,-12.728233289067221
39.55078125,T5,2.1698730863162578e-13,-12.663565666853955
39.794921875,T5,2.1125534530068977e-13,-12.6751922934778
0.0,T6,3.851119000698699e-10,-9.414413061343954
0.244140625,T6,2.6975667095618373e-09,-8.569027806613034
0.48828125,T6,1.5520596496659135e-09,-8.80909159169707
0.732421875,T6,6.800433820069201e-10,-9.167463381462502
0.9765625,T6,4.4482469752841687e-10,-9.35181110788612
1.220703125,T6,3.12406909586355e-10,-9.50527936928244
1.46484375,T6,1.9493421520339655e-10,-9.71011192604464
1.708984375,T6,1.4110385816936823e-10,-9.850461111272164
1.953125,T6,1.074137929348692e-10,-9.968939947585366
2.197265625,T6,9.272487025660104e-11,-10.032803765676695
2.44140625,T6,7.095811397470419e-11,-10.14899793631703
2.685546875,T6,5.1001600498703796e-11,-10.292416194944243
2.9296875,T6,4.6940492138189706e-11,-10.328452361440032
3.173828125,T6,3.64081906325024e-11,-10.438800903539152
3.41796875,T6,3.1082197225791484e-11,-10.507488288155942
3.662109375,T6,2.492718396626197e-11,-10.603326781142894
3.90625,T6,2.5007262575693785e-11,-10.601933845787977
4.150390625,T6,2.184365340044045e-11,-10.660674723157843
4.39453125,T6,1.9724737477615512e-11,-10.704988768234216
4.638671875,T6,1.7201381205507752e-11,-10.7644366794967
4.8828125,T6,1.4722643859585254e-11,-10.832014193359539
5.126953125,T6,1.427850081866016e-11,-10.845317389223899
5.37109375,T6,1.6628467226261898e-11,-10.779147781198745
5.615234375,T6,1.5702184238647305e-11,-10.804039931233357
5.859375,T6,1.1714338409960634e-11,-10.93128223399974
6.103515625,T6,1.3942565417590198e-11,-10.855657309150779
6.34765625,T6,1.2320638454106638e-11,-10.90936678649699
6.591796875,T6,1.2653063762302876e-11,-10.897804303424216
6.8359375,T6,1.2968918095651003e-11,-10.887096252496253
7.080078125,T6,1.5413566961448727e-11,-10.812096846523948
7.32421875,T6,1.266687013925788e-11,-10.897330681814918
7.568359375,T6,1.204640045867219e-11,-10.91914270366745
7.8125,T6,9.998095950754544e-12,-11.00008269968152
8.056640625,T6,8.11313640589473e-12,-11.090811222181967
8.30078125,T6,6.427770818920342e-12,-11.19193961632883
8.544921875,T6,5.381288072784351e-12,-11.26911375854412
8.7890625,T6,5.464323622950879e-12,-11.262463587602557
9.033203125,T6,4.765721867780258e-12,-11.321871307103486
9.27734375,T6,3.725469329697878e-12,-11.428819007624817
9.521484375,T6,4.050944795971576e-12,-11.392443675100361
9.765625,T6,3.6953993912568094e-12,-11.432338617067431
10.009765625,T6,3.4297896715906352e-12,-11.464732511813883
10.25390625,T6,3.1551369566057098e-12,-11.500981784373199
10.498046875,T6,2.8818791201513727e-12,-11.540324239535984
10.7421875,T6,2.7115637219701254e-12,-11.566780185152616
10.986328125,T6,2.650146503056986e-12,-11.576730117115813
11.23046875,T6,2.551670951627534e-12,-11.593175330384286
11.474609375,T6,2.421219151575591e-12,-11.6159658995246
11.71875,T6,2.0367898584937496e-12,-11.691053776107529
11.962890625,T6,2.132626487342517e-12,-11.671085201133097
12.20703125,T6,2.098435979673441e-12,-11.678104275963415
12.451171875,T6,1.825523679223715e-12,-11.738612529359283
12.6953125,T6,1.8206931004610108e-12,-11.739763253551054
12.939453125,T6,1.855000738485644e-12,-11.731655913153961
13.18359375,T6,1.735949393148311e-12,-11.760462939641549
13.427734375,T6,1.647647008632694e-12,-11.78313582578424
13.671875,T6,1.7388169505678101e-12,-11.759746134813048
13.916015625,T6,1.5873707992848977e-12,-11.799321613085493
14.16015625,T6,1.388671030571523e-12,-11.85740062433346
14.404296875,T6,1.330126439940116e-12,-11.87610707365076
14.6484375,T6,1.3686830436001564e-12,-11.86369711311717
14.892578125,T6,1.2117639601857572e-12,-11.916581968265639
15.13671875,T6,1.0792570543599502e-12,-11.96687510397854
15.380859375,T6,1.094630597779411e-12,-11.960732416360669
15.625,T6,1.163826210893637e-12,-11.934111866150781
15.869140625,T6,1.0111109932166814e-12,-11.995201167756488
16.11328125,T6,1.0095254234206612e-12,-11.99588273951155
16.357421875,T6,1.0871295713496717e-12,-11.963718690717203
16.6015625,T6,1.0340278340422889e-12,-11.985467770711827
16.845703125,T6,9.426007243415992e-13,-12.025672230842627
17.08984375,T6,7.551401086412839e-13,-12.121972461927735
17.333984375,T6,8.327875301943945e-13,-12.079465786389344
17.578125,T6,8.711197960676493e-13,-12.059922116871075
17.822265625,T6,8.234437462743659e-13,-12.084366064395992
18.06640625,T6,7.320485337476022e-13,-12.135460124897843
18.310546875,T6,7.637374603875589e-13,-12.117055907262248
18.5546875,T6,7.467654720154143e-13,-12.126815770610262
18.798828125,T6,7.617414908081178e-13,-12.118192388455101
19.04296875,T6,7.86210773825716e-13,-12.104461009128245
19.287109375,T6,7.226286828003307e-13,-12.141084804275488
19.53125,T6,6.75434441255494e-13,-12.170416797911669
19.775390625,T6,6.85827889892035e-13,-12.163784857833022
20.01953125,T6,6.996352675988309e-13,-12.155128306486795
20.263671875,T6,7.439392604686627e-13,-12.12846252133601
20.5078125,T6,6.757317162241003e-13,-12.170225696499244
20.751953125,T6,5.442510098848201e-13,-12.264200756431107
20.99609375,T6,5.80006617264168e-13,-12.236567051566512
21.240234375,T6,5.212731450481252e-13,-12.282934648481444
21.484375,T6,5.40919214122313e-13,-12.266867591604546
21.728515625,T6,5.727766267057068e-13,-12.242014712592391
21.97265625,T6,5.590916954640226e-13,-12.252516958538921
22.216796875,T6,5.921143840506997e-13,-12.227594388608983
22.4609375,T6,4.853210381374013e-13,-12.313970882084785
22.705078125,T6,4.939419957655166e-13,-12.306324047833451
22.94921875,T6,4.518912171717668e-13,-12.3449660994099
23.193359375,T6,5.397834986693743e-13,-12.267780396078823
23.4375,T6,4.998499909606628e-13,-12.301160311409538
23.681640625,T6,4.737224487135829e-13,-12.324476034479494
23.92578125,T6,4.482261337412039e-13,-12.348502825603909
24.169921875,T6,4.778142105642143e-13,-12.320740938140247
24.4140625,T6,4.0084115137797546e-13,-12.397027699069547
24.658203125,T6,4.4909872607258325e-13,-12.347658176868775
24.90234375,T6,4.1735593205756317e-13,-12.379493409306486
25.146484375,T6,4.5074124766740027e-13,-12.346072697498862
25.390625,T6,4.645464483342995e-13,-12.332970855950704
25.634765625,T6,4.4658131807331204e-13,-12.350099448813562
25.87890625,T6,4.371824582153348e-13,-12.359337272278422
26.123046875,T6,4.377348130526538e-13,-12.358788912570258
26.3671875,T6,4.4403990905025925e-13,-12.35257799497233
26.611328125,T6,3.7823784170938827e-13,-12.422235023287293
26.85546875,T6,3.650925982287492e-13,-12.437596971709258
27.099609375,T6,3.00221758764124e-13,-12.522557835181534
27.34375,T6,3.216140885471627e-13,-12.492664934910295
27.587890625,T6,3.798653563127856e-13,-12.420370312257983
27.83203125,T6,4.0315726993240724e-13,-12.394525504379917
28.076171875,T6,3.6723373373959173e-13,-12.435057431762589
28.3203125,T6,2.987432109961607e-13,-12.524701955367343
28.564453125,T6,2.841399805639001e-13,-12.546467653582049
28.80859375,T6,2.879194932364832e-13,-12.540728930750785
29.052734375,T6,3.2456965906907293e-13,-12.488692080673527
29.296875,T6,3.352221829382224e-13,-12.474667250158413
29.541015625,T6,3.2306592258240924e-13,-12.490708849518512
29.78515625,T6,3.506085445068647e-13,-12.455177504137934
30.029296875,T6,2.916665596739622e-13,-12.535113361010549
30.2734375,T6,3.229684293561767e-13,-12.490839928524977
30.517578125,T6,2.994848480263329e-13,-12.523625145177888
30.76171875,T6,2.697568146865075e-13,-12.569027575214605
31.005859375,T6,2.985680076433439e-13,-12.524956729927561
31.25,T6,2.849907018071092e-13,-12.545169309183555
31.494140625,T6,2.78005749253517e-13,-12.55594622263135
31.73828125,T6,2.880447958070088e-13,-12.540539966897153
31.982421875,T6,2.7584557048168625e-13,-12.55933398553552
32.2265625,T6,3.433931328295151e-13,-12.4642083941025
32.470703125,T6,3.444344238520593e-13,-12.462893450302323
32.71484375,T6,3.3536244245261946e-13,-12.47448557604386
32.958984375,T6,2.8403541827081055e-13,-12.546627501500526
33.203125,T6,2.9119325144457184e-13,-12.535818694243428
33.447265625,T6,3.195087188836612e-13,-12.495517286139705
33.69140625,T6,2.676871669589894e-13,-12.57237244858329
33.935546875,T6,2.989326913095231e-13,-12.52442658787482
34.1796875,T6,3.338460449067969e-13,-12.476453764511607
34.423828125,T6,2.803509831276773e-13,-12.552297916590003
34.66796875,T6,2.933412272123632e-13,-12.532626895449123
34.912109375,T6,2.8675805455019066e-13,-12.542484374655729
35.15625,T6,2.382716990877967e-13,-12.622927538265824
35.400390625,T6,2.666528929076043e-13,-12.574053700310397
35.64453125,T6,2.180621863002054e-13,-12.661419637974511
35.888671875,T6,2.7673721638184093e-13,-12.55793243181529
36.1328125,T6,3.0512889878789965e-13,-12.515516658336727
36.376953125,T6,2.564389108941864e-13,-12.59101607624958
36.62109375,T6,2.2889042122109014e-13,-12.64037238162807
36.865234375,T6,2.761806047292081e-13,-12.558806823783609
37.109375,T6,3.154404169989573e-13,-12.501082661815424
37.353515625,T6,2.68827305557033e-13,-12.570526620847135
37.59765625,T6,2.956891326554835e-13,-12.5291646366321
37.841796875,T6,2.810083574721576e-13,-12.551280763546641
38.0859375,T6,3.384401116227063e-13,-12.470518170384658
38.330078125,T6,3.2894689633552284e-13,-12.482874206882588
38.57421875,T6,2.416753790005145e-13,-12.616767591664615
38.818359375,T6,2.5307526545966845e-13,-12.59675029893224
39.0625,T6,2.902743060756294e-13,-12.537191404483245
39.306640625,T6,2.881475899208124e-13,-12.540385008525691
39.55078125,T6,2.943209033403143e-13,-12.531178892222622
39.794921875,T6,2.6396292007131893e-13,-12.578457075931047
0.0,Fz,3.906987706896419e-10,-9.408157955254726
0.244140625,Fz,2.987418708404103e-09,-8.524703903607609
0.48828125,Fz,1.7576938340862495e-09,-8.755056770756358
0.732421875,Fz,7.440024641272382e-10,-9.128425626073623
0.9765625,Fz,3.8828995363491305e-10,-9.410843845965319
1.220703125,Fz,2.809059980012552e-10,-9.551438987494624
1.46484375,Fz,1.9702940894931694e-10,-9.705468945456868
1.708984375,Fz,1.4782661297905604e-10,-9.83024737358993
1.953125,Fz,1.1227586879134087e-10,-9.94971357567896
2.197265625,Fz,9.373289337872271e-11,-10.028107976817553
2.44140625,Fz,7.424865520285305e-11,-10.129311407913367
2.685546875,Fz,5.792804846425185e-11,-10.237111102184231
2.9296875,Fz,4.929031281210498e-11,-10.307238425664712
3.173828125,Fz,4.2831733421634594e-11,-10.368234349133267
3.41796875,Fz,3.48863756374747e-11,-10.457344147273192
3.662109375,Fz,3.134654007368168e-11,-10.503810388161247
3.90625,Fz,2.633981663888605e-11,-10.579387252646717
4.150390625,Fz,2.3867642992338983e-11,-10.622190466873555
4.39453125,Fz,2.0986799704350182e-11,-10.678053782318367
4.638671875,Fz,2.0334678544566923e-11,-10.691762688635555
4.8828125,Fz,1.7148062049521875e-11,-10.765784953682736
5.126953125,Fz,1.7151768417647462e-11,-10.765691095770952
5.37109375,Fz,1.657366427513959e-11,-10.78058146270066
5.615234375,Fz,1.4066911262676887e-11,-10.851801252162682
5.859375,Fz,1.1231454859891829e-11,-10.949563984014691
6.103515625,Fz,1.0109281676563556e-11,-10.995279702469121
6.34765625,Fz,1.0407132903224326e-11,-10.982668899289685
6.591796875,Fz,9.201747505587536e-12,-11.036129687875668
6.8359375,Fz,9.803058109994774e-12,-11.008638422968978
7.080078125,Fz,8.904419210437675e-12,-11.05039440207697
7.32421875,Fz,9.116933320325831e-12,-11.040151221543539
7.568359375,Fz,7.186007949488742e-12,-11.1435123066948
7.8125,Fz,6.2017029011922736e-12,-11.207489042913807
8.056640625,Fz,5.419718275702863e-12,-11.266023288090322
8.30078125,Fz,5.0289897120500895e-12,-11.298519252826964
8.544921875,Fz,4.698964439209472e-12,-11.327997841615383
8.7890625,Fz,4.328454295711378e-12,-11.363667163851934
9.033203125,Fz,3.954304228304541e-12,-11.402929920861698
9.27734375,Fz,3.133321497582912e-12,-11.503995041612773
9.521484375,Fz,3.379365375910736e-12,-11.4711648499051
9.765625,Fz,3.4162687842749133e-12,-11.46644796733455
10.009765625,Fz,2.936500337019884e-12,-11.532169944977378
10.25390625,Fz,2.8764289886351744e-12,-11.541146343079319
10.498046875,Fz,2.823048719419777e-12,-11.54928162685039
10.7421875,Fz,2.5660835477472204e-12,-11.59072920776822
10.986328125,Fz,2.780762270798542e-12,-11.555836137670711
11.23046875,Fz,2.604536302979226e-12,-11.584269584833827
11.474609375,Fz,2.197077821883188e-12,-11.658154559822382
11.71875,Fz,2.167690278431156e-12,-11.66400277009366
11.962890625,Fz,2.1528192737535908e-12,-11.666992427076632
12.20703125,Fz,1.991675061310889e-12,-11.700781514602426
12.451171875,Fz,1.810975398182061e-12,-11.742087449468574
12.6953125,Fz,1.869548744456913e-12,-11.728263207068903
12.939453125,Fz,1.90926538877956e-12,-11.719133700274867
13.18359375,Fz,1.6546081677300309e-12,-11.781304836172474
13.427734375,Fz,1.6954571276955905e-12,-11.77071318756719
13.671875,Fz,1.745402109872963e-12,-11.758104503386123
13.916015625,Fz,1.584211433302184e-12,-11.800186856718375
14.16015625,Fz,1.341963588688855e-12,-11.872259267658857
14.404296875,Fz,1.3987021846504417e-12,-11.854274746788818
14.6484375,Fz,1.464974116240977e-12,-11.834170048533776
14.892578125,Fz,1.286428251476742e-12,-11.89061443087351
15.13671875,Fz,1.0560809863071929e-12,-11.976302776349842
15.380859375,Fz,1.261458122522606e-12,-11.899127162474374
15.625,Fz,1.152305580034592e-12,-11.938432335040993
15.869140625,Fz,1.0530869736663433e-12,-11.977535759276495
16.11328125,Fz,1.2419036032313433e-12,-11.905912112862682
16.357421875,Fz,1.0999517486971002e-12,-11.958626365509236
16.6015625,Fz,9.492303502336615e-13,-12.02262838431028
16.845703125,Fz,8.934890643765729e-13,-12.04891075855842
17.08984375,Fz,8.069093292035502e-13,-12.093175263343468
17.333984375,Fz,9.29661103709939e-13,-12.031675339200802
17.578125,Fz,9.706207322712364e-13,-12.01295043647547
17.822265625,Fz,8.763916374392116e-13,-12.057301775145257
18.06640625,Fz,8.08991067336744e-13,-12.092056273724907
18.310546875,Fz,7.427186388020734e-13,-12.129175677165163
18.5546875,Fz,6.992011759708229e-13,-12.155397849942862
18.798828125,Fz,7.193139719801874e-13,-12.143081503865814
19.04296875,Fz,8.126454875964492e-13,-12.090098871821038
19.287109375,Fz,8.174189630255336e-13,-12.087555291457038
19.53125,Fz,6.765283736052878e-13,-12.169713984370421
19.775390625,Fz,6.743543303326777e-13,-12.171111849350263
20.01953125,Fz,6.728312578249223e-13,-12.172093840656125
20.263671875,Fz,6.329065381617696e-13,-12.198660417877496
20.5078125,Fz,5.646361565510608e-13,-12.248231315193987
20.751953125,Fz,6.004440269546234e-13,-12.221527471054968
20.99609375,Fz,5.618498703039412e-13,-12.250379715051539
21.240234375,Fz,5.015394578604745e-13,-12.299694893836053
21.484375,Fz,4.72546440751032e-13,-12.32555550361864
21.728515625,Fz,4.540760908907467e-13,-12.342871365017293
21.97265625,Fz,4.618377025714789e-13,-12.335510615917816
22.216796875,Fz,5.513288159551209e-13,-12.258589307932036
22.4609375,Fz,4.612181300786503e-13,-12.33609362930805
22.705078125,Fz,4.19824904509445e-13,-12.376931802127572
22.94921875,Fz,3.8251643045391043e-13,-12.417349905602611
23.193359375,Fz,4.287275331181323e-13,-12.367818624963107
23.4375,Fz,4.17810738987442e-13,-12.379020401543244
23.681640625,Fz,3.6801511899904477e-13,-12.434134339035777
23.92578125,Fz,3.948987820618753e-13,-12.403514205702864
24.169921875,Fz,3.916616511086572e-13,-12.407088949583688
24.4140625,Fz,3.4095328391439525e-13,-12.467305122262808
24.658203125,Fz,3.923424237130202e-13,-12.406334729371553
24.90234375,Fz,3.90018384362461e-13,-12.408914921078654
25.146484375,Fz,4.0310293279740213e-13,-12.394584042102233
25.390625,Fz,3.1567817086743553e-13,-12.5007554485151
25.634765625,Fz,3.445764407679851e-13,-12.46271441926823
25.87890625,Fz,3.4731518165946533e-13,-12.459276232621203
26.123046875,Fz,3.112818256802332e-13,-12.506846235042511
26.3671875,Fz,3.2998344643953454e-13,-12.481507845880547
26.611328125,Fz,2.619205896117706e-13,-12.58183036028686
26.85546875,Fz,2.554142667458905e-13,-12.592754847887143
27.099609375,Fz,2.908078026046373e-13,-12.53639394519031
27.34375,Fz,2.709121002551988e-13,-12.567171596824705
27.587890625,Fz,2.820765004069079e-13,-12.54963309310274
27.83203125,Fz,2.602554160289088e-13,-12.584600223865479
28.076171875,Fz,2.755905392266408e-13,-12.559735695444342
28.3203125,Fz,2.5168461977168563e-13,-12.59914332299901
28.564453125,Fz,2.316212247724612e-13,-12.635221646243362
28.80859375,Fz,2.277973271136199e-13,-12.642451376071739
29.052734375,Fz,2.41294166505482e-13,-12.617453177407846
29.296875,Fz,2.5590892765140043e-13,-12.591914563029938
29.541015625,Fz,2.0651924711261031e-13,-12.685039466887622
29.78515625,Fz,2.0360570149938787e-13,-12.69121006476822
30.029296875,Fz,1.847088531320381e-13,-12.733512288240064
30.2734375,Fz,1.780497495087997e-13,-12.749458632981149
30.517578125,Fz,2.07217742224496e-13,-12.683573062535322
30.76171875,Fz,2.1640783725658062e-13,-12.664727015212174
31.005859375,Fz,2.258921534154986e-13,-12.646098854460494
31.25,Fz,1.893131967615741e-13,-12.72281911091224
31.494140625,Fz,1.7918399857014295e-13,-12.746700776163703
31.73828125,Fz,1.9235177416474832e-13,-12.715903803605116
31.982421875,Fz,2.1715558933720763e-13,-12.663228987913232
32.2265625,Fz,2.275556063926609e-13,-12.642912460111877
32.470703125,Fz,2.232903949774667e-13,-12.651129958066052
32.71484375,Fz,1.980454338215145e-13,-12.703235166332046
32.958984375,Fz,1.6956465808443032e-13,-12.770664661503572
33.203125,Fz,1.704803723879721e-13,-12.76832561464378
33.447265625,Fz,1.6404015354005505e-13,-12.785049832888774
33.69140625,Fz,1.8018904770926124e-13,-12.74427160993845
33.935546875,Fz,1.9713077683857755e-13,-12.705245566650452
34.1796875,Fz,2.066355211678148e-13,-12.684795020080886
34.423828125,Fz,1.6066933383138174e-13,-12.794067006987222
34.66796875,Fz,1.594894846764223e-13,-12.797267945193303
34.912109375,Fz,1.7899410093372757e-13,-12.747161281724836
35.15625,Fz,1.558401043075213e-13,-12.807320769781645
35.400390625,Fz,1.4310256564433086e-13,-12.844352579830812
35.64453125,Fz,1.3225677815221468e-13,-12.878582061155383
35.888671875,Fz,1.4855910223506197e-13,-12.828100733767043
36.1328125,Fz,1.4511102383510958e-13,-12.838299593703544
36.376953125,Fz,1.472383619476293e-13,-12.831979022800098
36.62109375,Fz,1.616187644508626e-13,-12.791508217668069
36.865234375,Fz,1.6372059920043757e-13,-12.785896674551033
37.109375,Fz,1.7002621254252964e-13,-12.769484119298122
37.353515625,Fz,1.3840261909305142e-13,-12.858855691332316
37.59765625,Fz,1.3844428889173677e-13,-12.858724955078843
37.841796875,Fz,1.3654227642363621e-13,-12.864732860895632
38.0859375,Fz,1.500322127331769e-13,-12.823815485542227
38.330078125,Fz,1.3837829491179414e-13,-12.858932025047464
38.57421875,Fz,1.2553302505403882e-13,-12.901242005561807
38.818359375,Fz,1.3084889813459204e-13,-12.883229930158844
39.0625,Fz,1.2631959806674293e-13,-12.898529264868614
39.306640625,Fz,1.328124556250351e-13,-12.876761193374954
39.55078125,Fz,1.5379087542462362e-13,-12.813069430921392
39.794921875,Fz,1.307136562232717e-13,-12.883679037418764
0.0,Cz,3.607674710990663e-10,-9.442772627890214
0.244140625,Cz,2.6947823504296757e-09,-8.569476305736794
0.48828125,Cz,1.5352100695000055e-09,-8.813832189709567
0.732421875,Cz,6.397385196547095e-10,-9.193997498946594
0.9765625,Cz,3.5940809664844285e-10,-9.444412143448156
1.220703125,Cz,2.5181733795407996e-10,-9.598914371453887
1.46484375,Cz,1.6451848460933786e-10,-9.783785299459687
1.708984375,Cz,1.157948321671972e-10,-9.936310822399179
1.953125,Cz,9.717772145313675e-11,-10.012433288149433
2.197265625,Cz,8.214339680057428e-11,-10.08542734212951
2.44140625,Cz,6.281358879059368e-11,-10.201946392912971
2.685546875,Cz,4.4976346546503535e-11,-10.347015825448517
2.9296875,Cz,3.856841662941863e-11,-10.413768190100027
3.173828125,Cz,3.2762002563402154e-11,-10.484629560035716
3.41796875,Cz,2.7303718275194737e-11,-10.56377820583693
3.662109375,Cz,2.4612785194627858e-11,-10.608839238543595
3.90625,Cz,2.134674133858676e-11,-10.670668412286917
4.150390625,Cz,1.8834695771594315e-11,-10.725041390368327
4.39453125,Cz,1.659891212180033e-11,-10.779920374308201
4.638671875,Cz,1.5207928436281742e-11,-10.817929939790764
4.8828125,Cz,1.2298270573084839e-11,-10.910155956314542
5.126953125,Cz,1.3511464449546396e-11,-10.86929757711498
5.37109375,Cz,1.3149930556159086e-11,-10.881076540646204
5.615234375,Cz,1.0611254144649109e-11,-10.974233283778945
5.859375,Cz,9.114245247463058e-12,-11.040279289536002
6.103515625,Cz,8.346572699926668e-12,-11.078491819494335
6.34765625,Cz,7.449701521305534e-12,-11.12786112728483
6.591796875,Cz,6.715967034559162e-12,-11.172891444270764
6.8359375,Cz,7.262666877310619e-12,-11.138903875522436
7.080078125,Cz,7.137207738677254e-12,-11.146471662294745
7.32421875,Cz,7.087975793033532e-12,-11.149477774327822
7.568359375,Cz,5.908636609875833e-12,-11.228512718969164
7.8125,Cz,5.561125962759513e-12,-11.254837267787364
8.056640625,Cz,4.92957729939531e-12,-11.307190318939917
8.30078125,Cz,4.197042139223591e-12,-11.37705667035477
8.544921875,Cz,3.823311026962464e-12,-11.417560370618405
8.7890625,Cz,3.9841148867812896e-12,-11.399668146660044
9.033203125,Cz,3.505990450061397e-12,-11.455189271211786
9.27734375,Cz,2.9724681538354575e-12,-11.526882789589882
9.521484375,Cz,3.186018530754223e-12,-11.496751702552181
9.765625,Cz,3.1171673416835005e-12,-11.50623988247807
10.009765625,Cz,2.545053609928893e-12,-11.594303065094973
10.25390625,Cz,2.3896859611913625e-12,-11.621659167789431
10.498046875,Cz,2.5766314980669118e-12,-11.588947688472635
10.7421875,Cz,2.3865331038479203e-12,-11.622232537112206
10.986328125,Cz,2.609790582086635e-12,-11.583394340436856
11.23046875,Cz,2.365163592278924e-12,-11.626138814855604
11.474609375,Cz,2.089718106068764e-12,-11.679912294384518
11.71875,Cz,1.9843333312255755e-12,-11.702385372629216
11.962890625,Cz,1.907187452027348e-12,-11.719606619287388
12.20703125,Cz,1.9515653926136597e-12,-11.709616891897229
12.451171875,Cz,1.747777928934913e-12,-11.757513749255939
12.6953125,Cz,1.6426355245859553e-12,-11.78445878910348
12.939453125,Cz,1.6682987677240545e-12,-11.777726170991569
13.18359375,Cz,1.5013568557961797e-12,-11.823516068527491
13.427734375,Cz,1.4782807079781373e-12,-11.830243090737827
13.671875,Cz,1.5547225733756973e-12,-11.808347095769724
13.916015625,Cz,1.3770381150915626e-12,-11.86105403872285
14.16015625,Cz,1.2375640961743185e-12,-11.907432298742721
14.404296875,Cz,1.4172659915726857e-12,-11.848548633992952
14.6484375,Cz,1.4072305560886626e-12,-11.851634743336966
14.892578125,Cz,1.2477944568911377e-12,-11.903856947978728
15.13671875,Cz,1.0904183418342614e-12,-11.962406851881369
15.380859375,Cz,1.2342419008792028e-12,-11.908599713948425
15.625,Cz,1.0979827503911988e-12,-11.959404482717224
15.869140625,Cz,9.86413586091357e-13,-12.005940954737676
16.11328125,Cz,1.0722786147741553e-12,-11.969692355373152
16.357421875,Cz,9.866274934879786e-13,-12.005846786599651
16.6015625,Cz,8.656721370193709e-13,-12.062646560689336
16.845703125,Cz,8.519111307592616e-13,-12.069605707385744
17.08984375,Cz,7.346581977030277e-13,-12.133914670953766
17.333984375,Cz,8.68564755119707e-13,-12.061197797547566
17.578125,Cz,7.80407147330587e-13,-12.107678761789026
17.822265625,Cz,7.856569330911681e-13,-12.10476705267601
18.06640625,Cz,7.445864503414471e-13,-12.128084871146747
18.310546875,Cz,6.545697818059759e-13,-12.184044047756762
18.5546875,Cz,6.287934888619586e-13,-12.201491964051923
18.798828125,Cz,6.827132427005719e-13,-12.165761672985433
19.04296875,Cz,7.813299954951685e-13,-12.107165502673686
19.287109375,Cz,7.294687027963681e-13,-12.136993336387956
19.53125,Cz,6.15546053996947e-13,-12.210739448421526
19.775390625,Cz,6.101537529628002e-13,-12.214560713104973
20.01953125,Cz,5.686681126932079e-13,-12.24514112354956
20.263671875,Cz,5.572944641885994e-13,-12.253915270929598
20.5078125,Cz,5.562761222591568e-13,-12.254709581428301
20.751953125,Cz,6.040148912171332e-13,-12.218952354270078
20.99609375,Cz,5.544332977226847e-13,-12.256150695093636
21.240234375,Cz,4.816500468962999e-13,-12.317268393092332
21.484375,Cz,5.206609027177353e-13,-12.283445032985815
21.728515625,Cz,4.984008491914029e-13,-12.302421226383345
21.97265625,Cz,5.430061757334229e-13,-12.265195231052598
22.216796875,Cz,5.522924343957549e-13,-12.257830905939242
22.4609375,Cz,4.279703161959172e-13,-12.368586352387247
22.705078125,Cz,4.069635794576575e-13,-12.390444455512656
22.94921875,Cz,4.009928472406972e-13,-12.396863374092039
23.193359375,Cz,4.352747522155574e-13,-12.36123652303664
23.4375,Cz,4.061233567433636e-13,-12.39134203288607
23.681640625,Cz,3.933657218894786e-13,-12.405203487433592
23.92578125,Cz,3.9694924946442076e-13,-12.401265014865253
24.169921875,Cz,4.020374196382083e-13,-12.395733523069566
24.4140625,Cz,3.861564724532799e-13,-12.413236681459596
24.658203125,Cz,3.753394556975969e-13,-12.425575780135071
24.90234375,Cz,3.7253811191761165e-13,-12.428829290838287
25.146484375,Cz,4.01774593388542e-13,-12.396017529758064
25.390625,Cz,3.2559689097830494e-13,-12.487319750703637
25.634765625,Cz,3.3050169809219135e-13,-12.480826304801113
25.87890625,Cz,3.731947513451047e-13,-12.428064472851283
26.123046875,Cz,3.156772103305361e-13,-12.500756769976475
26.3671875,Cz,3.1421997288908146e-13,-12.502766213185824
26.611328125,Cz,2.985378794193552e-13,-12.525000556396945
26.85546875,Cz,2.68889535285094e-13,-12.5704260994367
27.099609375,Cz,2.982510238750123e-13,-12.525418056752324
27.34375,Cz,2.64293812619984e-13,-12.5779130040134
27.587890625,Cz,2.705980819849627e-13,-12.567675286032184
27.83203125,Cz,2.825175222439406e-13,-12.548954611285739
28.076171875,Cz,2.576403135481967e-13,-12.58898618097953
28.3203125,Cz,2.361960690706789e-13,-12.626727334474912
28.564453125,Cz,2.448543552718625e-13,-12.611092166696958
28.80859375,Cz,2.307940321837329e-13,-12.636775425252798
29.052734375,Cz,2.214454152437525e-13,-12.654733306821765
29.296875,Cz,2.300667396193859e-13,-12.638146162052118
29.541015625,Cz,2.1149726834460529e-13,-12.674695237511282
29.78515625,Cz,1.7628484476115338e-13,-12.75378502246821
30.029296875,Cz,1.804045276810927e-13,-12.743752567003394
30.2734375,Cz,1.8387789876251972e-13,-12.735470467729304
30.517578125,Cz,1.8734641515911938e-13,-12.727354612639616
30.76171875,Cz,1.9304270143446545e-13,-12.714346613551236
31.005859375,Cz,2.1780009475954894e-13,-12.661941935629187
31.25,Cz,1.801149575146101e-13,-12.74445022001598
31.494140625,Cz,1.603927431278608e-13,-12.794815284997126
31.73828125,Cz,1.8452064487096933e-13,-12.733955036269418
31.982421875,Cz,1.939213039190988e-13,-12.712374477325248
32.2265625,Cz,2.0407794814760306e-13,-12.6902039208852
32.470703125,Cz,2.1257270190598462e-13,-12.67249250732348
32.71484375,Cz,1.9793174111904606e-13,-12.703484555023094
32.958984375,Cz,1.5427670768828174e-13,-12.811699637683027
33.203125,Cz,1.634003666518662e-13,-12.786746973295013
33.447265625,Cz,1.6113789363583388e-13,-12.792802317670455
33.69140625,Cz,1.6808901898794133e-13,-12.774460657463058
33.935546875,Cz,1.8471040544735805e-13,-12.73350863839257
34.1796875,Cz,1.8936575373276525e-13,-12.722698559174729
34.423828125,Cz,1.5583171914562948e-13,-12.807344138140708
34.66796875,Cz,1.533996259509673e-13,-12.81417569936767
34.912109375,Cz,1.724633442411042e-13,-12.763303196738365
35.15625,Cz,1.484067985509112e-13,-12.828546203467264
35.400390625,Cz,1.410611275871091e-13,-12.850592648898463
35.64453125,Cz,1.2688108568580021e-13,-12.896603113874715
35.888671875,Cz,1.4114593872188802e-13,-12.85033161355708
36.1328125,Cz,1.3874560849074158e-13,-12.857780754067779
36.376953125,Cz,1.3245132595916269e-13,-12.8779436896592
36.62109375,Cz,1.4091094907301157e-13,-12.851055259997494
36.865234375,Cz,1.4226092411738112e-13,-12.846914374481303
37.109375,Cz,1.6339325652998704e-13,-12.786765871379181
37.353515625,Cz,1.3170110473282236e-13,-12.880410582081828
37.59765625,Cz,1.3425308331106138e-13,-12.872075731329687
37.841796875,Cz,1.3402759614249293e-13,-12.87280577164648
38.0859375,Cz,1.493045666159423e-13,-12.825926908780168
38.330078125,Cz,1.3945593879491217e-13,-12.85556298637505
38.57421875,Cz,1.1264310412253642e-13,-12.948295390120343
38.818359375,Cz,1.2280234792955964e-13,-12.910793329586516
39.0625,Cz,1.2189823667579652e-13,-12.914002576641751
39.306640625,Cz,1.2592256455644408e-13,-12.899896439993187
39.55078125,Cz,1.3857078324160626e-13,-12.858328328270522
39.794921875,Cz,1.284484352687857e-13,-12.89127118184739
0.0,Pz,3.9426181556046285e-10,-9.404215282511888
0.244140625,Pz,3.139100362321549e-09,-8.503194798952503
0.48828125,Pz,1.483229851409803e-09,-8.8287915425226
0.732421875,Pz,6.613467198398062e-10,-9.179570796134787
0.9765625,Pz,3.8719018202115214e-10,-9.41207566362629
1.220703125,Pz,2.819523607107108e-10,-9.549824264830397
1.46484375,Pz,1.8435815906615646e-10,-9.734337637233358
1.708984375,Pz,1.322159580003507e-10,-9.878716123872799
1.953125,Pz,1.0506287795705209e-10,-9.97855070686674
2.197265625,Pz,9.071906081497839e-11,-10.04230145453785
2.44140625,Pz,6.708082868643891e-11,-10.173401580953778
2.685546875,Pz,4.736933474677781e-11,-10.324502714445195
2.9296875,Pz,4.023391932295355e-11,-10.3954076592651
3.173828125,Pz,3.2820087653281626e-11,-10.48386026340219
3.41796875,Pz,2.8883829582920503e-11,-10.539345226044594
3.662109375,Pz,2.4663858285622227e-11,-10.607938983657363
3.90625,Pz,2.2040726615835702e-11,-10.6567740922138
4.150390625,Pz,1.8848498802330178e-11,-10.724723233671794
4.39453125,Pz,1.7251256437400254e-11,-10.76317926905688
4.638671875,Pz,1.4158681845306792e-11,-10.848977177010424
4.8828125,Pz,1.1343140961854238e-11,-10.94526667088218
5.126953125,Pz,1.3031010547943866e-11,-10.885021903675137
5.37109375,Pz,1.415151322052578e-11,-10.849197118571725
5.615234375,Pz,1.1581322913848472e-11,-10.936241829091383
5.859375,Pz,9.58792308630649e-12,-11.018275458506412
6.103515625,Pz,9.406727270478248e-12,-11.026561447305284
6.34765625,Pz,8.114830959061282e-12,-11.090720522579774
6.591796875,Pz,7.873520208043508e-12,-11.103831053521892
6.8359375,Pz,7.034471087061168e-12,-11.15276855105171
7.080078125,Pz,8.022423035694326e-12,-11.09569444068102
7.32421875,Pz,7.000745148439146e-12,-11.154855731895424
7.568359375,Pz,6.574604485698463e-12,-11.182130368289949
7.8125,Pz,6.641399770310485e-12,-11.177740377190096
8.056640625,Pz,5.030225932317714e-12,-11.29841250819352
8.30078125,Pz,4.545465915952299e-12,-11.34242159443179
8.544921875,Pz,4.112741667755657e-12,-11.385868568825785
8.7890625,Pz,4.230609268745155e-12,-11.373597083452417
9.033203125,Pz,4.089059429616965e-12,-11.388376577445872
9.27734375,Pz,3.4049555525536547e-12,-11.467888552886782
9.521484375,Pz,3.226697353754112e-12,-11.491241767090184
9.765625,Pz,3.079015185318219e-12,-11.511588169205394
10.009765625,Pz,2.8555527829132042e-12,-11.54430980779265
10.25390625,Pz,2.850669601237744e-12,-11.545053115441988
10.498046875,Pz,2.5160734555880297e-12,-11.599276684017362
10.7421875,Pz,2.442501604060121e-12,-11.612165142395584
10.986328125,Pz,2.6010021966977023e-12,-11.584859281017012
11.23046875,Pz,2.3897328260226826e-12,-11.621650650796656
11.474609375,Pz,2.1297974566539574e-12,-11.67166169592279
11.71875,Pz,1.8531540605375527e-12,-11.732088474442515
11.962890625,Pz,1.832586950241448e-12,-11.736935410348933
12.20703125,Pz,2.0466681591406995e-12,-11.68895256688159
12.451171875,Pz,1.7181365731453506e-12,-11.764942317451242
12.6953125,Pz,1.7475924405325829e-12,-11.757559842562884
12.939453125,Pz,1.5880353856012385e-12,-11.79913982457886
13.18359375,Pz,1.5793268835078352e-12,-11.80152797194795
13.427734375,Pz,1.4584065691082899e-12,-11.836121388153781
13.671875,Pz,1.5747870519078126e-12,-11.802778164689597
13.916015625,Pz,1.3839415391769834e-12,-11.858882255073686
14.16015625,Pz,1.2654817399844289e-12,-11.89774411702585
14.404296875,Pz,1.4290900441542594e-12,-11.844940406305383
14.6484375,Pz,1.4202219294783765e-12,-11.847643785745912
14.892578125,Pz,1.2734358919183706e-12,-11.895022913666129
15.13671875,Pz,1.135180384593938e-12,-11.944935121898903
15.380859375,Pz,1.136619734574023e-12,-11.944384807782582
15.625,Pz,1.0827497008744465e-12,-11.965471927578351
15.869140625,Pz,1.0045220415577765e-12,-11.998040529376764
16.11328125,Pz,1.0190063652386377e-12,-11.991823103158065
16.357421875,Pz,9.27903149552066e-13,-12.032497351162748
16.6015625,Pz,9.427873641396474e-13,-12.025586246810844
16.845703125,Pz,9.671124818521644e-13,-12.014523011535625
17.08984375,Pz,7.173543827685718e-13,-12.144266243971435
17.333984375,Pz,8.507443462292816e-13,-12.07020092840269
17.578125,Pz,8.356706006255151e-13,-12.077964876294834
17.822265625,Pz,8.220841449903428e-13,-12.085083727673217
18.06640625,Pz,8.018164239597703e-13,-12.095925052148797
18.310546875,Pz,7.129648696345081e-13,-12.14693186888552
18.5546875,Pz,6.435771349010333e-13,-12.191399393974356
18.798828125,Pz,6.752303298561787e-13,-12.170548058394635
19.04296875,Pz,7.806133238256245e-13,-12.107564040276698
19.287109375,Pz,7.069864284079433e-13,-12.150588923012313
19.53125,Pz,6.396040004198296e-13,-12.194088828611193
19.775390625,Pz,6.135042980385086e-13,-12.212182390381363
20.01953125,Pz,6.330011849714981e-13,-12.198595476987224
20.263671875,Pz,6.71799704607703e-13,-12.172760191454868
20.5078125,Pz,6.19183337334608e-13,-12.208180739342287
20.751953125,Pz,5.758506919705784e-13,-12.239690106956942
20.99609375,Pz,5.599947232426929e-13,-12.25181606527483
21.240234375,Pz,4.912726104377261e-13,-12.308677448092618
21.484375,Pz,5.193906137863752e-13,-12.284505903027117
21.728515625,Pz,5.103730464542989e-13,-12.292112269406918
21.97265625,Pz,5.179233249222618e-13,-12.285734529883973
22.216796875,Pz,5.124248538872067e-13,-12.29036981404777
22.4609375,Pz,4.3542279223198097e-13,-12.36108884152941
22.705078125,Pz,4.171528944568067e-13,-12.37970473867429
22.94921875,Pz,4.154855206885267e-13,-12.381444106403682
23.193359375,Pz,4.462019840494264e-13,-12.350468502945498
23.4375,Pz,3.834085651951068e-13,-12.416338189383305
23.681640625,Pz,3.7049121468886143e-13,-12.431222085815248
23.92578125,Pz,3.546652061559709e-13,-12.450181415180865
24.169921875,Pz,3.760668688518778e-13,-12.424734925840044
24.4140625,Pz,3.4495294289417825e-13,-12.462240145608673
24.658203125,Pz,3.497686370461351e-13,-12.456219135304606
24.90234375,Pz,3.4110938723760714e-13,-12.467106328762066
25.146484375,Pz,3.595253294351856e-13,-12.444270507099128
25.390625,Pz,3.533833509253087e-13,-12.451753915416672
25.634765625,Pz,3.5774395902663934e-13,-12.446427691135053
25.87890625,Pz,3.5536791271982384e-13,-12.449321788567389
26.123046875,Pz,3.1639910312638146e-13,-12.499764756235725
26.3671875,Pz,3.372964396457983e-13,-12.471988243009863
26.611328125,Pz,3.1185168941757883e-13,-12.506051898870362
26.85546875,Pz,2.953710128982003e-13,-12.52963212769727
27.099609375,Pz,2.781194203441904e-13,-12.555768684440967
27.34375,Pz,2.671071608104879e-13,-12.573314468928107
27.587890625,Pz,2.861176028297018e-13,-12.543455422248444
27.83203125,Pz,3.153230852808061e-13,-12.501244232731144
28.076171875,Pz,2.7251473010246933e-13,-12.564610018050367
28.3203125,Pz,2.426639899063548e-13,-12.614994665964225
28.564453125,Pz,2.405695825420564e-13,-12.61875928543027
28.80859375,Pz,2.4858615447904615e-13,-12.604523063951817
29.052734375,Pz,2.5004120026564826e-13,-12.601988425032806
29.296875,Pz,2.740335963559568e-13,-12.562196189670264
29.541015625,Pz,2.4528186679868e-13,-12.610334557135491
29.78515625,Pz,2.1252514266431106e-13,-12.67258968361629
30.029296875,Pz,1.882814505717832e-13,-12.725192464429098
30.2734375,Pz,2.0701745219569682e-13,-12.683993040664838
30.517578125,Pz,1.9896220004587705e-13,-12.701229425453732
30.76171875,Pz,2.0653497415326785e-13,-12.685006395360322
31.005859375,Pz,2.279496741241952e-13,-12.642161024326967
31.25,Pz,1.9236075492406112e-13,-12.715883527196532
31.494140625,Pz,1.6612194300008269e-13,-12.779572997925275
31.73828125,Pz,1.985354441310941e-13,-12.702161948264036
31.982421875,Pz,1.9241668896462527e-13,-12.715757262802793
32.2265625,Pz,2.0683600368553946e-13,-12.68437386189825
32.470703125,Pz,2.2501448676174886e-13,-12.647789520474614
32.71484375,Pz,2.1034017295670805e-13,-12.677077773308833
32.958984375,Pz,1.7046089158811154e-13,-12.768375244329508
33.203125,Pz,1.8270144783078094e-13,-12.738258011035928
33.447265625,Pz,1.8147635104779321e-13,-12.741179961694648
33.69140625,Pz,1.6535163538482678e-13,-12.7815915054065
33.935546875,Pz,1.8460115949417089e-13,-12.733765575464284
34.1796875,Pz,1.9528670377568921e-13,-12.70932732493244
34.423828125,Pz,1.651318334708851e-13,-12.782169197069823
34.66796875,Pz,1.7540236337815e-13,-12.755964559230103
34.912109375,Pz,1.940759537033125e-13,-12.71202827100472
35.15625,Pz,1.5155650562986941e-13,-12.819425416613992
35.400390625,Pz,1.613711843958056e-13,-12.792174013450156
35.64453125,Pz,1.422376809813418e-13,-12.846985336978591
35.888671875,Pz,1.6890275475659648e-13,-12.772363267149936
36.1328125,Pz,1.7393262284305198e-13,-12.759618953983663
36.376953125,Pz,1.5073874788219726e-13,-12.82177509653478
36.62109375,Pz,1.3735184653422652e-13,-12.862165497625039
36.865234375,Pz,1.5213525239996484e-13,-12.817770140655398
37.109375,Pz,1.7568934821605433e-13,-12.75525456833522
37.353515625,Pz,1.4992519201998676e-13,-12.824125386257618
37.59765625,Pz,1.5414950012311568e-13,-12.81205787926783
37.841796875,Pz,1.4152022343063165e-13,-12.849181494438259
38.0859375,Pz,1.6771533466095572e-13,-12.775427226874141
38.330078125,Pz,1.6873376557245028e-13,-12.772798001379709
38.57421875,Pz,1.3184624820105104e-13,-12.879932223919567
38.818359375,Pz,1.356121941404015e-13,-12.867701257299474
39.0625,Pz,1.3810279755487573e-13,-12.859797523808483
39.306640625,Pz,1.4738438608193054e-13,-12.831548523245202
39.55078125,Pz,1.568997855767797e-13,-12.804377649930494
39.794921875,Pz,1.4160293206440336e-13,-12.848927753947045
