frequency,channel,power,log_power
0.0,Fp1,6.140632823336475e-10,-9.211786870304897
0.244140625,Fp1,4.21911048046885e-09,-8.374779102153136
0.48828125,Fp1,2.1483813989891717e-09,-8.667888616467517
0.732421875,Fp1,1.0000912921076444e-09,-8.999960354151058
0.9765625,Fp1,6.147633576584365e-10,-9.211292026079565
1.220703125,Fp1,3.475028974835223e-10,-9.459041569905928
1.46484375,Fp1,2.6279957131511937e-10,-9.580375347543116
1.708984375,Fp1,2.2317585855639624e-10,-9.651352785822217
1.953125,Fp1,1.3990921848969967e-10,-9.854153669301523
2.197265625,Fp1,1.2014846070267122e-10,-9.920281788843587
2.44140625,Fp1,9.402143165724355e-11,-10.026773140128121
2.685546875,Fp1,6.349963696202573e-11,-10.197228757634633
2.9296875,Fp1,5.461929594730081e-11,-10.262653902295387
3.173828125,Fp1,4.730818168410222e-11,-10.325063743977148
3.41796875,Fp1,3.746747421724798e-11,-10.426345582873228
3.662109375,Fp1,3.0235213635083606e-11,-10.519486958422016
3.90625,Fp1,2.7290510121487743e-11,-10.563988346306042
4.150390625,Fp1,2.308742162106163e-11,-10.636624565925203
4.39453125,Fp1,1.822178153714956e-11,-10.739409164468983
4.638671875,Fp1,1.7043594024030214e-11,-10.768438819180767
4.8828125,Fp1,1.4219963204092316e-11,-10.847101527395306
5.126953125,Fp1,1.3127524798832722e-11,-10.88181715262681
5.37109375,Fp1,1.1908583592085898e-11,-10.924139890467018
5.615234375,Fp1,9.568769295732856e-12,-11.019143916187907
5.859375,Fp1,8.733404233674645e-12,-11.058816437655413
6.103515625,Fp1,7.587169421107828e-12,-11.119920218053933
6.34765625,Fp1,7.498165543411607e-12,-11.125044975518025
6.591796875,Fp1,6.1900896917077625e-12,-11.20830305819611
6.8359375,Fp1,6.425043049824656e-12,-11.192123958076253
7.080078125,Fp1,6.548193463381259e-12,-11.183878498038693
7.32421875,Fp1,5.4407007239736175e-12,-11.264345162625888
7.568359375,Fp1,5.309836131394187e-12,-11.2749188816171
7.8125,Fp1,4.90609194088631e-12,-11.309264317310749
8.056640625,Fp1,4.565916753026414e-12,-11.34047201094277
8.30078125,Fp1,4.104518811959525e-12,-11.386737749521362
8.544921875,Fp1,3.773372320921167e-12,-11.423270340586459
8.7890625,Fp1,3.458660651782009e-12,-11.461092046915464
9.033203125,Fp1,3.250774953755528e-12,-11.488013095014836
9.27734375,Fp1,3.3382543956481547e-12,-11.476480570467924
9.521484375,Fp1,2.548087379693749e-12,-11.593785683138828
9.765625,Fp1,2.5338971284114147e-12,-11.596211020656266
10.009765625,Fp1,2.418467520740045e-12,-11.616459740674985
10.25390625,Fp1,2.593343609020168e-12,-11.586139936907898
10.498046875,Fp1,2.2040609822783638e-12,-11.656776393531414
10.7421875,Fp1,2.0332267861872365e-12,-11.691814177438408
10.986328125,Fp1,2.2685867173819e-12,-11.644244615048775
11.23046875,Fp1,2.383253620105933e-12,-11.62282973862225
11.474609375,Fp1,2.089479942567502e-12,-11.679961793400022
11.71875,Fp1,2.2321252537462244e-12,-11.651281438997643
11.962890625,Fp1,2.0612492407676816e-12,-11.685869491313692
12.20703125,Fp1,2.093850318968599e-12,-11.679054367532737
12.451171875,Fp1,2.121654576078971e-12,-11.673325321619453
12.6953125,Fp1,2.066326471120544e-12,-11.684801060645599
12.939453125,Fp1,1.9248384918953704e-12,-11.715605705127563
13.18359375,Fp1,1.5399375859785348e-12,-11.81249688086121
13.427734375,Fp1,1.631100513093199e-12,-11.787519275663147
13.671875,Fp1,1.620052839395396e-12,-11.790470820344028
13.916015625,Fp1,1.8286192668569117e-12,-11.73787670869283
14.16015625,Fp1,1.8879285037535133e-12,-11.724014456549211
14.404296875,Fp1,2.0404475351545936e-12,-11.69027456750957
14.6484375,Fp1,1.9666710506327115e-12,-11.706268274977447
14.892578125,Fp1,1.893682686435645e-12,-11.722692791475932
15.13671875,Fp1,1.663802628432523e-12,-11.77889819395072
15.380859375,Fp1,1.7135442409501677e-12,-11.766104678305899
15.625,Fp1,1.3612024936404332e-12,-11.866077263974342
15.869140625,Fp1,1.4178335265110328e-12,-11.848374758406763
16.11328125,Fp1,1.6093856398504674e-12,-11.793339878093894
16.357421875,Fp1,1.5963075251955968e-12,-11.796883439031665
16.6015625,Fp1,1.5922682256266937e-12,-11.79798377133613
16.845703125,Fp1,1.553121966432971e-12,-11.8087944378523
17.08984375,Fp1,1.3136122758121046e-12,-11.881532801688895
17.333984375,Fp1,1.4320796166045173e-12,-11.844032836713335
17.578125,Fp1,1.3563996650308572e-12,-11.86761232614496
17.822265625,Fp1,1.391157535468378e-12,-11.85662368746971
18.06640625,Fp1,1.467460482509195e-12,-11.833433585112223
18.310546875,Fp1,1.3207317512059925e-12,-11.87918538132646
18.5546875,Fp1,1.34012469637865e-12,-11.87285478937432
18.798828125,Fp1,1.3333129064699805e-12,-11.875067916898194
19.04296875,Fp1,1.1475098644248969e-12,-11.940243572416508
19.287109375,Fp1,1.1056543340234396e-12,-11.956380627362469
19.53125,Fp1,1.1292932836139085e-12,-11.947193254785226
19.775390625,Fp1,1.2939081070588554e-12,-11.888096566027736
20.01953125,Fp1,1.0480594732030246e-12,-11.979614072170005
20.263671875,Fp1,1.0640751826656177e-12,-11.973027685703295
20.5078125,Fp1,1.2244711744470136e-12,-11.912051434243597
20.751953125,Fp1,1.2030897197056973e-12,-11.919701984197829
20.99609375,Fp1,1.1124405598800813e-12,-11.953723185026343
21.240234375,Fp1,1.2440366708928848e-12,-11.905166817610075
21.484375,Fp1,1.1868183183880978e-12,-11.925615759023993
21.728515625,Fp1,1.0319654251809689e-12,-11.986334853004017
21.97265625,Fp1,1.0152588769900772e-12,-11.99342320453583
22.216796875,Fp1,8.94561446086834e-13,-12.048389823034087
22.4609375,Fp1,9.31070780134388e-13,-12.031017302634817
22.705078125,Fp1,9.545505204316038e-13,-12.020201081241984
22.94921875,Fp1,9.250594913180203e-13,-12.033830336536289
23.193359375,Fp1,8.649410252100743e-13,-12.063013503285463
23.4375,Fp1,8.120930530401467e-13,-12.090394204617866
23.681640625,Fp1,7.722428014751216e-13,-12.112246131319427
23.92578125,Fp1,8.247345986629962e-13,-12.083685785850067
24.169921875,Fp1,8.040106599730705e-13,-12.094738193121211
24.4140625,Fp1,9.02435748924116e-13,-12.044583708958074
24.658203125,Fp1,8.503225419314238e-13,-12.070416307684988
24.90234375,Fp1,6.885216876169384e-13,-12.162082375430268
25.146484375,Fp1,8.403106338894329e-13,-12.07556014055021
25.390625,Fp1,9.37158906208218e-13,-12.02818676318038
25.634765625,Fp1,8.134912660828317e-13,-12.089647105434429
25.87890625,Fp1,7.607500150019729e-13,-12.118758030405518
26.123046875,Fp1,6.231948354294521e-13,-12.20537615442693
26.3671875,Fp1,5.521869008146632e-13,-12.257913900071594
26.611328125,Fp1,6.913350146551368e-13,-12.160311446464286
26.85546875,Fp1,7.676773049990156e-13,-12.114821298339857
27.099609375,Fp1,6.973355121743018e-13,-12.156558217559132
27.34375,Fp1,7.185292724886337e-13,-12.143555534250252
27.587890625,Fp1,7.0657182003673e-13,-12.150843687374701
27.83203125,Fp1,6.19623792440802e-13,-12.207871914464533
28.076171875,Fp1,6.305808778133006e-13,-12.200259203245714
28.3203125,Fp1,7.141887477556741e-13,-12.146186996520884
28.564453125,Fp1,5.654923586226733e-13,-12.247573259227348
28.80859375,Fp1,5.334465346700169e-13,-12.272909101752832
29.052734375,Fp1,4.818730183302004e-13,-12.31706739060762
29.296875,Fp1,4.508540726372469e-13,-12.345964002919425
29.541015625,Fp1,4.086925518461802e-13,-12.388603276948498
29.78515625,Fp1,3.7722572355562845e-13,-12.423398699769937
30.029296875,Fp1,4.1109198548774453e-13,-12.386060989997505
30.2734375,Fp1,4.242648644279484e-13,-12.372362932920844
30.517578125,Fp1,3.7824573292421764e-13,-12.422225962651554
30.76171875,Fp1,4.3074604927096893e-13,-12.365778697136316
31.005859375,Fp1,4.2416417938923366e-13,-12.372466010384418
31.25,Fp1,4.116027056233823e-13,-12.38552177911504
31.494140625,Fp1,4.798219377163808e-13,-12.318919899737578
31.73828125,Fp1,3.7718641251162004e-13,-12.423443960360773
31.982421875,Fp1,4.315424638509258e-13,-12.36497646319612
32.2265625,Fp1,3.6493233669282e-13,-12.437787652050448
32.470703125,Fp1,3.611204904088307e-13,-12.442347868485342
32.71484375,Fp1,4.832729487778491e-13,-12.315807513831336
32.958984375,Fp1,3.847608229612879e-13,-12.414809155027982
33.203125,Fp1,4.082614021911765e-13,-12.389061677161878
33.447265625,Fp1,4.3255283134894086e-13,-12.363960840888035
33.69140625,Fp1,3.578449113419089e-13,-12.446305154199214
33.935546875,Fp1,3.651427531215413e-13,-12.437537314249033
34.1796875,Fp1,2.9569774793246025e-13,-12.52915198309725
34.423828125,Fp1,3.329045782024281e-13,-12.47768023225583
34.66796875,Fp1,3.7464041486644523e-13,-12.426385374299999
34.912109375,Fp1,3.433946582798492e-13,-12.464206464846706
35.15625,Fp1,3.335517550014546e-13,-12.476836769940368
35.400390625,Fp1,3.512059643213441e-13,-12.454438117339246
35.64453125,Fp1,4.004409616710503e-13,-12.39746150432503
35.888671875,Fp1,3.6717991494098834e-13,-12.435121083104963
36.1328125,Fp1,3.7335363655174804e-13,-12.427879614185288
36.376953125,Fp1,3.148657166059287e-13,-12.50187462389638
36.62109375,Fp1,4.0056064690259633e-13,-12.39733172022608
36.865234375,Fp1,3.211046804159467e-13,-12.49335336411894
37.109375,Fp1,3.497249897991072e-13,-12.456273333821452
37.353515625,Fp1,3.692280844676853e-13,-12.432705272799252
37.59765625,Fp1,3.65121351056953e-13,-12.437562770240916
37.841796875,Fp1,3.707670970984703e-13,-12.43089881331557
38.0859375,Fp1,2.3691224859838585e-13,-12.625412485241034
38.330078125,Fp1,3.280210258067629e-13,-12.484098317571272
38.57421875,Fp1,3.4223393839600543e-13,-12.46567692487306
38.818359375,Fp1,2.7010552934208297e-13,-12.56846652526025
39.0625,Fp1,3.635714916474054e-13,-12.439410177995772
39.306640625,Fp1,3.70906868779534e-13,-12.430735123949828
39.55078125,Fp1,2.9111953188410493e-13,-12.535928655760353
39.794921875,Fp1,3.366164704568665e-13,-12.472864638052613
0.0,Fp2,7.496776712784095e-10,-9.125125424174545
0.244140625,Fp2,5.504518794665374e-09,-8.259280641080233
0.48828125,Fp2,2.763637887426949e-09,-8.558518862091898
0.732421875,Fp2,1.206105591640321e-09,-8.918614669095291
0.9765625,Fp2,6.738762986505512e-10,-9.171419818218437
1.220703125,Fp2,4.1031577722237016e-10,-9.386881783474522
1.46484375,Fp2,3.0890856159761107e-10,-9.510170054783458
1.708984375,Fp2,2.4613408018365285e-10,-9.608828248910038
1.953125,Fp2,1.5796446003448682e-10,-9.80144061271074
2.197265625,Fp2,1.3914096688405362e-10,-9.856544983075896
2.44140625,Fp2,1.0738981628704699e-10,-9.969036900573489
2.685546875,Fp2,6.931057800570305e-11,-10.159200479400768
2.9296875,Fp2,6.067251989361425e-11,-10.217007967258603
3.173828125,Fp2,5.334968149461313e-11,-10.272868169033229
3.41796875,Fp2,3.8274126021703446e-11,-10.417094717501945
3.662109375,Fp2,3.199636795712656e-11,-10.494899317483279
3.90625,Fp2,2.9339429994813506e-11,-10.532548327865328
4.150390625,Fp2,2.47849831277722e-11,-10.60581137240208
4.39453125,Fp2,1.897631876554037e-11,-10.721788032945234
4.638671875,Fp2,1.7859042335951664e-11,-10.748141833205745
4.8828125,Fp2,1.3781557974335916e-11,-10.86070168363228
5.126953125,Fp2,1.3107329622281508e-11,-10.882485778823767
5.37109375,Fp2,1.2559470700281944e-11,-10.901028662891065
5.615234375,Fp2,1.0176948562205572e-11,-10.992382420550568
5.859375,Fp2,9.077981010602346e-12,-11.0420107300531
6.103515625,Fp2,8.24897476010997e-12,-11.083600025231345
6.34765625,Fp2,7.839737162200491e-12,-11.105698497381816
6.591796875,Fp2,6.690358709641038e-12,-11.174550596515983
6.8359375,Fp2,6.500897220786971e-12,-11.18702670010387
7.080078125,Fp2,6.764641230867864e-12,-11.169755231673319
7.32421875,Fp2,5.4951845558416555e-12,-11.260017717209976
7.568359375,Fp2,5.408827413963727e-12,-11.266896875899219
7.8125,Fp2,5.289802765164249e-12,-11.2765605207054
8.056640625,Fp2,4.8455300750457796e-12,-11.314658706523408
8.30078125,Fp2,4.210325109540474e-12,-11.375684367863137
8.544921875,Fp2,3.9789909209201436e-12,-11.400227051805805
8.7890625,Fp2,3.711701216932516e-12,-11.430426990712883
9.033203125,Fp2,3.556544624423449e-12,-11.448971737783147
9.27734375,Fp2,3.5813592517236557e-12,-11.445952112047136
9.521484375,Fp2,2.886299698133591e-12,-11.539658576053336
9.765625,Fp2,2.898940662625677e-12,-11.537760673971658
10.009765625,Fp2,2.586229691516265e-12,-11.587332906629564
10.25390625,Fp2,2.654589544971017e-12,-11.57600262039595
10.498046875,Fp2,2.3505781908092536e-12,-11.628825297646461
10.7421875,Fp2,2.2009684862260013e-12,-11.657386175691146
10.986328125,Fp2,2.5103860910395773e-12,-11.600259479987816
11.23046875,Fp2,2.7149154922976957e-12,-11.566243684233509
11.474609375,Fp2,2.317093933702707e-12,-11.635056359795765
11.71875,Fp2,2.357189346509517e-12,-11.62760553039828
11.962890625,Fp2,2.2104421691789108e-12,-11.655520842863977
12.20703125,Fp2,2.325765213309908e-12,-11.63343412955191
12.451171875,Fp2,2.5971497000373927e-12,-11.585503016860324
12.6953125,Fp2,2.5956080268370718e-12,-11.585760891469032
12.939453125,Fp2,2.393758426697811e-12,-11.620919679846814
13.18359375,Fp2,1.867008408561613e-12,-11.728853726087513
13.427734375,Fp2,2.012036222425427e-12,-11.696364204998874
13.671875,Fp2,2.010317250356789e-12,-11.696735400685407
13.916015625,Fp2,2.09380147718755e-12,-11.67906449813434
14.16015625,Fp2,2.1537569276044336e-12,-11.666803312624337
14.404296875,Fp2,2.3382582487898323e-12,-11.631107524897608
14.6484375,Fp2,2.1028645899411304e-12,-11.677188691999714
14.892578125,Fp2,2.125460703453788e-12,-11.672546920069214
15.13671875,Fp2,2.0584118714662624e-12,-11.686467722086563
15.380859375,Fp2,2.0100423814324266e-12,-11.696794785451058
15.625,Fp2,1.7570281207350606e-12,-11.75522128768949
15.869140625,Fp2,1.614115174549308e-12,-11.792065479597461
16.11328125,Fp2,1.8808178032643075e-12,-11.725653272960715
16.357421875,Fp2,1.782149230381113e-12,-11.749055932612553
16.6015625,Fp2,1.8044725221681217e-12,-11.74364972682787
16.845703125,Fp2,1.7989050488034756e-12,-11.74499175931647
17.08984375,Fp2,1.6129278351348077e-12,-11.79238506317759
17.333984375,Fp2,1.705340736708836e-12,-11.768188833511473
17.578125,Fp2,1.6903004590803542e-12,-11.772036090580091
17.822265625,Fp2,1.6803669575739429e-12,-11.774595866936707
18.06640625,Fp2,1.790911402292799e-12,-11.7469258984877
18.310546875,Fp2,1.614146475161872e-12,-11.792057057923635
18.5546875,Fp2,1.399637172586533e-12,-11.853984531725837
18.798828125,Fp2,1.478650445621316e-12,-11.830134481500291
19.04296875,Fp2,1.413169105566405e-12,-11.849805865596585
19.287109375,Fp2,1.324306822895885e-12,-11.878011383436212
19.53125,Fp2,1.4266968901134382e-12,-11.845668285423459
19.775390625,Fp2,1.6624836196164598e-12,-11.779242625089658
20.01953125,Fp2,1.1880528133081665e-12,-11.925164252941952
20.263671875,Fp2,1.156427831214285e-12,-11.936881464910977
20.5078125,Fp2,1.175874136805118e-12,-11.929639161777182
20.751953125,Fp2,1.1645742541570444e-12,-11.9338328152937
20.99609375,Fp2,1.2887319137094485e-12,-11.889837416630872
21.240234375,Fp2,1.3476815513851005e-12,-11.870412716713679
21.484375,Fp2,1.1796204739649945e-12,-11.928257698266005
21.728515625,Fp2,1.0837697490847398e-12,-11.965062975476169
21.97265625,Fp2,1.1861222577826274e-12,-11.925870544408617
22.216796875,Fp2,1.1411385192247317e-12,-11.942661634737274
22.4609375,Fp2,1.3006467124999257e-12,-11.885840652437418
22.705078125,Fp2,1.1731227058555868e-12,-11.930656559334725
22.94921875,Fp2,1.1211855001136428e-12,-11.950322527448812
23.193359375,Fp2,9.3093162004086e-13,-12.03108221819113
23.4375,Fp2,9.279781789111365e-13,-12.032462235946982
23.681640625,Fp2,1.0502814752673668e-12,-11.978694294479231
23.92578125,Fp2,1.1574142213967916e-12,-11.936511185670238
24.169921875,Fp2,1.0005989092488064e-12,-11.999739974876038
24.4140625,Fp2,1.1844658676734018e-12,-11.926477449668676
24.658203125,Fp2,1.1112354676758478e-12,-11.954193905526303
24.90234375,Fp2,8.440195512889814e-13,-12.073647493044282
25.146484375,Fp2,1.0555833283175833e-12,-11.976507477562308
25.390625,Fp2,1.213079767252356e-12,-11.916110640733976
25.634765625,Fp2,1.027606143572499e-12,-11.988173307956043
25.87890625,Fp2,1.137176578189362e-12,-11.94417209381792
26.123046875,Fp2,9.364783466815585e-13,-12.028502259960321
26.3671875,Fp2,7.513924755429128e-13,-12.12413315828322
26.611328125,Fp2,8.96895498452556e-13,-12.047258155717648
26.85546875,Fp2,9.56206640103073e-13,-12.019448244796147
27.099609375,Fp2,8.755192063757985e-13,-12.05773432230294
27.34375,Fp2,8.919523051670139e-13,-12.049658367772503
27.587890625,Fp2,8.57506139955506e-13,-12.06676276161843
27.83203125,Fp2,7.404236581779782e-13,-12.130519713025565
28.076171875,Fp2,7.52588205229764e-13,-12.123442592345903
28.3203125,Fp2,7.696783838524082e-13,-12.113690710277528
28.564453125,Fp2,5.70556026613873e-13,-12.243701702946828
28.80859375,Fp2,7.109937448063165e-13,-12.148134220097308
29.052734375,Fp2,6.907125178326283e-13,-12.160702673172407
29.296875,Fp2,7.15355647887985e-13,-12.145477989647793
29.541015625,Fp2,6.781653986460684e-13,-12.168664372565056
29.78515625,Fp2,5.956335650835567e-13,-12.225020836910726
30.029296875,Fp2,4.676424814818212e-13,-12.330086043628416
30.2734375,Fp2,6.569930419598155e-13,-12.182439229914282
30.517578125,Fp2,5.785401162756595e-13,-12.237666521460538
30.76171875,Fp2,5.827763848660561e-13,-12.234498054929077
31.005859375,Fp2,6.783285763891598e-13,-12.16855988674346
31.25,Fp2,6.44171123031766e-13,-12.190998747676916
31.494140625,Fp2,6.220476139502161e-13,-12.206176371443563
31.73828125,Fp2,6.421574130723592e-13,-12.192358499580715
31.982421875,Fp2,6.905393392553119e-13,-12.160811575108749
32.2265625,Fp2,6.17871198617938e-13,-12.209102048470202
32.470703125,Fp2,6.220887089481528e-13,-12.206147681129623
32.71484375,Fp2,7.685272502657485e-13,-12.11434072877552
32.958984375,Fp2,6.802002618405318e-13,-12.167363205223237
33.203125,Fp2,7.963663218004016e-13,-12.098887114497858
33.447265625,Fp2,6.46823649630399e-13,-12.18921410948887
33.69140625,Fp2,7.593971506639956e-13,-12.119531036710608
33.935546875,Fp2,5.842994912611298e-13,-12.233364491821822
34.1796875,Fp2,5.494983491634132e-13,-12.260033607972606
34.423828125,Fp2,6.08338812258118e-13,-12.215854474492508
34.66796875,Fp2,5.179275161258467e-13,-12.285731015446338
34.912109375,Fp2,5.053675966902879e-13,-12.296392607746037
35.15625,Fp2,4.779574712491116e-13,-12.320610745278135
35.400390625,Fp2,5.580953966139552e-13,-12.253291559696926
35.64453125,Fp2,6.205251696947492e-13,-12.207240597988225
35.888671875,Fp2,5.936137746321132e-13,-12.226496029937067
36.1328125,Fp2,5.365237639603484e-13,-12.270411037298622
36.376953125,Fp2,4.583291243293848e-13,-12.338822544820106
36.62109375,Fp2,5.600264213285655e-13,-12.25179148305359
36.865234375,Fp2,3.681285053845018e-13,-12.434000552420544
37.109375,Fp2,4.233940237298506e-13,-12.373255276405095
37.353515625,Fp2,4.4087583112390267e-13,-12.355683708606712
37.59765625,Fp2,5.040530129449382e-13,-12.297523784945946
37.841796875,Fp2,5.308284395747949e-13,-12.2750458174965
38.0859375,Fp2,3.992363980394037e-13,-12.39876987132488
38.330078125,Fp2,4.140423989380978e-13,-12.382955183801752
38.57421875,Fp2,3.363320117736396e-13,-12.473231794966033
38.818359375,Fp2,3.532334269812141e-13,-12.451938205245723
39.0625,Fp2,4.084992617422769e-13,-12.388808724006829
39.306640625,Fp2,5.171305639213004e-13,-12.286399793401591
39.55078125,Fp2,4.211113188950137e-13,-12.375603085182487
39.794921875,Fp2,3.8211951621979765e-13,-12.41780078076195
0.0,F3,5.381458560626712e-10,-9.269099999615904
0.244140625,F3,3.607118648831275e-09,-8.442839572213039
0.48828125,F3,1.6750952263072356e-09,-8.775960499024613
0.732421875,F3,7.070942727790271e-10,-9.150522680378044
0.9765625,F3,4.456967873665204e-10,-9.350960496346898
1.220703125,F3,2.755943504360485e-10,-9.559729689520571
1.46484375,F3,1.9390228911684696e-10,-9.71241706381997
1.708984375,F3,1.5157421871245983e-10,-9.819374661653061
1.953125,F3,1.076739102475821e-10,-9.967889514976152
2.197265625,F3,8.979116749569861e-11,-10.046766381556939
2.44140625,F3,6.866008237851691e-11,-10.163295679842488
2.685546875,F3,5.205033656098189e-11,-10.283576457966996
2.9296875,F3,4.304495230056088e-11,-10.366077769100965
3.173828125,F3,3.41271249087998e-11,-10.466900297975048
3.41796875,F3,3.031235173798168e-11,-10.51838036824447
3.662109375,F3,2.5341823966686438e-11,-10.596162130172408
3.90625,F3,2.244569674276612e-11,-10.648866909004045
4.150390625,F3,1.8407401650266945e-11,-10.735007511256557
4.39453125,F3,1.4016194317083474e-11,-10.85336989018198
4.638671875,F3,1.285704657521496e-11,-10.890858782842331
4.8828125,F3,1.2204169482401689e-11,-10.913491769829964
5.126953125,F3,1.1821728329118003e-11,-10.927319025237564
5.37109375,F3,1.062863442493271e-11,-10.97352253037917
5.615234375,F3,8.493035431045336e-12,-11.070937064131957
5.859375,F3,8.211500219746347e-12,-11.085577491158661
6.103515625,F3,6.956616086842806e-12,-11.157601963289798
6.34765625,F3,6.721110109731326e-12,-11.172558989637606
6.591796875,F3,5.5402047728350095e-12,-11.256474182912589
6.8359375,F3,5.611324233916443e-12,-11.25093463613838
7.080078125,F3,5.7263169827252595e-12,-11.24212461509225
7.32421875,F3,4.890624758480271e-12,-11.310635657884736
7.568359375,F3,5.039888622562323e-12,-11.297579061003098
7.8125,F3,4.617903995814842e-12,-11.335555100115519
8.056640625,F3,4.2190804260124215e-12,-11.374782195822082
8.30078125,F3,3.746949996128109e-12,-11.426322102622919
8.544921875,F3,3.3673662128056257e-12,-11.472709650005713
8.7890625,F3,3.3108629086997945e-12,-11.480058801497346
9.033203125,F3,2.959603059749343e-12,-11.528766532360097
9.27734375,F3,3.0434376532211258e-12,-11.516635590621789
9.521484375,F3,2.303659302086257e-12,-11.637581750146763
9.765625,F3,2.163594637270532e-12,-11.664824103679734
10.009765625,F3,2.085059631157162e-12,-11.680881520012921
10.25390625,F3,2.4144904002059607e-12,-11.617174516975528
10.498046875,F3,2.1582857988102898e-12,-11.665891046850568
10.7421875,F3,1.992169856497197e-12,-11.700673635493363
10.986328125,F3,2.001909456676935e-12,-11.698555568892072
11.23046875,F3,1.995719456881909e-12,-11.69990050858536
11.474609375,F3,1.8372909538630525e-12,-11.73582206326332
11.71875,F3,1.825684809919809e-12,-11.738574197846617
11.962890625,F3,1.6402655404229169e-12,-11.78508583890037
12.20703125,F3,1.6429104123059764e-12,-11.784386117941658
12.451171875,F3,1.7825713788605005e-12,-11.74895307083117
12.6953125,F3,1.7156793015863285e-12,-11.76556388814677
12.939453125,F3,1.666384932301903e-12,-11.778224669997254
13.18359375,F3,1.2955403030561354e-12,-11.88754907196984
13.427734375,F3,1.379730319612081e-12,-11.86020579196814
13.671875,F3,1.2862950716483545e-12,-11.89065939432846
13.916015625,F3,1.2445112498523018e-12,-11.90500117320027
14.16015625,F3,1.2732082443188545e-12,-11.895100557884373
14.404296875,F3,1.375777646239703e-12,-11.861451751285324
14.6484375,F3,1.3702000832211585e-12,-11.863216010439107
14.892578125,F3,1.2465118774198965e-12,-11.904303578954556
15.13671875,F3,1.135943035873681e-12,-11.944643446640859
15.380859375,F3,1.1475143422068496e-12,-11.940241877727635
15.625,F3,1.0608576327787086e-12,-11.97434289455971
15.869140625,F3,1.0353636167981137e-12,-11.98490710041408
16.11328125,F3,1.1191933010160465e-12,-11.951094897998424
16.357421875,F3,1.1868892729140318e-12,-11.9255897952876
16.6015625,F3,1.1531840582833849e-12,-11.938101369966983
16.845703125,F3,1.1444963597159212e-12,-11.941385584341822
17.08984375,F3,1.067164697959765e-12,-11.971768549745795
17.333984375,F3,9.70048441354708e-13,-12.013206577808235
17.578125,F3,9.646574401506514e-13,-12.01562688174883
17.822265625,F3,9.661386945007646e-13,-12.014960523757729
18.06640625,F3,1.0683367825844996e-12,-11.971291818691663
18.310546875,F3,9.906121887161157e-13,-12.00409633266329
18.5546875,F3,9.95400360531904e-13,-12.002002206291426
18.798828125,F3,9.221422652705448e-13,-12.035202072161427
19.04296875,F3,8.434449418252137e-13,-12.073943261909378
19.287109375,F3,9.384163390807699e-13,-12.027604439180205
19.53125,F3,1.0788928956468186e-12,-11.967021666659369
19.775390625,F3,1.1717807165765616e-12,-11.931153653242054
20.01953125,F3,8.460792203307143e-13,-12.072588971072411
20.263671875,F3,8.609846614751405e-13,-12.065004585475549
20.5078125,F3,9.38509364305169e-13,-12.027561389696046
20.751953125,F3,8.710854822826667e-13,-12.059939224255215
20.99609375,F3,8.592651219029907e-13,-12.06587281612849
21.240234375,F3,9.564756009833225e-13,-12.019326104040719
21.484375,F3,8.611042626172636e-13,-12.064944260929689
21.728515625,F3,1.0356627781323398e-12,-11.984781632078306
21.97265625,F3,1.0933123336446491e-12,-11.961255752596248
22.216796875,F3,9.16109658513611e-13,-12.038052538082221
22.4609375,F3,9.014078871953776e-13,-12.045078646231266
22.705078125,F3,9.86872391406492e-13,-12.005739000613952
22.94921875,F3,1.0220044903933217e-12,-11.990547196032267
23.193359375,F3,1.0131270575090194e-12,-11.994336085819594
23.4375,F3,8.078108222537204e-13,-12.092690332877359
23.681640625,F3,7.357715196386227e-13,-12.133257026919642
23.92578125,F3,8.281731822006387e-13,-12.081878836874996
24.169921875,F3,8.792784934885684e-13,-12.055873549238656
24.4140625,F3,8.242305614741169e-13,-12.08395128639782
24.658203125,F3,8.265674572877244e-13,-12.082721697286322
24.90234375,F3,6.658991895477048e-13,-12.176591513678073
25.146484375,F3,7.422295222703037e-13,-12.12946177552739
25.390625,F3,6.360775550847985e-13,-12.196489928861132
25.634765625,F3,5.285147061400605e-13,-12.276942923765032
25.87890625,F3,5.660228978512287e-13,-12.247165999537367
26.123046875,F3,4.511756133459264e-13,-12.345654382596345
26.3671875,F3,4.107443563032476e-13,-12.386428395131357
26.611328125,F3,4.4084628511259844e-13,-12.35571281453349
26.85546875,F3,4.353862874163628e-13,-12.361125253276521
27.099609375,F3,3.8608302869238636e-13,-12.413319288526795
27.34375,F3,4.4700686178309885e-13,-12.349685810175306
27.587890625,F3,3.614179131008777e-13,-12.441990326130176
27.83203125,F3,3.35237892031281e-13,-12.474646898842392
28.076171875,F3,3.6554867619669153e-13,-12.43705478451712
28.3203125,F3,3.53138988432024e-13,-12.452054331357507
28.564453125,F3,2.9404022299722454e-13,-12.531593256557631
28.80859375,F3,2.9123236881765525e-13,-12.535760357320354
29.052734375,F3,2.8664444697586713e-13,-12.542656467184608
29.296875,F3,2.898825404956964e-13,-12.53777794123251
29.541015625,F3,2.766794751762271e-13,-12.558023056790828
29.78515625,F3,2.475705350956081e-13,-12.60630104465535
30.029296875,F3,2.892531153215716e-13,-12.53872195490108
30.2734375,F3,2.5520935951240095e-13,-12.593103402403647
30.517578125,F3,2.7016612989584e-13,-12.5683690983982
30.76171875,F3,2.4363931351045733e-13,-12.61325263285737
31.005859375,F3,2.3791040314650213e-13,-12.623586567082791
31.25,F3,2.461864536272336e-13,-12.608735847736133
31.494140625,F3,2.811712019035737e-13,-12.551029162652332
31.73828125,F3,2.450167849647244e-13,-12.610804163113574
31.982421875,F3,2.2172854741119482e-13,-12.65417838814395
32.2265625,F3,2.18408400745489e-13,-12.660730661172227
32.470703125,F3,1.941952287705439e-13,-12.711761444582905
32.71484375,F3,2.0201475854877133e-13,-12.694616901235774
32.958984375,F3,1.9493840826491965e-13,-12.710102584411644
33.203125,F3,1.7544449617571348e-13,-12.75586025137567
33.447265625,F3,1.7549242541782646e-13,-12.755741623757885
33.69140625,F3,1.948380663928355e-13,-12.710326189093538
33.935546875,F3,2.073884559077387e-13,-12.683215421886718
34.1796875,F3,2.0177055581182286e-13,-12.695142209662212
34.423828125,F3,1.6967701471845507e-13,-12.77037698536082
34.66796875,F3,1.6134468189836473e-13,-12.792245344857275
34.912109375,F3,1.7396277881851661e-13,-12.7595436636883
35.15625,F3,1.5703275932363182e-13,-12.804009737976875
35.400390625,F3,1.6975842733910998e-13,-12.770168656776324
35.64453125,F3,1.799924910201822e-13,-12.744745612544042
35.888671875,F3,1.4000693333149257e-13,-12.853850456942832
36.1328125,F3,1.4790911047709393e-13,-12.830005074765296
36.376953125,F3,1.4655613647058738e-13,-12.833995992445473
36.62109375,F3,1.6259476113766525e-13,-12.78889345164267
36.865234375,F3,1.5414708044769452e-13,-12.812064696415664
37.109375,F3,1.5571490929985445e-13,-12.807669802867574
37.353515625,F3,1.450537708446506e-13,-12.838470976714904
37.59765625,F3,1.6424599415762648e-13,-12.784505213770942
37.841796875,F3,1.4778186949013666e-13,-12.830378843771875
38.0859375,F3,1.252240339748868e-13,-12.902312309935867
38.330078125,F3,1.5023335210135925e-13,-12.823233642394083
38.57421875,F3,1.435319242974685e-13,-12.84305149262865
38.818359375,F3,1.3515856653026089e-13,-12.869156422929244
39.0625,F3,1.5101533091147626e-13,-12.820978961367214
39.306640625,F3,1.4825536031547817e-13,-12.82898959534415
39.55078125,F3,1.1833174373299472e-13,-12.926898735686757
39.794921875,F3,1.1664464620641633e-13,-12.933135189800957
0.0,F4,5.532776683525063e-10,-9.257056858625543
0.244140625,F4,3.842540414614015e-09,-8.415381556033408
0.48828125,F4,1.6825783924136022e-09,-8.774024692572313
0.732421875,F4,7.05441598943358e-10,-9.151538934151272
0.9765625,F4,4.4568246612583865e-10,-9.350974451430053
1.220703125,F4,2.7809451977993516e-10,-9.55580756939828
1.46484375,F4,1.961800149492101e-10,-9.707345236708123
1.708984375,F4,1.5258258346938811e-10,-9.816495036071917
1.953125,F4,1.0942729155186872e-10,-9.96087434992014
2.197265625,F4,9.12079102023048e-11,-10.039967494914588
2.44140625,F4,6.951902656402162e-11,-10.157896317699116
2.685546875,F4,5.2575473936171854e-11,-10.279216803721308
2.9296875,F4,4.395243223083877e-11,-10.357017087024687
3.173828125,F4,3.4275168702709045e-11,-10.465020398931584
3.41796875,F4,3.007988432638726e-11,-10.521723838177081
3.662109375,F4,2.5780421904479288e-11,-10.588709979562603
3.90625,F4,2.2953243780435405e-11,-10.639155930763089
4.150390625,F4,1.8378121767091847e-11,-10.735698875314906
4.39453125,F4,1.3863135817340323e-11,-10.858138521951526
4.638671875,F4,1.294603203894694e-11,-10.88786332252119
4.8828125,F4,1.188941603943838e-11,-10.924839475665381
5.126953125,F4,1.1634021626189333e-11,-10.934270133237844
5.37109375,F4,1.1084571214104763e-11,-10.955281102093917
5.615234375,F4,8.793636697283465e-12,-11.055831480906932
5.859375,F4,8.380703433204133e-12,-11.076719527391484
6.103515625,F4,7.111582308731195e-12,-11.148033759116059
6.34765625,F4,6.888873532771407e-12,-11.161851788033985
6.591796875,F4,5.704235780995683e-12,-11.243802531496119
6.8359375,F4,5.736559632831571e-12,-11.241348487466642
7.080078125,F4,5.678551680898634e-12,-11.245762417317156
7.32421875,F4,4.893155799334256e-12,-11.310410955972344
7.568359375,F4,4.822891852421036e-12,-11.316692476503034
7.8125,F4,4.851320095272114e-12,-11.314140069215606
8.056640625,F4,4.4646202391220626e-12,-11.350215476320324
8.30078125,F4,3.71493762226276e-12,-11.430048474106504
8.544921875,F4,3.509715852817881e-12,-11.4547280426648
8.7890625,F4,3.425839929192115e-12,-11.465232933108
9.033203125,F4,3.095273805887292e-12,-11.509300927540034
9.27734375,F4,3.1002934824794256e-12,-11.508597192685597
9.521484375,F4,2.330812590678193e-12,-11.632492644585966
9.765625,F4,2.4047964236597618e-12,-11.618921682626256
10.009765625,F4,2.094593129302406e-12,-11.67890032537534
10.25390625,F4,2.4764454720651642e-12,-11.606171230145454
10.498046875,F4,2.3089751722057457e-12,-11.63658073691046
10.7421875,F4,2.14148407979237e-12,-11.669285149884749
10.986328125,F4,2.0875926644290534e-12,-11.680354237876925
11.23046875,F4,2.1994934087233444e-12,-11.657677335146253
11.474609375,F4,2.003040643758363e-12,-11.698310238334534
11.71875,F4,1.936891222013981e-12,-11.712894769061803
11.962890625,F4,1.7654494216602837e-12,-11.753144720020165
12.20703125,F4,1.7001101222613437e-12,-11.769522946891438
12.451171875,F4,2.0083836447209298e-12,-11.697153323961887
12.6953125,F4,2.0769703631788148e-12,-11.682569700479696
12.939453125,F4,2.004950129201728e-12,-11.697896425478643
13.18359375,F4,1.5067836600474602e-12,-11.821949098045156
13.427734375,F4,1.5231125310099242e-12,-11.81726800881679
13.671875,F4,1.4875849456460945e-12,-11.827518225349307
13.916015625,F4,1.5063906497478288e-12,-11.822062388673498
14.16015625,F4,1.4006645651627425e-12,-11.853665858248188
14.404296875,F4,1.4809870952011897e-12,-11.829448725751128
14.6484375,F4,1.430922864694096e-12,-11.8443837766809
14.892578125,F4,1.454134284180349e-12,-11.837395486059046
15.13671875,F4,1.3923577119292305e-12,-11.856249175386798
15.380859375,F4,1.386630985490507e-12,-11.858039099336157
15.625,F4,1.346613840882122e-12,-11.870756926042262
15.869140625,F4,1.1591845391568956e-12,-11.935847419983073
16.11328125,F4,1.3470289396070233e-12,-11.870623073782115
16.357421875,F4,1.278709756755432e-12,-11.893228021075732
16.6015625,F4,1.2578494004582205e-12,-11.900371352901233
16.845703125,F4,1.2785655541871478e-12,-11.8932770000648
17.08984375,F4,1.298823821250634e-12,-11.88644975473742
17.333984375,F4,1.3196322345970874e-12,-11.879547084505399
17.578125,F4,1.3254450280161929e-12,-11.877638279642921
17.822265625,F4,1.2933605158697548e-12,-11.888280401469643
18.06640625,F4,1.3550487401562184e-12,-11.868045083239615
18.310546875,F4,1.198551168082302e-12,-11.921343420502717
18.5546875,F4,1.0947052576273345e-12,-11.960702796090297
18.798828125,F4,1.0668432467701236e-12,-11.971899387570708
19.04296875,F4,1.0323262720950598e-12,-11.98618301998022
19.287109375,F4,1.0110380698355009e-12,-11.995232491087334
19.53125,F4,1.0635016388321233e-12,-11.9732618365227
19.775390625,F4,1.1783281880451577e-12,-11.928733732973003
20.01953125,F4,8.601127162612171e-13,-12.065444631497611
20.263671875,F4,1.0106194053747886e-12,-11.995412366926724
20.5078125,F4,9.734551989970498e-13,-12.011684031073672
20.751953125,F4,1.0454533841748736e-12,-11.980695327214523
20.99609375,F4,1.0738169994749873e-12,-11.96906972505173
21.240234375,F4,1.0368554277305017e-12,-11.984281794542467
21.484375,F4,1.0443771955266957e-12,-11.981142619772346
21.728515625,F4,1.0615549212376302e-12,-11.974057531998763
21.97265625,F4,9.568042810994466e-13,-12.01917689015572
22.216796875,F4,8.885369354380238e-13,-12.051324514371323
22.4609375,F4,1.0784733113480012e-12,-11.967190597782306
22.705078125,F4,1.1188470659534097e-12,-11.951229272677775
22.94921875,F4,9.772472350158731e-13,-12.009995549669364
23.193359375,F4,9.784095440404761e-13,-12.00947931956141
23.4375,F4,9.122137135418693e-13,-12.039903403186075
23.681640625,F4,8.62293983945573e-13,-12.064344643875424
23.92578125,F4,9.32318933638532e-13,-12.030435495988057
24.169921875,F4,8.086688302111162e-13,-12.092229296258987
24.4140625,F4,8.134167753600873e-13,-12.08968687524199
24.658203125,F4,8.256841437321326e-13,-12.083186055425596
24.90234375,F4,7.885468737842808e-13,-12.103172485694872
25.146484375,F4,7.055900075225281e-13,-12.151447578256843
25.390625,F4,6.79080189333731e-13,-12.16807893893178
25.634765625,F4,6.241094009607391e-13,-12.204739275591487
25.87890625,F4,7.056608417143422e-13,-12.151403981615356
26.123046875,F4,6.383110867210906e-13,-12.194967612314707
26.3671875,F4,4.606042198410032e-13,-12.336672087550104
26.611328125,F4,5.023735084160407e-13,-12.298973270250308
26.85546875,F4,6.08355966566597e-13,-12.215842228164762
27.099609375,F4,4.946966568349582e-13,-12.30566102459243
27.34375,F4,5.266586415578143e-13,-12.27847078539887
27.587890625,F4,4.617080122745087e-13,-12.335632588831112
27.83203125,F4,4.474925279102432e-13,-12.349214212000454
28.076171875,F4,4.311494344384552e-13,-12.365372179250043
28.3203125,F4,4.3406414495859e-13,-12.362446086747681
28.564453125,F4,3.872384434207108e-13,-12.412021534275034
28.80859375,F4,4.042829640936052e-13,-12.393314558829626
29.052734375,F4,3.6644209274251663e-13,-12.435994645277589
29.296875,F4,3.7486306434105043e-13,-12.426127348970574
29.541015625,F4,3.703358737101544e-13,-12.431404216657684
29.78515625,F4,3.1442115073626213e-13,-12.50248824717752
30.029296875,F4,3.126256606371143e-13,-12.504975377514139
30.2734375,F4,3.182448741841185e-13,-12.49723858258862
30.517578125,F4,3.345206289696183e-13,-12.47557709532089
30.76171875,F4,3.077137073158575e-13,-12.511853157379301
31.005859375,F4,3.383648480181147e-13,-12.470614761190712
31.25,F4,3.36693392184895e-13,-12.472765406824854
31.494140625,F4,3.412237512210821e-13,-12.466960746949848
31.73828125,F4,3.298469186278216e-13,-12.48168756866761
31.982421875,F4,3.040622039095926e-13,-12.517037560959649
32.2265625,F4,3.3910843400589374e-13,-12.469661408698263
32.470703125,F4,3.415919367863202e-13,-12.466492389301935
32.71484375,F4,3.406999863469825e-13,-12.467627883835792
32.958984375,F4,3.02414196658588e-13,-12.51939782499039
33.203125,F4,3.207658989812327e-13,-12.493811808316423
33.447265625,F4,2.7517586407517416e-13,-12.5603896611293
33.69140625,F4,3.076056085768945e-13,-12.512005750301716
33.935546875,F4,2.328924785672479e-13,-12.632844537096435
34.1796875,F4,2.613196134470737e-13,-12.58282799290503
34.423828125,F4,3.123328813714913e-13,-12.50538229227802
34.66796875,F4,2.613645903561214e-13,-12.582753250935331
34.912109375,F4,2.4854603071249524e-13,-12.604593168165398
35.15625,F4,2.302177806406258e-13,-12.637861137109793
35.400390625,F4,2.542899035550975e-13,-12.594670882912594
35.64453125,F4,2.734589764583661e-13,-12.56310781607303
35.888671875,F4,2.31277958349759e-13,-12.63586575513776
36.1328125,F4,2.1235792906088659e-13,-12.672931518600304
36.376953125,F4,2.2481159594781052e-13,-12.648181291295758
36.62109375,F4,2.5679672083508095e-13,-12.590410526289798
36.865234375,F4,1.9824202030724442e-13,-12.702804285000411
37.109375,F4,2.017525022678757e-13,-12.69518107016529
37.353515625,F4,2.2494668088735483e-13,-12.647920410513267
37.59765625,F4,2.2520399516564722e-13,-12.647423909278043
37.841796875,F4,2.251795756462381e-13,-12.647471003635953
38.0859375,F4,1.9771428891450558e-13,-12.703961942863991
38.330078125,F4,1.80104075162505e-13,-12.744476460414415
38.57421875,F4,1.94006537684337e-13,-12.71218363485126
38.818359375,F4,2.0015001685405018e-13,-12.6986443689882
39.0625,F4,2.2997499635948244e-13,-12.638319379344985
39.306640625,F4,2.544351680952704e-13,-12.59442286057816
39.55078125,F4,1.946420824108944e-13,-12.710763257680183
39.794921875,F4,1.830395727292601e-13,-12.737455006662973
0.0,C3,5.256314528502067e-10,-9.279318655262227
0.244140625,C3,3.54374020546882e-09,-8.45053812410636
0.48828125,C3,1.6546438880721283e-09,-8.781295460550911
0.732421875,C3,6.948954133361153e-10,-9.15808055487601
0.9765625,C3,4.4072754399060516e-10,-9.355829806696065
1.220703125,C3,2.741516343864154e-10,-9.562009160676412
1.46484375,C3,1.903178690044818e-10,-9.720520433753345
1.708984375,C3,1.4502526381670559e-10,-9.838556335830816
1.953125,C3,1.0478754590580666e-10,-9.979690330575476
2.197265625,C3,8.822601210968071e-11,-10.054403350807288
2.44140625,C3,6.728020499020145e-11,-10.172112693994066
2.685546875,C3,5.1485945105168105e-11,-10.288311310693544
2.9296875,C3,4.2089910682606845e-11,-10.375821995850746
3.173828125,C3,3.2729874660671997e-11,-10.485055657823152
3.41796875,C3,2.9498929664542555e-11,-10.530193741622378
3.662109375,C3,2.5572818931669308e-11,-10.592221396377612
3.90625,C3,2.2163201972772918e-11,-10.654367495809582
4.150390625,C3,1.7962898487743223e-11,-10.745623584391002
4.39453125,C3,1.3782669276458856e-11,-10.860666664883118
4.638671875,C3,1.2696193857769136e-11,-10.896326454974329
4.8828125,C3,1.1989055384700606e-11,-10.921215033529428
5.126953125,C3,1.1294161368161471e-11,-10.947146011463543
5.37109375,C3,1.0049166970431111e-11,-10.997869937759868
5.615234375,C3,8.201623417911549e-12,-11.086100175462779
5.859375,C3,7.956376490933262e-12,-11.099284674508613
6.103515625,C3,6.980364691660569e-12,-11.156121886912898
6.34765625,C3,6.6694381092924735e-12,-11.175910753236801
6.591796875,C3,5.539235584119401e-12,-11.256550163882498
6.8359375,C3,5.512947497308855e-12,-11.258616143515221
7.080078125,C3,5.400555615267845e-12,-11.267561557171138
7.32421875,C3,4.946663928560532e-12,-11.30568759416979
7.568359375,C3,4.891690807563111e-12,-11.310541001515736
7.8125,C3,4.149675320078442e-12,-11.381985882134778
8.056640625,C3,3.766846592361733e-12,-11.424022066403428
8.30078125,C3,3.4868954663580005e-12,-11.457561072143491
8.544921875,C3,2.9424510662488545e-12,-11.531290750858295
8.7890625,C3,3.2036026588779955e-12,-11.494361354559626
9.033203125,C3,2.779574629967444e-12,-11.556021660913808
9.27734375,C3,2.646076415633425e-12,-11.577397618043936
9.521484375,C3,2.1659412919205048e-12,-11.664353319151376
9.765625,C3,2.111327629547666e-12,-11.675444368935736
10.009765625,C3,2.0420354365173767e-12,-11.689936725642635
10.25390625,C3,2.176756417354921e-12,-11.662190166511166
10.498046875,C3,1.97489396567324e-12,-11.704456217181432
10.7421875,C3,1.930044051786191e-12,-11.71443277843817
10.986328125,C3,2.070746144697828e-12,-11.683873138535024
11.23046875,C3,1.883546483550816e-12,-11.72502365748858
11.474609375,C3,1.6965486708932788e-12,-11.77043367672197
11.71875,C3,1.7206455037721233e-12,-11.764308596037292
11.962890625,C3,1.5826249846640058e-12,-11.800621982412338
12.20703125,C3,1.6286343372647856e-12,-11.78817641301155
12.451171875,C3,1.7032288599432572e-12,-11.768726992711164
12.6953125,C3,1.5304795724960545e-12,-11.815172462611205
12.939453125,C3,1.4389280936750742e-12,-11.84196090814845
13.18359375,C3,1.262292688345808e-12,-11.898839933368036
13.427734375,C3,1.2988796293813073e-12,-11.886431094283168
13.671875,C3,1.245854583733772e-12,-11.90453264561224
13.916015625,C3,1.1905607837708945e-12,-11.924248426901348
14.16015625,C3,1.3297188926759985e-12,-11.876240160734536
14.404296875,C3,1.5382207762111062e-12,-11.812981327077456
14.6484375,C3,1.529744489094979e-12,-11.815381102674507
14.892578125,C3,1.169269276169919e-12,-11.932085461731434
15.13671875,C3,1.070438239166909e-12,-11.970438385037246
15.380859375,C3,1.0982985335260038e-12,-11.959279596278611
15.625,C3,1.1156816049400285e-12,-11.952459727393624
15.869140625,C3,1.0843980751283356e-12,-11.964811261989638
16.11328125,C3,1.0237752646847809e-12,-11.989795367597534
16.357421875,C3,1.2174346185463892e-12,-11.914554352960941
16.6015625,C3,9.958923013519472e-13,-12.00178762488709
16.845703125,C3,9.42118980494264e-13,-12.025894246560517
17.08984375,C3,9.347953972106056e-13,-12.029283434674074
17.333984375,C3,8.519811979814262e-13,-12.06956998939177
17.578125,C3,8.86666106596104e-13,-12.052239892414496
17.822265625,C3,8.123719284865023e-13,-12.090245092054582
18.06640625,C3,8.772024624524804e-13,-12.05690015785632
18.310546875,C3,8.805242035209515e-13,-12.055258701807865
18.5546875,C3,7.864687161519323e-13,-12.104318547894861
18.798828125,C3,7.657916655974368e-13,-12.11588936455498
19.04296875,C3,6.646757565238652e-13,-12.177390161454413
19.287109375,C3,7.226615174631271e-13,-12.141065071334841
19.53125,C3,7.14386527418012e-13,-12.14606674438153
19.775390625,C3,6.770794375572902e-13,-12.16936037523079
20.01953125,C3,6.488241810687058e-13,-12.187872972747257
20.263671875,C3,7.13818404956407e-13,-12.146412258470637
20.5078125,C3,6.63984698997712e-13,-12.177841928489553
20.751953125,C3,5.203591954907718e-13,-12.283696766430184
20.99609375,C3,5.806296377712695e-13,-12.236100799727211
21.240234375,C3,6.809933089279889e-13,-12.166857155208989
21.484375,C3,6.036214306687872e-13,-12.219235349651955
21.728515625,C3,5.502640235745356e-13,-12.25942888056302
21.97265625,C3,5.473088150905414e-13,-12.261767556947301
22.216796875,C3,5.697417425121445e-13,-12.244321960500194
22.4609375,C3,5.515266266486079e-13,-12.258433515812333
22.705078125,C3,5.909320716110036e-13,-12.228462438949583
22.94921875,C3,5.579228884119343e-13,-12.253425821584608
23.193359375,C3,5.84719674789025e-13,-12.233052292671099
23.4375,C3,4.99884872367116e-13,-12.301130005769702
23.681640625,C3,4.344682018666199e-13,-12.36204200347126
23.92578125,C3,4.654419667230777e-13,-12.332134460983628
24.169921875,C3,5.485913845416217e-13,-12.260751017138732
24.4140625,C3,4.899424660224193e-13,-12.309854916208266
24.658203125,C3,4.312058113695216e-13,-12.365315394786279
24.90234375,C3,4.918459914412733e-13,-12.308170863772828
25.146484375,C3,5.146887687348427e-13,-12.288455308590128
25.390625,C3,4.2202388274295233e-13,-12.374662971194756
25.634765625,C3,3.936001506722709e-13,-12.404944743990383
25.87890625,C3,3.6673287623080733e-13,-12.435650155418118
26.123046875,C3,3.498853142798631e-13,-12.456074285756781
26.3671875,C3,3.2549226555904245e-13,-12.487459326803737
26.611328125,C3,3.2279189037726113e-13,-12.491077384757425
26.85546875,C3,2.6671430332337506e-13,-12.573953693392061
27.099609375,C3,3.030776973448481e-13,-12.518446020994421
27.34375,C3,3.2077942312847377e-13,-12.493793497957615
27.587890625,C3,2.9192806849031e-13,-12.534724146175355
27.83203125,C3,2.895453490166775e-13,-12.538283406771413
28.076171875,C3,3.091036263367718e-13,-12.509895899858043
28.3203125,C3,2.780728255918713e-13,-12.555841450086346
28.564453125,C3,2.378841031320527e-13,-12.62363457920151
28.80859375,C3,2.222722069386659e-13,-12.653114838370666
29.052734375,C3,2.311148334201554e-13,-12.636172179723037
29.296875,C3,2.286657939918531e-13,-12.6407987964411
29.541015625,C3,2.1525759233204843e-13,-12.667041521640797
29.78515625,C3,2.00633634882184e-13,-12.697596258657358
30.029296875,C3,1.984299087559175e-13,-12.702392867319471
30.2734375,C3,2.0967622605061123e-13,-12.678450808830554
30.517578125,C3,2.0132000111672255e-13,-12.696113075865865
30.76171875,C3,1.987186621561469e-13,-12.701761345316713
31.005859375,C3,1.849631480111304e-13,-12.732914791649334
31.25,C3,1.957568489744929e-13,-12.708283034277455
31.494140625,C3,1.9314523690891735e-13,-12.714115997380306
31.73828125,C3,2.0498761852427618e-13,-12.688272370012422
31.982421875,C3,1.8952249591033465e-13,-12.722339232820602
32.2265625,C3,1.6520267811362722e-13,-12.781982916576515
32.470703125,C3,1.6195181855604164e-13,-12.790614170936177
32.71484375,C3,1.547231344262447e-13,-12.810444745108065
32.958984375,C3,1.6895827522792192e-13,-12.772220532519976
33.203125,C3,1.671815631267756e-13,-12.776811618486708
33.447265625,C3,1.5652423628959045e-13,-12.805418406539976
33.69140625,C3,1.5779070360226585e-13,-12.801918587268348
33.935546875,C3,1.6163592630307558e-13,-12.791462103579484
34.1796875,C3,1.6354353437030533e-13,-12.786366620862166
34.423828125,C3,1.3981339712258954e-13,-12.854451211868977
34.66796875,C3,1.3524822400683241e-13,-12.868868429061294
34.912109375,C3,1.377790232582128e-13,-12.860816898369412
35.15625,C3,1.2812864815228352e-13,-12.892353755942803
35.400390625,C3,1.3761387126368732e-13,-12.861337787687349
35.64453125,C3,1.356617032855881e-13,-12.867542734500185
35.888671875,C3,1.2750977293645152e-13,-12.89445652762441
36.1328125,C3,1.251542844272225e-13,-12.90255427852678
36.376953125,C3,1.3747822896741408e-13,-12.861766071200462
36.62109375,C3,1.4049992419355365e-13,-12.852323910081536
36.865234375,C3,1.269636076949853e-13,-12.896320745517828
37.109375,C3,1.231941843694598e-13,-12.909409793436746
37.353515625,C3,1.1914065872837434e-13,-12.92394000301754
37.59765625,C3,1.4073670325643665e-13,-12.851592626495401
37.841796875,C3,1.285875301465168e-13,-12.890801145339786
38.0859375,C3,1.1665785028363568e-13,-12.933086030808084
38.330078125,C3,1.300123777671276e-13,-12.886015298923446
38.57421875,C3,1.2795693275186877e-13,-12.892936178910716
38.818359375,C3,1.1974133840155724e-13,-12.921755891862938
39.0625,C3,1.1024506643136261e-13,-12.957640836504812
39.306640625,C3,1.0778515867855633e-13,-12.967441034582851
39.55078125,C3,1.1309212176248483e-13,-12.946567647897275
39.794921875,C3,9.736860328825218e-14,-13.011581059721081
0.0,C4,5.514154459546412e-10,-9.258521072835041
0.244140625,C4,3.700755591810159e-09,-8.431709595973022
0.48828125,C4,1.679002466886918e-09,-8.77494866577107
0.732421875,C4,6.936750517114484e-10,-9.158843924786744
0.9765625,C4,4.37628496148571e-10,-9.358894406699422
1.220703125,C4,2.7896076882622405e-10,-9.554456868698733
1.46484375,C4,1.9231125225645159e-10,-9.71599530416548
1.708984375,C4,1.4741405370563758e-10,-9.83146111107762
1.953125,C4,1.0799981820742687e-10,-9.966576975546179
2.197265625,C4,8.727245474665876e-11,-10.059122808289779
2.44140625,C4,6.693222342176715e-11,-10.174364747926939
2.685546875,C4,5.1429781976389545e-11,-10.288785316757107
2.9296875,C4,4.2534547505183e-11,-10.371258182984796
3.173828125,C4,3.307779578271532e-11,-10.480463438396946
3.41796875,C4,2.9568896937851055e-11,-10.52916487644581
3.662109375,C4,2.5672793907538676e-11,-10.590526865547487
3.90625,C4,2.219025323185488e-11,-10.653837741635964
4.150390625,C4,1.7602029286539356e-11,-10.754437260757294
4.39453125,C4,1.3432557007308651e-11,-10.871841307624555
4.638671875,C4,1.2486659358596359e-11,-10.903553735860012
4.8828125,C4,1.1749266715362959e-11,-10.929989237341955
5.126953125,C4,1.1184313329935236e-11,-10.951390674613794
5.37109375,C4,1.0424858621362467e-11,-10.98192982607876
5.615234375,C4,8.40405753575287e-12,-11.075510982994494
5.859375,C4,7.987859593546673e-12,-11.097569577537417
6.103515625,C4,6.972429107929471e-12,-11.156615892722229
6.34765625,C4,6.671427132634378e-12,-11.17578125311031
6.591796875,C4,5.641704497717913e-12,-11.248589665144747
6.8359375,C4,5.552188463192197e-12,-11.255535800634025
7.080078125,C4,5.226049516555184e-12,-11.28182647967092
7.32421875,C4,4.871654315577989e-12,-11.31232353609014
7.568359375,C4,4.788174373062457e-12,-11.319830042083533
7.8125,C4,4.4459297259280175e-12,-11.352037406208078
8.056640625,C4,3.961256150025661e-12,-11.402167073539697
8.30078125,C4,3.276640707720253e-12,-11.484571177540174
8.544921875,C4,2.9650670880101672e-12,-11.527965475782688
8.7890625,C4,3.106267191652462e-12,-11.507761190310799
9.033203125,C4,2.9874664394162067e-12,-11.524696964791326
9.27734375,C4,2.741325568609704e-12,-11.562039383193001
9.521484375,C4,2.073548182675349e-12,-11.683285868558027
9.765625,C4,2.2194787165903663e-12,-11.653749015230495
10.009765625,C4,1.926567031113761e-12,-11.715215875965082
10.25390625,C4,2.158964619360848e-12,-11.665754474730269
10.498046875,C4,1.9255237138782608e-12,-11.715451128434106
10.7421875,C4,2.0068516173371125e-12,-11.697484737205585
10.986328125,C4,1.9386593782038218e-12,-11.71249848961205
11.23046875,C4,1.910986702826764e-12,-11.718742334875417
11.474609375,C4,1.7504723734351529e-12,-11.75684473903168
11.71875,C4,1.680993977398133e-12,-11.774433842531643
11.962890625,C4,1.5126923517201389e-12,-11.820249388920667
12.20703125,C4,1.3866026578086933e-12,-11.858047971690583
12.451171875,C4,1.7443839443694173e-12,-11.758357919306485
12.6953125,C4,1.7934992983351514e-12,-11.746298788895587
12.939453125,C4,1.572132193103135e-12,-11.803510939008143
13.18359375,C4,1.4022800517498505e-12,-11.853165244012843
13.427734375,C4,1.4160668924625698e-12,-11.848916230868562
13.671875,C4,1.4012508427471065e-12,-11.85348411320139
13.916015625,C4,1.3693316111557718e-12,-11.863491365996477
14.16015625,C4,1.2586489618796873e-12,-11.900095378054463
14.404296875,C4,1.3328686905307526e-12,-11.875212633622052
14.6484375,C4,1.2942843265118217e-12,-11.887970308001911
14.892578125,C4,1.159371660488557e-12,-11.935777319666354
15.13671875,C4,1.1018168050307776e-12,-11.957890608005103
15.380859375,C4,1.1911490775756705e-12,-11.924033881240272
15.625,C4,1.1494625377355854e-12,-11.939505178304955
15.869140625,C4,8.852137753340654e-13,-12.052951836379414
16.11328125,C4,1.030939625257426e-12,-11.986766767485932
16.357421875,C4,1.0329407450972767e-12,-11.985924591176783
16.6015625,C4,1.071349046292877e-12,-11.970069012658005
16.845703125,C4,9.342133127728175e-13,-12.029553948199405
17.08984375,C4,1.0101337800730706e-12,-11.995621105326235
17.333984375,C4,1.0415825526343048e-12,-11.982306303505249
17.578125,C4,9.349458893066772e-13,-12.029213523518443
17.822265625,C4,9.255514057282137e-13,-12.033599455242669
18.06640625,C4,9.56442768289679e-13,-12.019341012212344
18.310546875,C4,7.541136029982804e-13,-12.122563225166154
18.5546875,C4,7.585523298564465e-13,-12.120014453395427
18.798828125,C4,7.735657496988534e-13,-12.111502767267973
19.04296875,C4,7.622311546786009e-13,-12.117913304280087
19.287109375,C4,6.983137657859584e-13,-12.15594939667307
19.53125,C4,6.479242186030236e-13,-12.188475786362629
19.775390625,C4,6.500886605549502e-13,-12.187027409258725
20.01953125,C4,6.081428592828184e-13,-12.215994388308905
20.263671875,C4,7.095151642445386e-13,-12.149038318067893
20.5078125,C4,6.831142710503896e-13,-12.16550664165437
20.751953125,C4,6.956694200003106e-13,-12.157597086791858
20.99609375,C4,6.607636702304811e-13,-12.179953843187926
21.240234375,C4,7.151199839038528e-13,-12.145621085505622
21.484375,C4,6.506093754025621e-13,-12.186679682744511
21.728515625,C4,5.186267622969792e-13,-12.2851450764251
21.97265625,C4,5.325800477455349e-13,-12.27361510773622
22.216796875,C4,5.735638562529287e-13,-12.241418224014735
22.4609375,C4,6.260167878738777e-13,-12.203414020170996
22.705078125,C4,6.354804708315273e-13,-12.196897791357692
22.94921875,C4,5.395820433251383e-13,-12.267942511584579
23.193359375,C4,5.296387350599984e-13,-12.276020260336397
23.4375,C4,5.084893235337061e-13,-12.293718161284156
23.681640625,C4,5.109089645975326e-13,-12.29165647695938
23.92578125,C4,5.330776770283841e-13,-12.273209503455858
24.169921875,C4,5.280432041690594e-13,-12.27733054230597
24.4140625,C4,5.494669690182763e-13,-12.26005840989065
24.658203125,C4,5.456292874461468e-13,-12.263102326337503
24.90234375,C4,4.3408787202287873e-13,-12.362422347741393
25.146484375,C4,4.240278542841945e-13,-12.372605613773798
25.390625,C4,4.10137395293651e-13,-12.387070631031285
25.634765625,C4,4.124679396023183e-13,-12.384609802738098
25.87890625,C4,3.8903114030363984e-13,-12.410015633839462
26.123046875,C4,3.6496369802477273e-13,-12.437750331520473
26.3671875,C4,3.219796144986604e-13,-12.492171623928398
26.611328125,C4,3.21952183331049e-13,-12.492208625377225
26.85546875,C4,3.2010889860142217e-13,-12.494702252879366
27.099609375,C4,2.85766580838588e-13,-12.543988561430348
27.34375,C4,3.293222706331343e-13,-12.482378898847664
27.587890625,C4,2.618958652302741e-13,-12.581871358091954
27.83203125,C4,2.770395187090323e-13,-12.5574582759424
28.076171875,C4,2.604867628228679e-13,-12.584214341381928
28.3203125,C4,2.6520513894334415e-13,-12.576418064757785
28.564453125,C4,2.4196050125243015e-13,-12.616255524466641
28.80859375,C4,2.440973288776639e-13,-12.612436972979527
29.052734375,C4,2.210935435344289e-13,-12.655423939684116
29.296875,C4,2.264403851975405e-13,-12.645046115008853
29.541015625,C4,2.1816065973790674e-13,-12.661223561717971
29.78515625,C4,2.090569981122215e-13,-12.679735290009514
30.029296875,C4,1.833930649977244e-13,-12.736617091185986
30.2734375,C4,1.871299919873028e-13,-12.727856601004953
30.517578125,C4,2.0961185584864341e-13,-12.67858415687902
30.76171875,C4,2.0853483900764545e-13,-12.680821378940482
31.005859375,C4,2.0521613626949243e-13,-12.687788493378573
31.25,C4,1.894521843220471e-13,-12.722500383086043
31.494140625,C4,1.957615248879932e-13,-12.708272660698249
31.73828125,C4,1.950247133635827e-13,-12.709910351727872
31.982421875,C4,1.7732171029117376e-13,-12.751238088525211
32.2265625,C4,1.568504155035379e-13,-12.804514326499836
32.470703125,C4,1.5658986251684806e-13,-12.805236357191882
32.71484375,C4,1.6182439774524946e-13,-12.790956000601716
32.958984375,C4,1.6545104771762844e-13,-12.781330478328583
33.203125,C4,1.6562001485939831e-13,-12.780887180729007
33.447265625,C4,1.481783762259711e-13,-12.829215168630167
33.69140625,C4,1.467517676081418e-13,-12.83341665902182
33.935546875,C4,1.4282041763481334e-13,-12.84520970129745
34.1796875,C4,1.39020260801065e-13,-12.856921901092118
34.423828125,C4,1.4763828850359686e-13,-12.830800998004639
34.66796875,C4,1.4555590453401298e-13,-12.836970172536896
34.912109375,C4,1.3329721964112006e-13,-12.875178909154126
35.15625,C4,1.408348056546741e-13,-12.851290001189987
35.400390625,C4,1.424596054762821e-13,-12.846308262712991
35.64453125,C4,1.3366113299594922e-13,-12.873994861843155
35.888671875,C4,1.266304267336625e-13,-12.897461929588358
36.1328125,C4,1.2221632979665006e-13,-12.912870762450552
36.376953125,C4,1.3308811240808037e-13,-12.875860734503814
36.62109375,C4,1.329501777439611e-13,-12.876311077714362
36.865234375,C4,1.2013655534167333e-13,-12.920324824673918
37.109375,C4,1.332952687167527e-13,-12.875185265489915
37.353515625,C4,1.399543978353402e-13,-12.854013449998021
37.59765625,C4,1.4634423555263966e-13,-12.83462437959838
37.841796875,C4,1.2184702490343525e-13,-12.914185070367603
38.0859375,C4,9.997663754470325e-14,-13.000101473708026
38.330078125,C4,1.008182468400907e-13,-12.99646085891428
38.57421875,C4,1.0688403874177488e-13,-12.97108714421988
38.818359375,C4,1.0367133344618141e-13,-12.9843413154262
39.0625,C4,1.209579084060068e-13,-12.917365731561645
39.306640625,C4,1.1797182914117464e-13,-12.928221686839409
39.55078125,C4,1.0347226317694765e-13,-12.98517605178749
39.794921875,C4,1.0244621375533525e-13,-12.989504087780608
0.0,P3,5.445145237619043e-10,-9.263990531876011
0.244140625,P3,3.787167394270822e-09,-8.421685498470024
0.48828125,P3,1.7262202898881903e-09,-8.76290378302513
0.732421875,P3,7.197352171105035e-10,-9.142827246482208
0.9765625,P3,4.556800433054475e-10,-9.341339991106178
1.220703125,P3,2.832496088030589e-10,-9.54783068126965
1.46484375,P3,1.956013025007708e-10,-9.708628257590268
1.708984375,P3,1.5010818847674151e-10,-9.823595616129376
1.953125,P3,1.10431604313735e-10,-9.956906618501593
2.197265625,P3,8.976135850024989e-11,-10.046910583174617
2.44140625,P3,6.887825096079683e-11,-10.161917889541028
2.685546875,P3,5.406361946591069e-11,-10.267094882398803
2.9296875,P3,4.3983469311309545e-11,-10.356710517509708
3.173828125,P3,3.38235527406658e-11,-10.470780777145405
3.41796875,P3,2.9999251484926466e-11,-10.522889581281055
3.662109375,P3,2.6693041582953848e-11,-10.573601936986874
3.90625,P3,2.34127823623724e-11,-10.630546971915445
4.150390625,P3,1.8970365312420493e-11,-10.721924305819783
4.39453125,P3,1.5013849250417082e-11,-10.82350794906912
4.638671875,P3,1.3448495311795188e-11,-10.871326304088356
4.8828125,P3,1.24308506212918e-11,-10.905499152332325
5.126953125,P3,1.1601913455749489e-11,-10.935470378467683
5.37109375,P3,1.0302442747020314e-11,-10.987059790268285
5.615234375,P3,8.589536643238093e-12,-11.066030263259846
5.859375,P3,8.22974128835402e-12,-11.08461381713357
6.103515625,P3,7.453174075851659e-12,-11.127658735297464
6.34765625,P3,7.193247146746594e-12,-11.143075017882957
6.591796875,P3,6.017721519866924e-12,-11.2205679138348
6.8359375,P3,5.9099803047301075e-12,-11.228413966421838
7.080078125,P3,5.7389864755858345e-12,-11.241164798704055
7.32421875,P3,5.323167688216559e-12,-11.273829852647449
7.568359375,P3,5.221314700811685e-12,-11.282220130059331
7.8125,P3,4.613137074087116e-12,-11.336003640636651
8.056640625,P3,4.082842881921628e-12,-11.389037332501045
8.30078125,P3,3.932226558683647e-12,-11.405361467861374
8.544921875,P3,3.3586680742255768e-12,-11.473832913888344
8.7890625,P3,3.5604821532020232e-12,-11.448491186775325
9.033203125,P3,3.225978430026497e-12,-11.491338540775882
9.27734375,P3,2.970406940808789e-12,-11.527184048985427
9.521484375,P3,2.6664109149537564e-12,-11.574072921559315
9.765625,P3,2.4804892149145426e-12,-11.605462656921802
10.009765625,P3,2.460320421922107e-12,-11.609008328502062
10.25390625,P3,2.6213494784642284e-12,-11.58147507502796
10.498046875,P3,2.517258101180372e-12,-11.599072252798212
10.7421875,P3,2.62315512390949e-12,-11.581176026044847
10.986328125,P3,2.9720418498928585e-12,-11.526945079484285
11.23046875,P3,2.8209175658453945e-12,-11.549609604812925
11.474609375,P3,2.480292514784027e-12,-11.605497097373316
11.71875,P3,2.388624558943359e-12,-11.62185210675605
11.962890625,P3,1.9686385461318308e-12,-11.705834015619386
12.20703125,P3,1.9091775137515577e-12,-11.719153689385998
12.451171875,P3,1.9722848649403304e-12,-11.705030357986644
12.6953125,P3,1.8856459726765343e-12,-11.724539842110616
12.939453125,P3,1.6751150186347878e-12,-11.775955367586278
13.18359375,P3,1.6597643572032969e-12,-11.779953565954306
13.427734375,P3,1.6066611465457653e-12,-11.79407570861494
13.671875,P3,1.501317991855048e-12,-11.823527310767185
13.916015625,P3,1.4464670198840566e-12,-11.839691464017832
14.16015625,P3,1.6166078599535577e-12,-11.791395313990913
14.404296875,P3,1.80656412413078e-12,-11.743146618506753
14.6484375,P3,1.839620779724073e-12,-11.735271693429087
14.892578125,P3,1.5330678374963314e-12,-11.814438627403625
15.13671875,P3,1.4083375315800398e-12,-11.851293246802475
15.380859375,P3,1.4733914848667797e-12,-11.831681844380725
15.625,P3,1.514130869568921e-12,-11.81983658621287
15.869140625,P3,1.487634494100454e-12,-11.827503760116906
16.11328125,P3,1.4808299078686889e-12,-11.829494822853768
16.357421875,P3,1.6734355071279064e-12,-11.776391020347248
16.6015625,P3,1.3443021742408028e-12,-11.871503098949665
16.845703125,P3,1.2586822838271026e-12,-11.900083880530715
17.08984375,P3,1.2350587226522664e-12,-11.90831239275448
17.333984375,P3,1.1719905045856621e-12,-11.931075906938027
17.578125,P3,1.2878155307825205e-12,-11.890146341712851
17.822265625,P3,1.161256653550903e-12,-11.935071784651981
18.06640625,P3,1.2402604910675685e-12,-11.90648709068284
18.310546875,P3,1.2955292761999026e-12,-11.88755276843778
18.5546875,P3,1.140398750595556e-12,-11.942943267169095
18.798828125,P3,1.1125910254040632e-12,-11.953664447570826
19.04296875,P3,9.308187633560636e-13,-12.031134870830227
19.287109375,P3,9.612278900222582e-13,-12.017173636633178
19.53125,P3,1.070367736513382e-12,-11.970466990070813
19.775390625,P3,9.93233329382161e-13,-12.002948715492932
20.01953125,P3,9.975701862706182e-13,-12.001056538811428
20.263671875,P3,1.0319383213335213e-12,-11.986346259593502
20.5078125,P3,9.74192676647706e-13,-12.01135513949782
20.751953125,P3,8.070742756628169e-13,-12.093086494985346
20.99609375,P3,8.572152584102959e-13,-12.066910107130422
21.240234375,P3,9.990495333313235e-13,-12.0004129787218
21.484375,P3,9.1997688062964e-13,-12.036223086503503
21.728515625,P3,7.475634011004647e-13,-12.126351968782222
21.97265625,P3,7.018641365626801e-13,-12.153746948342668
22.216796875,P3,8.312912696454787e-13,-12.080246780504606
22.4609375,P3,8.986737881682023e-13,-12.04639792529492
22.705078125,P3,9.038540232180209e-13,-12.04390170451366
22.94921875,P3,8.648366405001391e-13,-12.063065918927627
23.193359375,P3,8.20225685875316e-13,-12.086066634634923
23.4375,P3,7.582681898710499e-13,-12.120177162730625
23.681640625,P3,8.2429131775656e-13,-12.083919274547021
23.92578125,P3,7.503354713019575e-13,-12.124744522260253
24.169921875,P3,7.689882880813296e-13,-12.114080274581385
24.4140625,P3,7.28708888012715e-13,-12.137445933382663
24.658203125,P3,6.705448958658028e-13,-12.173572138954775
24.90234375,P3,6.988552412195157e-13,-12.15561277339632
25.146484375,P3,6.441222652285592e-13,-12.191031688425559
25.390625,P3,5.814436899619584e-13,-12.235492338240675
25.634765625,P3,6.042154477587329e-13,-12.218808175470198
25.87890625,P3,5.276859218104084e-13,-12.277624492257617
26.123046875,P3,4.72289114635189e-13,-12.325792063968821
26.3671875,P3,3.759130494617844e-13,-12.424912597907161
26.611328125,P3,4.1139151924740383e-13,-12.385744665441534
26.85546875,P3,3.556725228607308e-13,-12.44894968452154
27.099609375,P3,3.6116270350004734e-13,-12.442297104705276
27.34375,P3,3.787222166168831e-13,-12.421679217532695
27.587890625,P3,3.4974933999483233e-13,-12.45624309638402
27.83203125,P3,3.34036676129388e-13,-12.476205846463452
28.076171875,P3,3.591044253097064e-13,-12.444779242950384
28.3203125,P3,3.428141654633993e-13,-12.46494124084603
28.564453125,P3,2.94026952112978e-13,-12.531612857963875
28.80859375,P3,2.640895251791918e-13,-12.578248824264842
29.052734375,P3,2.735526217109332e-13,-12.562959118615865
29.296875,P3,2.485400988485552e-13,-12.60460353327367
29.541015625,P3,2.497693134684296e-13,-12.602460919884901
29.78515625,P3,2.510778944061117e-13,-12.600191522094137
30.029296875,P3,2.345007774775125e-13,-12.629855713061334
30.2734375,P3,2.6833837493009543e-13,-12.571317214660795
30.517578125,P3,2.378313330931102e-13,-12.623730929813963
30.76171875,P3,2.532841473292501e-13,-12.596391991191995
31.005859375,P3,2.4057339164970946e-13,-12.618752408994268
31.25,P3,2.408969974766683e-13,-12.618168612983977
31.494140625,P3,2.3291664731027397e-13,-12.632799469916954
31.73828125,P3,2.584354608757887e-13,-12.587647895452289
31.982421875,P3,2.359036069752055e-13,-12.62726541868434
32.2265625,P3,2.0601617542570658e-13,-12.686098679522408
32.470703125,P3,2.055953937577321e-13,-12.686986619676805
32.71484375,P3,1.9264900703692907e-13,-12.715233225111888
32.958984375,P3,2.0995696462602203e-13,-12.677869714507908
33.203125,P3,2.1030561387103945e-13,-12.677149134157837
33.447265625,P3,1.9746708805843e-13,-12.704505278091682
33.69140625,P3,1.98998952943104e-13,-12.701149208676869
33.935546875,P3,1.9816405442808127e-13,-12.702975120684787
34.1796875,P3,1.886261745750859e-13,-12.724398042856432
34.423828125,P3,1.840336139896434e-13,-12.73510284526802
34.66796875,P3,1.7760282283451425e-13,-12.75055013578878
34.912109375,P3,1.6955393898719705e-13,-12.770692116469599
35.15625,P3,1.631109428504077e-13,-12.787516901865128
35.400390625,P3,1.71390541361417e-13,-12.766013149436693
35.64453125,P3,1.6111971806022016e-13,-12.792851306751963
35.888671875,P3,1.7560782752599926e-13,-12.755456129799029
36.1328125,P3,1.6058045295375588e-13,-12.794307321392226
36.376953125,P3,1.528744977493953e-13,-12.815664956775114
36.62109375,P3,1.6451449235707537e-13,-12.783795838300772
36.865234375,P3,1.6192435049506125e-13,-12.790687836296465
37.109375,P3,1.5813909046876977e-13,-12.80096076336026
37.353515625,P3,1.5841393937200684e-13,-12.800206606042048
37.59765625,P3,1.639962164205177e-13,-12.785166171505022
37.841796875,P3,1.5678268445852797e-13,-12.804701903764878
38.0859375,P3,1.311979270265791e-13,-12.882073026911808
38.330078125,P3,1.530122259070102e-13,-12.815273867013637
38.57421875,P3,1.4973299886123442e-13,-12.824682477251898
38.818359375,P3,1.4652620937384492e-13,-12.83408468542343
39.0625,P3,1.375235711821874e-13,-12.86162285850992
39.306640625,P3,1.310202180403551e-13,-12.882661682162174
39.55078125,P3,1.4027752281544212e-13,-12.853011912002705
39.794921875,P3,1.1622280465153674e-13,-12.934708648515304
0.0,P4,5.66040048464156e-10,-9.247152840522526
0.244140625,P4,4.112297730470328e-09,-8.385915449941894
0.48828125,P4,1.778534838775659e-09,-8.749937623230613
0.732421875,P4,7.344355542486981e-10,-9.134046306969859
0.9765625,P4,4.568459251407747e-10,-9.340230244445477
1.220703125,P4,2.8861455511473716e-10,-9.539681770794088
1.46484375,P4,1.9981107692141172e-10,-9.6993804394709
1.708984375,P4,1.5143202444728398e-10,-9.819782271665407
1.953125,P4,1.1319569122273332e-10,-9.946170104188429
2.197265625,P4,9.108880606778434e-11,-10.040534990334281
2.44140625,P4,7.046853769254838e-11,-10.152004740545392
2.685546875,P4,5.459129389198794e-11,-10.262876612169745
2.9296875,P4,4.426751430049875e-11,-10.353914863742524
3.173828125,P4,3.4335264832441547e-11,-10.464259598486045
3.41796875,P4,2.998888417495237e-11,-10.523039693149318
3.662109375,P4,2.6582622847178084e-11,-10.575402170426438
3.90625,P4,2.354594513198303e-11,-10.62808387233246
4.150390625,P4,1.8710004115346858e-11,-10.727926116975018
4.39453125,P4,1.4518379861668391e-11,-10.838081844820152
4.638671875,P4,1.3294725264919969e-11,-10.876320632921512
4.8828125,P4,1.2493017501773944e-11,-10.903332651610423
5.126953125,P4,1.1628606112204007e-11,-10.934472339790727
5.37109375,P4,1.0829390080223866e-11,-10.965396002493081
5.615234375,P4,8.757422824803225e-12,-11.057623681233768
5.859375,P4,8.329185776407948e-12,-11.079397451185805
6.103515625,P4,7.509381186543032e-12,-11.124395849725857
6.34765625,P4,7.1208177077123095e-12,-11.147470131987255
6.591796875,P4,6.074718927470247e-12,-11.216473811733378
6.8359375,P4,5.9012521325779706e-12,-11.229055829616536
7.080078125,P4,5.645410607011717e-12,-11.248304465098759
7.32421875,P4,5.20361648280416e-12,-11.283694719324057
7.568359375,P4,5.0863925395046746e-12,-11.293590126432749
7.8125,P4,4.760805436415533e-12,-11.322319566817384
8.056640625,P4,4.224571419449669e-12,-11.374217343426512
8.30078125,P4,3.7876418602344655e-12,-11.42163109236072
8.544921875,P4,3.338685619351254e-12,-11.476424473490997
8.7890625,P4,3.382028836883183e-12,-11.470822693708753
9.033203125,P4,3.440318695705112e-12,-11.463401324470563
9.27734375,P4,3.117651817093117e-12,-11.506172388941504
9.521484375,P4,2.5748022875248098e-12,-11.589256113703795
9.765625,P4,2.5206545089015264e-12,-11.598486676402104
10.009765625,P4,2.252804228631603e-12,-11.647276547343713
10.25390625,P4,2.4225709748995505e-12,-11.615723490415197
10.498046875,P4,2.244341855996417e-12,-11.648910991058852
10.7421875,P4,2.485288259296708e-12,-11.604623231815353
10.986328125,P4,2.5818256909861305e-12,-11.588073081975974
11.23046875,P4,2.5365019661799067e-12,-11.595764796701298
11.474609375,P4,2.292279973242046e-12,-11.639732339842343
11.71875,P4,2.188292898536264e-12,-11.659894549018377
11.962890625,P4,1.855730111560314e-12,-11.731485185220054
12.20703125,P4,1.6889798267585361e-12,-11.772375537628383
12.451171875,P4,1.8850026586051155e-12,-11.724688032929427
12.6953125,P4,2.153964466038638e-12,-11.666761465536938
12.939453125,P4,1.754197140749441e-12,-11.755921601204566
13.18359375,P4,1.6464001202041494e-12,-11.783464610873676
13.427734375,P4,1.6216457497788082e-12,-11.790044011850684
13.671875,P4,1.6302997315968672e-12,-11.787732542950792
13.916015625,P4,1.5147268929102321e-12,-11.819665663923443
14.16015625,P4,1.4868361847128292e-12,-11.827736878145396
14.404296875,P4,1.7277797945966256e-12,-11.762511609128875
14.6484375,P4,1.6707078231373678e-12,-11.777099493789432
14.892578125,P4,1.4379448432967036e-12,-11.842257772305913
15.13671875,P4,1.4362952744233276e-12,-11.842756268401258
15.380859375,P4,1.5162850189330038e-12,-11.819219155883825
15.625,P4,1.442641907992769e-12,-11.84084145593519
15.869140625,P4,1.275252950957015e-12,-11.894403662830797
16.11328125,P4,1.341780234783002e-12,-11.872318609827788
16.357421875,P4,1.340767318504987e-12,-11.87264658460724
16.6015625,P4,1.3428963406313786e-12,-11.871957509616662
16.845703125,P4,1.2791360894240937e-12,-11.89308324774825
17.08984375,P4,1.299797559197453e-12,-11.886124282900624
17.333984375,P4,1.2654470064597633e-12,-11.897756037217693
17.578125,P4,1.1952672391382052e-12,-11.92253498383079
17.822265625,P4,1.192733748530974e-12,-11.923456492162794
18.06640625,P4,1.1860208390733588e-12,-11.925907680099026
18.310546875,P4,1.102023360008837e-12,-11.95780919948114
18.5546875,P4,1.133047654567703e-12,-11.94575182386956
18.798828125,P4,1.0346237943379344e-12,-11.98521753788244
19.04296875,P4,9.6447008929396e-13,-12.015711236403725
19.287109375,P4,9.611312744068276e-13,-12.017217290940302
19.53125,P4,9.17766034666153e-13,-12.037268019020983
19.775390625,P4,8.98955398131613e-13,-12.046261855347803
20.01953125,P4,8.935812300204282e-13,-12.048865962300871
20.263671875,P4,9.996803225435913e-13,-12.000138856351112
20.5078125,P4,9.78014082483021e-13,-12.009654891735266
20.751953125,P4,8.355635343242626e-13,-12.07802052176416
20.99609375,P4,8.133811324461605e-13,-12.08970590590433
21.240234375,P4,9.888589150757084e-13,-12.004865666719196
21.484375,P4,8.610764977322317e-13,-12.064958264263879
21.728515625,P4,6.649975950635728e-13,-12.177179925302172
21.97265625,P4,6.412316833213975e-13,-12.192985027254096
22.216796875,P4,7.706511529250632e-13,-12.113142167531967
22.4609375,P4,8.07316184550664e-13,-12.092956340975533
22.705078125,P4,8.09148201072863e-13,-12.091971927073091
22.94921875,P4,7.765574809825612e-13,-12.109826392157434
23.193359375,P4,7.542597265573338e-13,-12.122479080671779
23.4375,P4,7.354662866425929e-13,-12.133437230292893
23.681640625,P4,8.16572520956448e-13,-12.088005238909446
23.92578125,P4,7.663888509902157e-13,-12.115550821764385
24.169921875,P4,7.374162654050181e-13,-12.132287287264566
24.4140625,P4,6.950888742576844e-13,-12.1579596628458
24.658203125,P4,7.60082343063005e-13,-12.119139356139293
24.90234375,P4,6.730502113692917e-13,-12.171952535022413
25.146484375,P4,5.714885614726489e-13,-12.242992457725435
25.390625,P4,5.232390862027589e-13,-12.281299821472505
25.634765625,P4,5.436224624788869e-13,-12.264702606521805
25.87890625,P4,5.287402250609339e-13,-12.276757648442127
26.123046875,P4,4.48941137107618e-13,-12.347810597760992
26.3671875,P4,4.3136739956107933e-13,-12.36515267964543
26.611328125,P4,4.1125712644648753e-13,-12.38588656332873
26.85546875,P4,3.6901144571883085e-13,-12.432960163013194
27.099609375,P4,3.310779991817235e-13,-12.480069678056259
27.34375,P4,3.6913532822038644e-13,-12.432814388516212
27.587890625,P4,3.210210309647736e-13,-12.4934665148451
27.83203125,P4,3.22370658930875e-13,-12.491644493058924
28.076171875,P4,3.578948198298082e-13,-12.446244587543527
28.3203125,P4,3.249219538606468e-13,-12.48822094387686
28.564453125,P4,2.7240697455607666e-13,-12.564781777183478
28.80859375,P4,2.695139910378019e-13,-12.569418684752582
29.052734375,P4,2.6602621338410584e-13,-12.57507556725178
29.296875,P4,2.7269328178332546e-13,-12.564325561436332
29.541015625,P4,2.5462278716515333e-13,-12.59410273227215
29.78515625,P4,2.5372341892722154e-13,-12.595639445109896
30.029296875,P4,2.3704909327971896e-13,-12.62516170153198
30.2734375,P4,2.543700327618763e-13,-12.594534054080022
30.517578125,P4,2.435028297923972e-13,-12.613495987401782
30.76171875,P4,2.576160585969531e-13,-12.58902706855341
31.005859375,P4,2.4884684592923306e-13,-12.604067859457674
31.25,P4,2.41533762973106e-13,-12.617022152498304
31.494140625,P4,2.2915943621091695e-13,-12.639862254893314
31.73828125,P4,2.445986429225674e-13,-12.611545956837245
31.982421875,P4,2.1551823171327586e-13,-12.666515984911351
32.2265625,P4,1.9326015947929846e-13,-12.71385766641443
32.470703125,P4,2.1828815559050725e-13,-12.660969828657505
32.71484375,P4,2.125509939085687e-13,-12.67253685989
32.958984375,P4,2.030165975243961e-13,-12.692468455098618
33.203125,P4,1.9014687892469785e-13,-12.720910798713643
33.447265625,P4,1.8575584694928965e-13,-12.731057507269417
33.69140625,P4,1.7860296663618865e-13,-12.748111331656732
33.935546875,P4,1.7870097940214757e-13,-12.74787306726054
34.1796875,P4,1.8227988123701506e-13,-12.73926126305056
34.423828125,P4,1.8286078756779099e-13,-12.737879414090111
34.66796875,P4,1.7522622872013373e-13,-12.756400885977017
34.912109375,P4,1.7219557433538886e-13,-12.763978014708258
35.15625,P4,1.6943462798139757e-13,-12.770997826565086
35.400390625,P4,1.6527835581018648e-13,-12.78178401616639
35.64453125,P4,1.5561766143372964e-13,-12.807941115393012
35.888671875,P4,1.67122478001538e-13,-12.776965133496779
36.1328125,P4,1.5543993351523037e-13,-12.808437398164674
36.376953125,P4,1.588369459830061e-13,-12.799048471869291
36.62109375,P4,1.638640808794553e-13,-12.785516233649943
36.865234375,P4,1.5739977367004997e-13,-12.802995896461827
37.109375,P4,1.7330755994175052e-13,-12.761182492281035
37.353515625,P4,1.7922982464646267e-13,-12.746589720111217
37.59765625,P4,1.770763536297331e-13,-12.751839429627404
37.841796875,P4,1.5508224734017554e-13,-12.809437914136549
38.0859375,P4,1.2989126411065814e-13,-12.886420056595291
38.330078125,P4,1.3430756944573626e-13,-12.871899510221262
38.57421875,P4,1.3025121980530525e-13,-12.885218200832796
38.818359375,P4,1.334053117120662e-13,-12.874826878055796
39.0625,P4,1.4202479450782598e-13,-12.847635830420229
39.306640625,P4,1.375647450967391e-13,-12.8614928522322
39.55078125,P4,1.3107577721451756e-13,-12.882477558455166
39.794921875,P4,1.2118716658838914e-13,-12.916543368411851
0.0,O1,6.497411074360133e-10,-9.187259655679043
0.244140625,O1,5.839618124604172e-09,-8.233615552168377
0.48828125,O1,1.8364000271567787e-09,-8.736032709483647
0.732421875,O1,7.847592676423562e-10,-9.105263546781575
0.9765625,O1,4.74026302916018e-10,-9.324197559392685
1.220703125,O1,2.909738244958412e-10,-9.53614607764062
1.46484375,O1,1.9480262974664827e-10,-9.710405184640415
1.708984375,O1,1.5067076045967575e-10,-9.821971019769606
1.953125,O1,1.0823391145714855e-10,-9.965636646334078
2.197265625,O1,9.181988628023292e-11,-10.037063249447344
2.44140625,O1,7.015939370246349e-11,-10.153914172675258
2.685546875,O1,5.321722594845984e-11,-10.273947767640248
2.9296875,O1,4.332167501091255e-11,-10.363294759942999
3.173828125,O1,3.3124525709478304e-11,-10.479850331416827
3.41796875,O1,3.1328395969690256e-11,-10.504061840654385
3.662109375,O1,2.7290463852978798e-11,-10.563989082612364
3.90625,O1,2.398085812246575e-11,-10.620135280320419
4.150390625,O1,1.946213853032639e-11,-10.710809440486377
4.39453125,O1,1.5605214200027525e-11,-10.806730265752154
4.638671875,O1,1.3526513405854307e-11,-10.868814132724813
4.8828125,O1,1.2815491138627369e-11,-10.892264745335495
5.126953125,O1,1.2043660796543491e-11,-10.919241484665745
5.37109375,O1,1.0282393395949554e-11,-10.987905784399954
5.615234375,O1,8.659132030851635e-12,-11.06252563836411
5.859375,O1,8.325786338521246e-12,-11.079574738439856
6.103515625,O1,7.820793717132888e-12,-11.106749169001713
6.34765625,O1,7.503490921998413e-12,-11.124736638550466
6.591796875,O1,6.3301570470322505e-12,-11.198585515288578
6.8359375,O1,6.318541341262216e-12,-11.199383168641134
7.080078125,O1,5.798452185245036e-12,-11.236687919733138
7.32421875,O1,5.681211439971372e-12,-11.245559047106473
7.568359375,O1,5.4109643493886666e-12,-11.266725327445128
7.8125,O1,4.949974498681222e-12,-11.305397038462504
8.056640625,O1,4.701841449907771e-12,-11.32773201974343
8.30078125,O1,4.459748797563353e-12,-11.350689602925643
8.544921875,O1,3.743430923913614e-12,-11.426730176330501
8.7890625,O1,3.659504979098184e-12,-11.436577657607208
9.033203125,O1,3.686180443254988e-12,-11.43342340932534
9.27734375,O1,3.4707556906852887e-12,-11.459575955594355
9.521484375,O1,3.1850947245678595e-12,-11.496877647239026
9.765625,O1,2.893611916552455e-12,-11.538559715719233
10.009765625,O1,2.913512095482093e-12,-11.535583174591087
10.25390625,O1,3.478509873261902e-12,-11.458606759620668
10.498046875,O1,3.575375117703536e-12,-11.446678386589525
10.7421875,O1,3.710281320694401e-12,-11.430593160090265
10.986328125,O1,4.083466744887497e-12,-11.388970976887201
11.23046875,O1,4.265301077786388e-12,-11.370050307566506
11.474609375,O1,3.828941269312217e-12,-11.416921295080686
11.71875,O1,3.627415052362107e-12,-11.440402749178954
11.962890625,O1,2.984159978706255e-12,-11.525177898355205
12.20703125,O1,2.6064307538598827e-12,-11.58395380866753
12.451171875,O1,2.7053231722019847e-12,-11.567780847555333
12.6953125,O1,2.7391606352465174e-12,-11.562382498247853
12.939453125,O1,2.4528160726372408e-12,-11.610335016666644
13.18359375,O1,2.413326779942546e-12,-11.617383867847925
13.427734375,O1,2.042112974017788e-12,-11.689920235493313
13.671875,O1,2.01298791896715e-12,-11.69615883154038
13.916015625,O1,2.098363487094549e-12,-11.678119279361717
14.16015625,O1,2.050975039106932e-12,-11.688039625074875
14.404296875,O1,2.1274222166671496e-12,-11.67214630973446
14.6484375,O1,2.0798640896935638e-12,-11.681965043414449
14.892578125,O1,1.918367132077507e-12,-11.717068275070734
15.13671875,O1,1.8065363885823081e-12,-11.74315328612954
15.380859375,O1,1.9245940382034027e-12,-11.715660863849694
15.625,O1,2.0200687292810244e-12,-11.694633854197082
15.869140625,O1,1.771540379897816e-12,-11.751648944055084
16.11328125,O1,1.7926216873894884e-12,-11.746511353725433
16.357421875,O1,1.880633071723141e-12,-11.725695930909305
16.6015625,O1,1.60596883141903e-12,-11.794262887746054
16.845703125,O1,1.6302952921054799e-12,-11.787733725585616
17.08984375,O1,1.609489807579554e-12,-11.793311769227497
17.333984375,O1,1.5608476603676778e-12,-11.80663948226124
17.578125,O1,1.6422465450527808e-12,-11.784561643125048
17.822265625,O1,1.4789336738140394e-12,-11.830051302502413
18.06640625,O1,1.5214018520785336e-12,-11.817756059392293
18.310546875,O1,1.5377198063070293e-12,-11.813122791752098
18.5546875,O1,1.4674873556993109e-12,-11.83342563207263
18.798828125,O1,1.446713413368683e-12,-11.83961749190757
19.04296875,O1,1.048478050954754e-12,-11.979440656709375
19.287109375,O1,1.0465276865891847e-12,-11.980249277622619
19.53125,O1,1.3841737284540704e-12,-11.858809397903892
19.775390625,O1,1.304687952906075e-12,-11.88449334774037
20.01953125,O1,1.2059276104731518e-12,-11.91867876128014
20.263671875,O1,1.3086919300610269e-12,-11.88316257561956
20.5078125,O1,1.2531916950855178e-12,-11.901982491854874
20.751953125,O1,1.1304794494601533e-12,-11.946737328114885
20.99609375,O1,1.1724749532109713e-12,-11.930896426052922
21.240234375,O1,1.3494063406487029e-12,-11.86985725349429
21.484375,O1,1.2391594330102973e-12,-11.906872812734452
21.728515625,O1,9.79009210346062e-13,-12.009213222411718
21.97265625,O1,9.720844136267377e-13,-12.012296020278981
22.216796875,O1,1.180030519215882e-12,-11.92810676035858
22.4609375,O1,1.203107695042019e-12,-11.91969549546226
22.705078125,O1,1.1995052719539436e-12,-11.920997838921265
22.94921875,O1,1.1462306305831517e-12,-11.940727990124042
23.193359375,O1,1.1115210702251352e-12,-11.95408230031022
23.4375,O1,1.134354326535832e-12,-11.945251268173688
23.681640625,O1,1.2102128091427085e-12,-11.917138254716633
23.92578125,O1,1.023206455121485e-12,-11.990036728679131
24.169921875,O1,1.1150302860590557e-12,-11.952713336302192
24.4140625,O1,1.040772040866381e-12,-11.982644383107255
24.658203125,O1,1.0565953042205866e-12,-11.976091323760398
24.90234375,O1,1.0721243301820514e-12,-11.969754848243037
25.146484375,O1,9.286841796181225e-13,-12.032131952710902
25.390625,O1,8.401375116519668e-13,-12.07564962386202
25.634765625,O1,8.029729213269876e-13,-12.095299100196485
25.87890625,O1,7.046633008696672e-13,-12.152018346134096
26.123046875,O1,6.439332510456908e-13,-12.191159148486362
26.3671875,O1,5.43226477506828e-13,-12.265019070180303
26.611328125,O1,6.01580691238305e-13,-12.220706111617265
26.85546875,O1,5.456511450600813e-13,-12.263084929084078
27.099609375,O1,4.938384412948048e-13,-12.306415106805026
27.34375,O1,4.51657794755386e-13,-12.345190490269287
27.587890625,O1,4.230248320161858e-13,-12.37363413831983
27.83203125,O1,4.370793428291303e-13,-12.359439718578564
28.076171875,O1,4.607080507909786e-13,-12.336574198462435
28.3203125,O1,4.3715047701825126e-13,-12.359369043373539
28.564453125,O1,3.9120296246445394e-13,-12.407597865088185
28.80859375,O1,3.493786417069144e-13,-12.456703647928785
29.052734375,O1,3.4658324140573337e-13,-12.46019244087477
29.296875,O1,3.256242269156428e-13,-12.487283290440221
29.541015625,O1,3.690430181914148e-13,-12.432923006539513
29.78515625,O1,3.385711905171373e-13,-12.470349999362766
30.029296875,O1,3.051476048739636e-13,-12.5154900345034
30.2734375,O1,3.5406399172232495e-13,-12.450918238707779
30.517578125,O1,3.1119085658734e-13,-12.50697317193942
30.76171875,O1,3.528227346578981e-13,-12.45244343822741
31.005859375,O1,3.4089081938243763e-13,-12.467384694709025
31.25,O1,3.633595629611722e-13,-12.439663405481411
31.494140625,O1,3.239947014069794e-13,-12.489462092165384
31.73828125,O1,3.700367745381726e-13,-12.431755113269835
31.982421875,O1,3.204272375613672e-13,-12.494270574298701
32.2265625,O1,2.9733890998823573e-13,-12.526748254981186
32.470703125,O1,3.167455615145903e-13,-12.499289462074282
32.71484375,O1,2.85091360658062e-13,-12.545015943249574
32.958984375,O1,2.980187905386696e-13,-12.525756352131863
33.203125,O1,3.0191764368200205e-13,-12.520111506619715
33.447265625,O1,2.880622242135821e-13,-12.540513690318175
33.69140625,O1,2.667361709756941e-13,-12.57391808745975
33.935546875,O1,2.77622835894567e-13,-12.55654481381118
34.1796875,O1,2.772788069113712e-13,-12.557083323329389
34.423828125,O1,2.692298430150194e-13,-12.569876802032006
34.66796875,O1,2.481951155427087e-13,-12.605206769629078
34.912109375,O1,2.3892837281601816e-13,-12.621732274587611
35.15625,O1,2.395396116915171e-13,-12.62062265879823
35.400390625,O1,2.5291132354052e-13,-12.597031725653338
35.64453125,O1,2.348232126863455e-13,-12.629258974531304
35.888671875,O1,2.626941547091425e-13,-12.580549590730518
36.1328125,O1,2.524659023936981e-13,-12.597797268643207
36.376953125,O1,2.335639601954456e-13,-12.631594169675038
36.62109375,O1,2.6190521623111145e-13,-12.581855851869427
36.865234375,O1,2.668049385869429e-13,-12.573806135845416
37.109375,O1,2.5791652487859695e-13,-12.58852083144222
37.353515625,O1,2.481348968526046e-13,-12.605312153725524
37.59765625,O1,2.357613245865047e-13,-12.627527437138646
37.841796875,O1,2.343806134706714e-13,-12.630078313348932
38.0859375,O1,1.9066677137956825e-13,-12.71972498741498
38.330078125,O1,2.1615378508173226e-13,-12.66523715510735
38.57421875,O1,2.31002795329784e-13,-12.636382764744415
38.818359375,O1,2.284099242217305e-13,-12.641285030281269
39.0625,O1,2.0960059067173421e-13,-12.678607497808953
39.306640625,O1,2.1331629464216377e-13,-12.670975968728323
39.55078125,O1,2.2411305207384422e-13,-12.649532849941588
39.794921875,O1,2.0002548407673427e-13,-12.698914669891801
0.0,O2,1.2935116621868755e-09,-8.888229651369103
0.244140625,O2,1.3810459036198735e-08,-7.859791885970614
0.48828125,O2,2.414940699656056e-09,-8.617093529147809
0.732421875,O2,7.964021290420849e-10,-9.098867587632583
0.9765625,O2,4.809499953264926e-10,-9.317900075149426
1.220703125,O2,3.103397788683708e-10,-9.508162553659167
1.46484375,O2,2.0029055473953647e-10,-9.69833953059269
1.708984375,O2,1.615888314708283e-10,-9.791588659639464
1.953125,O2,1.1682715185856776e-10,-9.932456210888327
2.197265625,O2,9.318048308882172e-11,-10.030675042307355
2.44140625,O2,6.967505543563557e-11,-10.156922677076357
2.685546875,O2,5.5799627856339926e-11,-10.25336869748674
2.9296875,O2,4.4292241785532816e-11,-10.35367233799369
3.173828125,O2,3.4724671928984185e-11,-10.45936184868912
3.41796875,O2,3.176428285485155e-11,-10.498060945324674
3.662109375,O2,2.6878922008817238e-11,-10.57058815284329
3.90625,O2,2.5120057574172375e-11,-10.59997936954803
4.150390625,O2,1.9704696401366623e-11,-10.70543025210652
4.39453125,O2,1.5788205327006328e-11,-10.801667234201656
4.638671875,O2,1.4010961389596638e-11,-10.853532063724092
4.8828125,O2,1.3311654432009596e-11,-10.87576796510829
5.126953125,O2,1.223915506466587e-11,-10.91224856286196
5.37109375,O2,1.1103386757323394e-11,-10.954544532413811
5.615234375,O2,9.082113433508624e-12,-11.041813078162953
5.859375,O2,8.789827318213701e-12,-11.056019656835621
6.103515625,O2,8.199799664520487e-12,-11.086196758062151
6.34765625,O2,7.912796965445128e-12,-11.101669977696991
6.591796875,O2,6.85595391295224e-12,-11.163932110486522
6.8359375,O2,6.618589942095858e-12,-11.179234525000574
7.080078125,O2,6.155824632980659e-12,-11.210713760837574
7.32421875,O2,6.091823700928432e-12,-11.21525267375718
7.568359375,O2,5.543484296706454e-12,-11.256217178380385
7.8125,O2,5.3557957323379776e-12,-11.271175995142134
8.056640625,O2,5.041827053172768e-12,-11.297412055752183
8.30078125,O2,4.812620697141778e-12,-11.317618365546748
8.544921875,O2,3.89451317876972e-12,-11.409546822198763
8.7890625,O2,3.912587235097957e-12,-11.4075359663019
9.033203125,O2,4.046786725396084e-12,-11.39288968328432
9.27734375,O2,3.727914703236916e-12,-11.428534033103817
9.521484375,O2,3.5294931308068615e-12,-11.452287659002915
9.765625,O2,3.2098809051225613e-12,-11.493511080743913
10.009765625,O2,3.071538226709992e-12,-11.512644075315636
10.25390625,O2,3.690974855591752e-12,-11.432858913383305
10.498046875,O2,3.5638087010546678e-12,-11.448085616168862
10.7421875,O2,3.7997859706643385e-12,-11.420240865061407
10.986328125,O2,4.190055207131483e-12,-11.377780254839287
11.23046875,O2,4.6017661053818696e-12,-11.337075459053608
11.474609375,O2,4.146978641163218e-12,-11.382268201445445
11.71875,O2,3.834619964598435e-12,-11.41627767094738
11.962890625,O2,3.2290708678713952e-12,-11.490922423490812
12.20703125,O2,2.956759637327836e-12,-11.529183978965616
12.451171875,O2,2.850688480587108e-12,-11.54505023921596
12.6953125,O2,2.896928787161362e-12,-11.53806218057221
12.939453125,O2,2.6729659278884333e-12,-11.573006577129863
13.18359375,O2,2.510211060980312e-12,-11.600289761082529
13.427734375,O2,2.2230006435687884e-12,-11.653060411570765
13.671875,O2,2.2722081067567168e-12,-11.643551895022144
13.916015625,O2,2.191360981412937e-12,-11.659286075509808
14.16015625,O2,2.083698360918274e-12,-11.681165149897536
14.404296875,O2,2.422046572994453e-12,-11.615817510160749
14.6484375,O2,2.2951604211739705e-12,-11.63918695387584
14.892578125,O2,2.1342401677632918e-12,-11.670756710654086
15.13671875,O2,2.031234317236709e-12,-11.692239974766947
15.380859375,O2,2.2027795726744615e-12,-11.657028959572223
15.625,O2,2.1544108804456418e-12,-11.666671466268673
15.869140625,O2,2.000646084826128e-12,-11.69882973145443
16.11328125,O2,1.946165126953134e-12,-11.710820313768533
16.357421875,O2,1.9681815022354946e-12,-11.705934854184838
16.6015625,O2,1.8910764131759665e-12,-11.723290922159622
16.845703125,O2,1.859437514168372e-12,-11.730618411393655
17.08984375,O2,1.8930112235472464e-12,-11.722846811123269
17.333984375,O2,1.7935584242185165e-12,-11.746284471844191
17.578125,O2,1.626251981190833e-12,-11.788812161348284
17.822265625,O2,1.6159236481207205e-12,-11.791579163353031
18.06640625,O2,1.593704263547921e-12,-11.797592265515318
18.310546875,O2,1.7125386601546917e-12,-11.766359615629792
18.5546875,O2,1.6711447389506456e-12,-11.776985933945411
18.798828125,O2,1.4840360560125557e-12,-11.828555547347378
19.04296875,O2,1.165752320450936e-12,-11.933393711401642
19.287109375,O2,1.0985895229012562e-12,-11.959164547102269
19.53125,O2,1.3939667514821408e-12,-11.855747584788972
19.775390625,O2,1.3946491863343505e-12,-11.855535022210905
20.01953125,O2,1.3151170948896789e-12,-11.881035576907733
20.263671875,O2,1.2885932558385333e-12,-11.889884145967924
20.5078125,O2,1.3070810820551726e-12,-11.883697471029308
20.751953125,O2,1.1762883757538177e-12,-11.929486194717713
20.99609375,O2,1.2892641519677616e-12,-11.889658092740504
21.240234375,O2,1.4189652119186336e-12,-11.848028251799025
21.484375,O2,1.3463552585599746e-12,-11.870840329060881
21.728515625,O2,1.0609049154451504e-12,-11.974323538387036
21.97265625,O2,1.0311807647756226e-12,-11.986665196730796
22.216796875,O2,1.1958610184414732e-12,-11.922319290607842
22.4609375,O2,1.2585362090222246e-12,-11.900134284960808
22.705078125,O2,1.2242919605205765e-12,-11.912115002351397
22.94921875,O2,1.1780953887797629e-12,-11.928819543892292
23.193359375,O2,1.1838120781211126e-12,-11.926717233349981
23.4375,O2,1.1796275109719725e-12,-11.92825510749698
23.681640625,O2,1.294893980599945e-12,-11.887765787972905
23.92578125,O2,1.1041978106956794e-12,-11.956953118275148
24.169921875,O2,1.2094694023593957e-12,-11.917405114118605
24.4140625,O2,1.0500039691805413e-12,-11.978809059225348
24.658203125,O2,1.1187928094631604e-12,-11.951250333523701
24.90234375,O2,1.0791604325290994e-12,-11.96691398647301
25.146484375,O2,9.479517626432604e-13,-12.02321376155524
25.390625,O2,8.818004911128463e-13,-12.054629663632241
25.634765625,O2,8.768267921749791e-13,-12.057086188426334
25.87890625,O2,7.912927252840402e-13,-12.101662826921956
26.123046875,O2,6.710312366943178e-13,-12.173257262829187
26.3671875,O2,6.597810648419554e-13,-12.180600152495819
26.611328125,O2,6.593729751935211e-13,-12.18086885665426
26.85546875,O2,6.13217095099956e-13,-12.212385746505054
27.099609375,O2,5.789521967783727e-13,-12.237357293841537
27.34375,O2,5.328771332128693e-13,-12.27337291577437
27.587890625,O2,4.549987123974307e-13,-12.341989832352738
27.83203125,O2,4.5428759962921973e-13,-12.342669117656216
28.076171875,O2,5.29064947391791e-13,-12.276491011211483
28.3203125,O2,4.893157838258378e-13,-12.310410775006655
28.564453125,O2,3.7696267144836556e-13,-12.423701653472293
28.80859375,O2,3.7754713711619123e-13,-12.423028818573957
29.052734375,O2,3.9136211585200137e-13,-12.40742121667681
29.296875,O2,3.763323500256094e-13,-12.424428447548484
29.541015625,O2,4.1568355825837634e-13,-12.381237153022953
29.78515625,O2,3.696893477544428e-13,-12.432163063027419
30.029296875,O2,3.482802926349275e-13,-12.458071099305899
30.2734375,O2,3.9115392207715226e-13,-12.40765231075114
30.517578125,O2,3.4872601363231533e-13,-12.45751565470151
30.76171875,O2,3.932847003109784e-13,-12.405292948326485
31.005859375,O2,3.6370809226653435e-13,-12.439247036070379
31.25,O2,4.0218081184637613e-13,-12.39557865355038
31.494140625,O2,3.401232414773087e-13,-12.468363690618068
31.73828125,O2,4.186496790881782e-13,-12.378149237359752
31.982421875,O2,3.3073168090825183e-13,-12.480524201866968
32.2265625,O2,3.228536671167864e-13,-12.490994276318572
32.470703125,O2,3.87500736450834e-13,-12.411727467773852
32.71484375,O2,3.214623519458708e-13,-12.492869882147412
32.958984375,O2,3.128671621483048e-13,-12.50464001705892
33.203125,O2,3.122273380880857e-13,-12.505529073531749
33.447265625,O2,3.107440155541152e-13,-12.50759722644127
33.69140625,O2,2.949754334293901e-13,-12.530214152056832
33.935546875,O2,2.96611405968024e-13,-12.527812152519607
34.1796875,O2,2.958942527790652e-13,-12.528863470157306
34.423828125,O2,2.852564029995909e-13,-12.544764598421823
34.66796875,O2,2.8391436476063473e-13,-12.54681263361555
34.912109375,O2,2.857402710202949e-13,-12.544028547683794
35.15625,O2,2.656597883186672e-13,-12.575674177742318
35.400390625,O2,2.696804451215997e-13,-12.569150543660864
35.64453125,O2,2.394413708671705e-13,-12.620800809706358
35.888671875,O2,2.799676571945768e-13,-12.552892136919322
36.1328125,O2,2.825096432215869e-13,-12.548966723326153
36.376953125,O2,2.528155756598449e-13,-12.597196173211074
36.62109375,O2,2.7763423254518805e-13,-12.556526986023805
36.865234375,O2,2.854051082190761e-13,-12.544538258090665
37.109375,O2,3.1884065782063853e-13,-12.496426303520336
37.353515625,O2,2.8281840005768094e-13,-12.548492338921939
37.59765625,O2,2.7624441857112605e-13,-12.558706487997327
37.841796875,O2,2.884010390074945e-13,-12.540003179339541
38.0859375,O2,2.1133985963485258e-13,-12.675018585356982
38.330078125,O2,2.328817543770698e-13,-12.632864535869611
38.57421875,O2,2.2698394687620413e-13,-12.644004856593709
38.818359375,O2,2.388695962496817e-13,-12.621839124512503
39.0625,O2,2.311356545310587e-13,-12.63613305594139
39.306640625,O2,2.5044493574982816e-13,-12.601287745759818
39.55078125,O2,2.4548464951738443e-13,-12.609975659705277
39.794921875,O2,2.1420446064434552e-13,-12.669171489558998
0.0,F7,5.513323714796053e-10,-9.258586507172055
0.244140625,F7,3.680081167934039e-09,-8.434142602414223
0.48828125,F7,1.718865292871456e-09,-8.764758157550851
0.732421875,F7,7.16589655895737e-10,-9.144729465245858
0.9765625,F7,4.598872526002777e-10,-9.337348628264806
1.220703125,F7,2.8197945196414794e-10,-9.54978253786405
1.46484375,F7,1.9559019084239152e-10,-9.708652929557845
1.708984375,F7,1.5043782606606154e-10,-9.822642951069469
1.953125,F7,1.0823998014407451e-10,-9.965612296078945
2.197265625,F7,9.271676314096816e-11,-10.032841738547418
2.44140625,F7,7.303317523700187e-11,-10.13647981728363
2.685546875,F7,5.281188737929589e-11,-10.277268311516115
2.9296875,F7,4.2974051325284026e-11,-10.366793701813496
3.173828125,F7,3.443487073698227e-11,-10.463001542947884
3.41796875,F7,3.0969269727395976e-11,-10.509069035427892
3.662109375,F7,2.6004044464518055e-11,-10.584959100028406
3.90625,F7,2.2932295269374015e-11,-10.639552475015527
4.150390625,F7,1.914297686696729e-11,-10.717990525474042
4.39453125,F7,1.4623232865057916e-11,-10.83495660410552
4.638671875,F7,1.3245473289056522e-11,-10.877932518819884
4.8828125,F7,1.284777952895979e-11,-10.89117192460102
5.126953125,F7,1.2185502409483578e-11,-10.914156560105171
5.37109375,F7,1.0696748265217127e-11,-10.970748224660772
5.615234375,F7,8.5177727454063e-12,-11.069673951105733
5.859375,F7,8.348755181772163e-12,-11.078378273976156
6.103515625,F7,7.214523416877344e-12,-11.14179235261713
6.34765625,F7,6.968684013871216e-12,-11.156849227565527
6.591796875,F7,5.5888519685964846e-12,-11.252677393349401
6.8359375,F7,5.932848131884701e-12,-11.226736768522247
7.080078125,F7,5.9667503640776935e-12,-11.224262131717063
7.32421875,F7,5.094410665351254e-12,-11.29290604906473
7.568359375,F7,5.090290642703221e-12,-11.293257419840334
7.8125,F7,4.587124074994658e-12,-11.33845951267884
8.056640625,F7,4.261237220259645e-12,-11.3704642882398
8.30078125,F7,3.8813503978916164e-12,-11.411017148550483
8.544921875,F7,3.4775693431063625e-12,-11.458724201370941
8.7890625,F7,3.3057462144045365e-12,-11.480730490726565
9.033203125,F7,3.0848488693145197e-12,-11.510766107750838
9.27734375,F7,3.0876214654984103e-12,-11.510375948466505
9.521484375,F7,2.514161865139981e-12,-11.599606765284053
9.765625,F7,2.34518191088454e-12,-11.62982346432236
10.009765625,F7,2.1371754842870683e-12,-11.670159816287706
10.25390625,F7,2.49247687842932e-12,-11.60336886174936
10.498046875,F7,2.157796758017243e-12,-11.66598946374411
10.7421875,F7,1.952053835694214e-12,-11.709508209096317
10.986328125,F7,2.1881677890658334e-12,-11.659919379289471
11.23046875,F7,2.2103206241837365e-12,-11.655544723955629
11.474609375,F7,1.9225957192445995e-12,-11.716112029001224
11.71875,F7,2.0142025998072357e-12,-11.69589684780772
11.962890625,F7,1.867761905545504e-12,-11.728678486616726
12.20703125,F7,1.9032590776062583e-12,-11.720502090159421
12.451171875,F7,1.9155895472397145e-12,-11.71769754142923
12.6953125,F7,1.764823977413269e-12,-11.753298604412308
12.939453125,F7,1.7637684469549785e-12,-11.753558431001531
13.18359375,F7,1.484541059274645e-12,-11.828407786232429
13.427734375,F7,1.5725002550113953e-12,-11.80340927545342
13.671875,F7,1.502882253620293e-12,-11.82307504376846
13.916015625,F7,1.6285933638982902e-12,-11.78818733917859
14.16015625,F7,1.5768070178299002e-12,-11.80222145582779
14.404296875,F7,1.6435561676991788e-12,-11.7842154495349
14.6484375,F7,1.6498184764155088e-12,-11.782563837015106
14.892578125,F7,1.5146891204709066e-12,-11.819676493972466
15.13671875,F7,1.351636582632385e-12,-11.869140062368897
15.380859375,F7,1.4725481009595286e-12,-11.831930510028055
15.625,F7,1.2224827743462654e-12,-11.912757251680064
15.869140625,F7,1.1964991543952924e-12,-11.922087603980414
16.11328125,F7,1.306222604028644e-12,-11.883982805095266
16.357421875,F7,1.4189899736782492e-12,-11.848020673176489
16.6015625,F7,1.3324314992469234e-12,-11.875355108953375
16.845703125,F7,1.2638375054265984e-12,-11.898308760731704
17.08984375,F7,1.1947176967091496e-12,-11.922734703289382
17.333984375,F7,1.147643105368182e-12,-11.940193148059388
17.578125,F7,1.119063719233332e-12,-11.951145184138703
17.822265625,F7,1.1119434703957186e-12,-11.953917291098609
18.06640625,F7,1.144720844953316e-12,-11.94130040876304
18.310546875,F7,1.0612740069985945e-12,-11.97417247249443
18.5546875,F7,1.028324795784012e-12,-11.987869692015833
18.798828125,F7,1.022498675058865e-12,-11.990337246073674
19.04296875,F7,8.479020637657799e-13,-12.071654307675344
19.287109375,F7,8.920666089794959e-13,-12.049602716439779
19.53125,F7,9.865611189774497e-13,-12.005876004367776
19.775390625,F7,1.0893092351428825e-12,-11.962848814411517
20.01953125,F7,7.876784088871627e-13,-12.103651058846639
20.263671875,F7,7.941938955946923e-13,-12.100073455373028
20.5078125,F7,8.967195418736868e-13,-12.04734336572067
20.751953125,F7,8.776920675194128e-13,-12.05665782672956
20.99609375,F7,8.757217113987183e-13,-12.057633882879088
21.240234375,F7,8.599825784117087e-13,-12.065510346635849
21.484375,F7,7.64387677493811e-13,-12.116686322715372
21.728515625,F7,7.792137023154089e-13,-12.108343419081637
21.97265625,F7,8.535211956526114e-13,-12.068785689498666
22.216796875,F7,8.312897182397148e-13,-12.080247591011844
22.4609375,F7,7.887253361784655e-13,-12.103074208133316
22.705078125,F7,8.613135813242999e-13,-12.064838704708018
22.94921875,F7,8.05135709035174e-13,-12.09413091128711
23.193359375,F7,8.031553432260015e-13,-12.09520044702387
23.4375,F7,7.265533570990139e-13,-12.138732486193536
23.681640625,F7,6.833126202385236e-13,-12.165380558130911
23.92578125,F7,7.141741357823705e-13,-12.146195882077137
24.169921875,F7,7.454211722190043e-13,-12.12759827612833
24.4140625,F7,7.563037848634815e-13,-12.12130372620549
24.658203125,F7,6.74003989810952e-13,-12.171337532622319
24.90234375,F7,5.977226541709194e-13,-12.223500283743071
25.146484375,F7,7.101338426952496e-13,-12.148659789779686
25.390625,F7,6.428924817922187e-13,-12.191861652999195
25.634765625,F7,5.526443810391559e-13,-12.257554241268128
25.87890625,F7,6.110131564576408e-13,-12.213949438341015
26.123046875,F7,4.931420527803482e-13,-12.307027961346922
26.3671875,F7,4.238672540195441e-13,-12.372770133674623
26.611328125,F7,4.922002969493982e-13,-12.3078581286189
26.85546875,F7,5.182180865729064e-13,-12.285487433569926
27.099609375,F7,4.634791690898788e-13,-12.333969780295357
27.34375,F7,4.669072660533265e-13,-12.330769367486392
27.587890625,F7,4.093660594539381e-13,-12.387888167542847
27.83203125,F7,3.8987159710756594e-13,-12.409078402844242
28.076171875,F7,4.1322683811681116e-13,-12.383811479825399
28.3203125,F7,3.8492469947734653e-13,-12.414624220621295
28.564453125,F7,3.569577226944962e-13,-12.447383217747062
28.80859375,F7,3.2713182819587135e-13,-12.485277199264285
29.052734375,F7,3.228948205456208e-13,-12.490938921308317
29.296875,F7,3.399139773996528e-13,-12.468630976685748
29.541015625,F7,3.0535703062077816e-13,-12.51519207624235
29.78515625,F7,2.8621343717007e-13,-12.543309980807464
30.029296875,F7,3.088827892759507e-13,-12.510206289596631
30.2734375,F7,3.0691371566972786e-13,-12.512983702944592
30.517578125,F7,2.960441034391648e-13,-12.528643584706407
30.76171875,F7,2.935496437139632e-13,-12.532318442396363
31.005859375,F7,2.8673119654728337e-13,-12.542525052950722
31.25,F7,2.5416340245747615e-13,-12.594886984289596
31.494140625,F7,2.872137747183381e-13,-12.541794735249002
31.73828125,F7,3.11646356267267e-13,-12.506337946462565
31.982421875,F7,2.767615512536433e-13,-12.557894243833072
32.2265625,F7,2.481691615790964e-13,-12.605252186528359
32.470703125,F7,2.271056090595217e-13,-12.643772139432768
32.71484375,F7,2.615776686135142e-13,-12.582399335316799
32.958984375,F7,2.8645541393921465e-13,-12.542942965274355
33.203125,F7,2.476088241674728e-13,-12.606233882192496
33.447265625,F7,2.3456749717034346e-13,-12.629732166037618
33.69140625,F7,2.60301373266781e-13,-12.584523540685955
33.935546875,F7,2.6849788887786263e-13,-12.571059124684348
34.1796875,F7,2.637036475539441e-13,-12.578883862995362
34.423828125,F7,2.2922146206139e-13,-12.639744721702634
34.66796875,F7,2.203106031858284e-13,-12.656964600469383
34.912109375,F7,2.239348816066381e-13,-12.649878252515766
35.15625,F7,2.022463019550123e-13,-12.694119410656185
35.400390625,F7,2.152112486568906e-13,-12.667135032717805
35.64453125,F7,2.3598114082487097e-13,-12.627122703652628
35.888671875,F7,2.0988778301851665e-13,-12.678012839750414
36.1328125,F7,2.186239239617878e-13,-12.660302315048352
36.376953125,F7,2.281258286384855e-13,-12.641825540676303
36.62109375,F7,2.4535249758346413e-13,-12.610209516728528
36.865234375,F7,2.2539998174862698e-13,-12.647046123456153
37.109375,F7,2.1701263102244357e-13,-12.663514987701225
37.353515625,F7,2.1385971846079799e-13,-12.669871009246332
37.59765625,F7,2.330424418218207e-13,-12.632564977813162
37.841796875,F7,2.1487069582505117e-13,-12.667822809772728
38.0859375,F7,1.8598695415768929e-13,-12.730517517803756
38.330078125,F7,2.305328794561272e-13,-12.637267125163586
38.57421875,F7,1.9375332003928054e-13,-12.712750846951275
38.818359375,F7,1.8092396599335585e-13,-12.74250390075062
39.0625,F7,2.154312343670291e-13,-12.666691330147405
39.306640625,F7,2.0736823980880477e-13,-12.683257758708812
39.55078125,F7,1.807618095867075e-13,-12.74289331964451
39.794921875,F7,2.0044271426196567e-13,-12.698009724962624
0.0,F8,6.996178921416242e-10,-9.155139092333707
0.244140625,F8,4.680119458991724e-09,-8.329743061515877
0.48828125,F8,1.9100422210335875e-09,-8.718957032668898
0.732421875,F8,7.757318369307098e-10,-9.110288384242814
0.9765625,F8,4.661370475690222e-10,-9.331486378905227
1.220703125,F8,2.891860498378693e-10,-9.538822660978342
1.46484375,F8,1.9522096555796867e-10,-9.709473543548452
1.708984375,F8,1.494139622921966e-10,-9.825608817091387
1.953125,F8,1.1378903792439223e-10,-9.943899574481
2.197265625,F8,9.47389540585856e-11,-10.023471414299767
2.44140625,F8,7.343676956836439e-11,-10.134086435694213
2.685546875,F8,5.455180296392877e-11,-10.263190891192126
2.9296875,F8,4.6068992680524826e-11,-10.336591283689849
3.173828125,F8,3.507892950907508e-11,-10.454953668310424
3.41796875,F8,3.041568109605474e-11,-10.516902453968564
3.662109375,F8,2.635727987235701e-11,-10.579099411884611
3.90625,F8,2.38251564835453e-11,-10.622964238235616
4.150390625,F8,1.8894003074329457e-11,-10.72367601831377
4.39453125,F8,1.4277194098566673e-11,-10.84535713620453
4.638671875,F8,1.2638940150989471e-11,-10.898289342657687
4.8828125,F8,1.1842056024643519e-11,-10.926572888606495
5.126953125,F8,1.1740186128198156e-11,-10.930325017755473
5.37109375,F8,1.1113916308040968e-11,-10.954132877938694
5.615234375,F8,9.128387332759415e-12,-11.039605940356804
5.859375,F8,8.479959775678034e-12,-11.071606207795467
6.103515625,F8,7.615817520573203e-12,-11.11828347044784
6.34765625,F8,7.19118311978014e-12,-11.143199652020225
6.591796875,F8,6.3930055927474726e-12,-11.194294915635226
6.8359375,F8,6.006613617673263e-12,-11.221370303646015
7.080078125,F8,6.099546837872399e-12,-11.214702429435468
7.32421875,F8,5.175959107522345e-12,-11.286009163453643
7.568359375,F8,4.994341966198337e-12,-11.301521724510025
7.8125,F8,5.003508742423877e-12,-11.30072533705372
8.056640625,F8,4.5174115072362094e-12,-11.345110346192692
8.30078125,F8,3.8641715633669844e-12,-11.412943599811019
8.544921875,F8,3.674484204342115e-12,-11.434803615200051
8.7890625,F8,3.423078449748084e-12,-11.465583147633293
9.033203125,F8,3.423281870811657e-12,-11.465557339863528
9.27734375,F8,3.2443752571208494e-12,-11.488868919358687
9.521484375,F8,2.541557740201479e-12,-11.594900019360436
9.765625,F8,2.683531617806346e-12,-11.571293283418521
10.009765625,F8,2.254820926367756e-12,-11.64688794326649
10.25390625,F8,2.556862890814908e-12,-11.592292559951378
10.498046875,F8,2.2833665626924078e-12,-11.641424362983905
10.7421875,F8,2.1521338441094173e-12,-11.667130722805558
10.986328125,F8,2.280167680222037e-12,-11.642033214439259
11.23046875,F8,2.400730440408127e-12,-11.619656600799031
11.474609375,F8,2.0847601209676352e-12,-11.68094390909952
11.71875,F8,2.036408014638001e-12,-11.691135202389852
11.962890625,F8,1.8887490552474705e-12,-11.723825739887022
12.20703125,F8,1.899787302098623e-12,-11.72129501941333
12.451171875,F8,2.0794084655894467e-12,-11.682060192281181
12.6953125,F8,2.1470961888852386e-12,-11.668148498942266
12.939453125,F8,2.0848560430798197e-12,-11.68092392719117
13.18359375,F8,1.705342381775039e-12,-11.768188414567145
13.427734375,F8,1.6100845901708638e-12,-11.793151306527546
13.671875,F8,1.7203735518803222e-12,-11.764377242681956
13.916015625,F8,1.818629452711133e-12,-11.740255779790939
14.16015625,F8,1.711560477863246e-12,-11.766607750491492
14.404296875,F8,1.919586594553797e-12,-11.71679229162753
14.6484375,F8,1.820583352768156e-12,-11.73978943273192
14.892578125,F8,1.7635698114170485e-12,-11.753607343984525
15.13671875,F8,1.6819948078986232e-12,-11.774175349147178
15.380859375,F8,1.6963156427891026e-12,-11.770493332995004
15.625,F8,1.6308244151907925e-12,-11.787592795316971
15.869140625,F8,1.4876178675991121e-12,-11.827508614023001
16.11328125,F8,1.6383899804818833e-12,-11.785582716609253
16.357421875,F8,1.4906609031185058e-12,-11.826621139010795
16.6015625,F8,1.3611091438005981e-12,-11.866107048455872
16.845703125,F8,1.42873235331929e-12,-11.845049120658524
17.08984375,F8,1.4678912479017999e-12,-11.83330611893336
17.333984375,F8,1.4287447710097536e-12,-11.845045346046017
17.578125,F8,1.4221582390794465e-12,-11.84705207833507
17.822265625,F8,1.4103506131717562e-12,-11.850672908311198
18.06640625,F8,1.4050266870211854e-12,-11.85231542670839
18.310546875,F8,1.1975905038281382e-12,-11.921691656345189
18.5546875,F8,1.1439675949823905e-12,-11.941586277570668
18.798828125,F8,1.1698418894738477e-12,-11.931872831560812
19.04296875,F8,1.0740750204060141e-12,-11.968965383617373
19.287109375,F8,9.991052549962818e-13,-12.000388756762858
19.53125,F8,1.0903075394454329e-12,-11.962450984769877
19.775390625,F8,1.2320353914025822e-12,-11.909376816465358
20.01953125,F8,9.081605555195997e-13,-12.041837364901681
20.263671875,F8,9.081504578056617e-13,-12.041842193789918
20.5078125,F8,9.539656730763906e-13,-12.020467252404627
20.751953125,F8,9.641921168744154e-13,-12.01583642358101
20.99609375,F8,1.0700558098505237e-12,-11.97059357065308
21.240234375,F8,9.863829714238544e-13,-12.005954433858077
21.484375,F8,9.66540492256062e-13,-12.014779946917375
21.728515625,F8,8.655347965280192e-13,-12.062715467781267
21.97265625,F8,8.645200756822085e-13,-12.063224917188473
22.216796875,F8,8.946328297327878e-13,-12.048355168861567
22.4609375,F8,9.052586463561136e-13,-12.043227318433827
22.705078125,F8,9.240320262391202e-13,-12.03431297620642
22.94921875,F8,9.19308504746582e-13,-12.036538722100822
23.193359375,F8,8.786478638853328e-13,-12.056185142460306
23.4375,F8,8.150597250777994e-13,-12.088810566325842
23.681640625,F8,7.775136773782919e-13,-12.109291962484182
23.92578125,F8,8.832106204459667e-13,-12.053935717271866
24.169921875,F8,8.163666828739997e-13,-12.08811472779138
24.4140625,F8,8.36658077922438e-13,-12.077451991481697
24.658203125,F8,8.414471393113277e-13,-12.074973161716061
24.90234375,F8,6.954519790014143e-13,-12.157732852695245
25.146484375,F8,6.890994982033166e-13,-12.161718066334927
25.390625,F8,7.152640315513754e-13,-12.145533613752603
25.634765625,F8,7.055265869466662e-13,-12.15148661572017
25.87890625,F8,6.139737989617605e-13,-12.211850161772709
26.123046875,F8,5.732226296937445e-13,-12.241676672850542
26.3671875,F8,5.21055755331913e-13,-12.283115802732292
26.611328125,F8,5.318346828602358e-13,-12.274223344169432
26.85546875,F8,5.686813960062354e-13,-12.245130979140114
27.099609375,F8,5.235271138009373e-13,-12.281060821016279
27.34375,F8,4.827711154204293e-13,-12.316258721981448
27.587890625,F8,4.567021338808864e-13,-12.340366959204191
27.83203125,F8,4.4591571237786053e-13,-12.350747224490988
28.076171875,F8,4.298712713559807e-13,-12.36666157816393
28.3203125,F8,4.164544091112524e-13,-12.380432535566085
28.564453125,F8,3.750059581517398e-13,-12.425961832080636
28.80859375,F8,3.993742302417361e-13,-12.398619961560657
29.052734375,F8,3.653488890578019e-13,-12.437292208906694
29.296875,F8,3.553012938399279e-13,-12.449403211011887
29.541015625,F8,3.581080212440879e-13,-12.445985951138248
29.78515625,F8,3.7351430209552763e-13,-12.427692764123687
30.029296875,F8,3.466930894829724e-13,-12.46005481490352
30.2734375,F8,4.3170962392186763e-13,-12.364808269690792
30.517578125,F8,3.9341105501016525e-13,-12.405153440394175
30.76171875,F8,3.452342438446631e-13,-12.461886133075083
31.005859375,F8,3.564824449811929e-13,-12.447961852167005
31.25,F8,3.543765733944984e-13,-12.45053499553718
31.494140625,F8,3.531609564251951e-13,-12.452027315701383
31.73828125,F8,3.5663961851389337e-13,-12.447770413414643
31.982421875,F8,3.302635665668229e-13,-12.481139333398236
32.2265625,F8,3.05913842895995e-13,-12.514400870327123
32.470703125,F8,3.148869457607261e-13,-12.501845343496825
32.71484375,F8,3.366906830778165e-13,-12.472768901265242
32.958984375,F8,3.553778336709569e-13,-12.449309664360232
33.203125,F8,3.368489304941491e-13,-12.472564827207627
33.447265625,F8,2.865028019249461e-13,-12.542871126385622
33.69140625,F8,2.700489988295705e-13,-12.568557428468324
33.935546875,F8,2.578139975795525e-13,-12.588693507050381
34.1796875,F8,2.8885723792394325e-13,-12.539316745827099
34.423828125,F8,3.4686944767181545e-13,-12.45983395121553
34.66796875,F8,3.091831567062822e-13,-12.509784173061483
34.912109375,F8,3.007328794159792e-13,-12.521819087468781
35.15625,F8,2.634047378623083e-13,-12.57937641764701
35.400390625,F8,2.431136308513427e-13,-12.614190690529089
35.64453125,F8,2.709851891612036e-13,-12.567054445071491
35.888671875,F8,2.909415493123705e-13,-12.536194252803982
36.1328125,F8,2.671094621950753e-13,-12.573310727080383
36.376953125,F8,2.681787509857426e-13,-12.571575636235462
36.62109375,F8,2.332771507157169e-13,-12.632127797871716
36.865234375,F8,2.1194449135940499e-13,-12.673777866679167
37.109375,F8,2.401135191190527e-13,-12.619583387158649
37.353515625,F8,2.818591753835055e-13,-12.549967822991865
37.59765625,F8,2.964639753639656e-13,-12.528028072118161
37.841796875,F8,2.71961204840606e-13,-12.565493043485324
38.0859375,F8,2.690470961995311e-13,-12.570171690892439
38.330078125,F8,2.5091605427680296e-13,-12.600471550479853
38.57421875,F8,2.2869017880376895e-13,-12.640752485952564
38.818359375,F8,2.4180942243076064e-13,-12.616526780274432
39.0625,F8,2.6643470038594266e-13,-12.574409213417939
39.306640625,F8,2.5534733466910804e-13,-12.592868670976799
39.55078125,F8,2.445441274425317e-13,-12.611642761997988
39.794921875,F8,2.336264010417617e-13,-12.6314780811706
0.0,T3,5.327104880617265e-10,-9.27350875269425
0.244140625,T3,3.738223118134995e-09,-8.42733478105161
0.48828125,T3,1.6951403308309427e-09,-8.770794343252751
0.732421875,T3,7.07261463721518e-10,-9.150420004506321
0.9765625,T3,4.5287199181110144e-10,-9.34402453773616
1.220703125,T3,2.802808017271983e-10,-9.552406648902167
1.46484375,T3,1.941077539379576e-10,-9.711957115692487
1.708984375,T3,1.4536354559151094e-10,-9.837544492606675
1.953125,T3,1.0629935469924591e-10,-9.97346937189634
2.197265625,T3,8.975669401612863e-11,-10.046933152043728
2.44140625,T3,6.858435983374384e-11,-10.163774910711986
2.685546875,T3,5.232109874284259e-11,-10.281323144405823
2.9296875,T3,4.2472084711984485e-11,-10.371896421451257
3.173828125,T3,3.314695035785049e-11,-10.479556422121417
3.41796875,T3,3.0908236449079633e-11,-10.509925774046469
3.662109375,T3,2.742282294871569e-11,-10.5618878402852
3.90625,T3,2.2919719130981067e-11,-10.639790708720898
4.150390625,T3,1.9050371788962948e-11,-10.720096544171069
4.39453125,T3,1.4458227295786796e-11,-10.839884952052044
4.638671875,T3,1.3067522301929183e-11,-10.883806750032852
4.8828125,T3,1.2701744396311042e-11,-10.896136631038653
5.126953125,T3,1.1849967986430075e-11,-10.926282822931139
5.37109375,T3,1.0216461771025216e-11,-10.990699485745042
5.615234375,T3,8.314602453763475e-12,-11.080158510877927
5.859375,T3,8.152117469516255e-12,-11.088729570906054
6.103515625,T3,7.360733858708176e-12,-11.13307888472509
6.34765625,T3,7.075995866621221e-12,-11.150212429451422
6.591796875,T3,5.7483410328030895e-12,-11.240457474311123
6.8359375,T3,5.814701447272412e-12,-11.235472578980373
7.080078125,T3,5.658410935100727e-12,-11.247305515633704
7.32421875,T3,5.204270176216266e-12,-11.283640165416735
7.568359375,T3,5.221195542526225e-12,-11.282230041428273
7.8125,T3,4.498760069149271e-12,-11.34690716829767
8.056640625,T3,4.228677404192034e-12,-11.373795444889316
8.30078125,T3,4.0907679211831895e-12,-11.388195158342862
8.544921875,T3,3.4463661433768204e-12,-11.462638584809934
8.7890625,T3,3.441414417610268e-12,-11.463263026174685
9.033203125,T3,3.1932676740515785e-12,-11.495764675418858
9.27734375,T3,3.0932148924412348e-12,-11.50958990755597
9.521484375,T3,2.6444146929427546e-12,-11.577670438469841
9.765625,T3,2.445231997779704e-12,-11.611679929760944
10.009765625,T3,2.3886839825001263e-12,-11.621841302629594
10.25390625,T3,2.657368012994671e-12,-11.575548296946376
10.498046875,T3,2.38641418138836e-12,-11.622254178821148
10.7421875,T3,2.2262808989297004e-12,-11.652420039840193
10.986328125,T3,2.5303629842571865e-12,-11.596817174178971
11.23046875,T3,2.538822228356472e-12,-11.595367707927682
11.474609375,T3,2.259469876935901e-12,-11.645993444272023
11.71875,T3,2.398398687790143e-12,-11.62007862210656
11.962890625,T3,2.196005123576089e-12,-11.658366650953171
12.20703125,T3,2.1902964161831146e-12,-11.659497107442284
12.451171875,T3,2.080986944478921e-12,-11.681730644420064
12.6953125,T3,1.873079209926489e-12,-11.727443856524067
12.939453125,T3,1.969691245623152e-12,-11.70560184532627
13.18359375,T3,1.8327744856730224e-12,-11.736890969654835
13.427734375,T3,1.800253361102992e-12,-11.744666369571277
13.671875,T3,1.7202020106357585e-12,-11.764420549050115
13.916015625,T3,1.8776846593346306e-12,-11.726377341894231
14.16015625,T3,1.974474319236484e-12,-11.704548510489815
14.404296875,T3,2.1003017115780184e-12,-11.677718313712958
14.6484375,T3,1.983918283115929e-12,-11.702476220247725
14.892578125,T3,1.7878824890355973e-12,-11.747661029186922
15.13671875,T3,1.451912127968145e-12,-11.838059667033548
15.380859375,T3,1.610711448642926e-12,-11.792982254420236
15.625,T3,1.6968048912506174e-12,-11.770368092581965
15.869140625,T3,1.5255180685893584e-12,-11.816582644106672
16.11328125,T3,1.4893080652712097e-12,-11.827015458588338
16.357421875,T3,1.55777396710903e-12,-11.807495558190276
16.6015625,T3,1.3484188209602066e-12,-11.870175194313246
16.845703125,T3,1.3438069883334408e-12,-11.871663104735523
17.08984375,T3,1.3401599682374534e-12,-11.872843358966314
17.333984375,T3,1.296852622477845e-12,-11.887109375405009
17.578125,T3,1.2661290210671858e-12,-11.897522036591582
17.822265625,T3,1.18674135195569e-12,-11.925643924397137
18.06640625,T3,1.0726622326135213e-12,-11.969537010191699
18.310546875,T3,1.1529893073633889e-12,-11.938174720263506
18.5546875,T3,1.1342486828330557e-12,-11.945291716394031
18.798828125,T3,1.087233706081194e-12,-11.963677092204406
19.04296875,T3,8.230147343494844e-13,-12.08459238958798
19.287109375,T3,9.058019170156783e-13,-12.042966764522514
19.53125,T3,1.0806387326357468e-12,-11.966319470381395
19.775390625,T3,9.400351374105782e-13,-12.026855912678686
20.01953125,T3,7.715407519904919e-13,-12.112641130006297
20.263671875,T3,9.065398386775599e-13,-12.042613105702333
20.5078125,T3,9.192158264787144e-13,-12.036582506846749
20.751953125,T3,8.369055837481943e-13,-12.077323534563552
20.99609375,T3,9.037137199916368e-13,-12.043969124301785
21.240234375,T3,9.115673431241533e-13,-12.04021124180125
21.484375,T3,8.218245437732406e-13,-12.085220892684621
21.728515625,T3,7.170841860667208e-13,-12.144429854934748
21.97265625,T3,7.694282898842134e-13,-12.11383184985304
22.216796875,T3,9.16765312860853e-13,-12.03774182722454
22.4609375,T3,9.135918313337282e-13,-12.039247792222731
22.705078125,T3,9.348300214600886e-13,-12.029267348970121
22.94921875,T3,7.908596841050175e-13,-12.101900563056688
23.193359375,T3,7.935894340637118e-13,-12.100404123059489
23.4375,T3,8.504446447985317e-13,-12.070353949236502
23.681640625,T3,7.835211388039708e-13,-12.10594928210276
23.92578125,T3,8.103969971671549e-13,-12.091302176873036
24.169921875,T3,8.811262876815522e-13,-12.054961841743877
24.4140625,T3,8.65567986519261e-13,-12.062698814547046
24.658203125,T3,8.347997551198189e-13,-12.078417687002519
24.90234375,T3,8.314201419318293e-13,-12.08017945851168
25.146484375,T3,8.338861897653736e-13,-12.078893218582502
25.390625,T3,7.642179799806484e-13,-12.116782748753705
25.634765625,T3,7.15257286049758e-13,-12.145537709509993
25.87890625,T3,6.548592730171924e-13,-12.183852018357115
26.123046875,T3,6.340361870747818e-13,-12.197885954423628
26.3671875,T3,5.496622731487527e-13,-12.25990407043029
26.611328125,T3,6.255706679747468e-13,-12.203723622856385
26.85546875,T3,6.210839466361416e-13,-12.20684969596366
27.099609375,T3,5.450837493248729e-13,-12.263536765475033
27.34375,T3,6.158112056006075e-13,-12.210552412727019
27.587890625,T3,5.10448673728341e-13,-12.292047920251314
27.83203125,T3,4.876781012034926e-13,-12.311866745618218
28.076171875,T3,4.921819248155565e-13,-12.307874339631601
28.3203125,T3,5.080976688273041e-13,-12.294052797645817
28.564453125,T3,4.586550341857007e-13,-12.33851383532531
28.80859375,T3,4.0611570466948806e-13,-12.391350215830274
29.052734375,T3,4.059125372325093e-13,-12.39156753462307
29.296875,T3,3.904759955483138e-13,-12.408405659152468
29.541015625,T3,3.891452853596082e-13,-12.409888226823098
29.78515625,T3,4.012430059664216e-13,-12.396592524672212
30.029296875,T3,3.875408935960254e-13,-12.411682463671092
30.2734375,T3,4.126288952188712e-13,-12.384440362900161
30.517578125,T3,3.6765137814157193e-13,-12.434563801735875
30.76171875,T3,3.520682715571493e-13,-12.453373111846986
31.005859375,T3,3.4512658268775114e-13,-12.462021588752592
31.25,T3,3.8030446278604254e-13,-12.419868578211926
31.494140625,T3,3.95895478353508e-13,-12.40241945843303
31.73828125,T3,4.2502591628700715e-13,-12.371584587697262
31.982421875,T3,3.796145838862608e-13,-12.420657111366811
32.2265625,T3,3.3927320580846934e-13,-12.469450437522632
32.470703125,T3,3.461707409359156e-13,-12.46070964237361
32.71484375,T3,3.7247919150412884e-13,-12.428897984036103
32.958984375,T3,3.8875668475536834e-13,-12.41032213011325
33.203125,T3,3.893320161449855e-13,-12.40967988124619
33.447265625,T3,3.4295024025703014e-13,-12.464768888556286
33.69140625,T3,2.976340418545639e-13,-12.526317397910807
33.935546875,T3,3.057559365884464e-13,-12.514625101903864
34.1796875,T3,3.409558748772406e-13,-12.46730182199663
34.423828125,T3,3.4799234827497123e-13,-12.458430305301958
34.66796875,T3,2.956138719401941e-13,-12.52927519014959
34.912109375,T3,2.9007560242864433e-13,-12.53748879714077
35.15625,T3,2.8021016996649144e-13,-12.55251610645147
35.400390625,T3,3.082060051536512e-13,-12.511158903645873
35.64453125,T3,3.110255158524511e-13,-12.50720398094306
35.888671875,T3,3.1531301413468864e-13,-12.5012581039421
36.1328125,T3,3.241067114650733e-13,-12.489311975687729
36.376953125,T3,3.243676983950574e-13,-12.488962400784118
36.62109375,T3,3.4297069240259483e-13,-12.46474298978708
36.865234375,T3,3.054029861010008e-13,-12.515126720911402
37.109375,T3,2.962387070957544e-13,-12.528358196389362
37.353515625,T3,3.012320884168776e-13,-12.521098767265137
37.59765625,T3,3.234033175593681e-13,-12.490255529295613
37.841796875,T3,3.101339910721852e-13,-12.508450631937198
38.0859375,T3,2.9454747849803655e-13,-12.530844690731675
38.330078125,T3,3.241552140191804e-13,-12.489246988401515
38.57421875,T3,3.014556826207633e-13,-12.520776525009513
38.818359375,T3,2.945805562049522e-13,-12.530795922162683
39.0625,T3,3.0353356530426e-13,-12.517793276844388
39.306640625,T3,2.993288316397752e-13,-12.52385144948456
39.55078125,T3,2.922410752594568e-13,-12.534258742868445
39.794921875,T3,2.921286562797073e-13,-12.534425838939763
0.0,T4,5.464001523267836e-10,-9.262489188252818
0.244140625,T4,3.749651474198323e-09,-8.426009097570082
0.48828125,T4,1.6749413074740121e-09,-8.776000406708786
0.732421875,T4,7.001236585858384e-10,-9.15482524641651
0.9765625,T4,4.379291389776912e-10,-9.358596156711977
1.220703125,T4,2.822298877833516e-10,-9.549396996917341
1.46484375,T4,1.919186274909773e-10,-9.716882870892801
1.708984375,T4,1.4221854297444795e-10,-9.847043775009482
1.953125,T4,1.0762166383390754e-10,-9.968100298032889
2.197265625,T4,9.025353320404223e-11,-10.04453578752775
2.44140625,T4,6.824838861958419e-11,-10.165907598087708
2.685546875,T4,5.2132958581384747e-11,-10.282887627861978
2.9296875,T4,4.3639344664988906e-11,-10.36012177986454
3.173828125,T4,3.3188717731036906e-11,-10.479009526533627
3.41796875,T4,2.9994042622741546e-11,-10.522964995713393
3.662109375,T4,2.6094554471146696e-11,-10.583450113729935
3.90625,T4,2.3109204236726917e-11,-10.636215009153025
4.150390625,T4,1.8032625008627356e-11,-10.74394104844227
4.39453125,T4,1.3544761879982102e-11,-10.86822862556022
4.638671875,T4,1.2462572747420389e-11,-10.904392293578098
4.8828125,T4,1.1910915307721144e-11,-10.924054863385528
5.126953125,T4,1.1523213541105226e-11,-10.938426389962393
5.37109375,T4,1.0592136411336709e-11,-10.975016434786049
5.615234375,T4,8.722828892919988e-12,-11.059342646564582
5.859375,T4,8.303197073570182e-12,-11.080754654121991
6.103515625,T4,7.343053767575534e-12,-11.134123291773681
6.34765625,T4,7.114041831108889e-12,-11.147883585458032
6.591796875,T4,6.047547161228871e-12,-11.218420736148126
6.8359375,T4,5.900377219615766e-12,-11.229120222398413
7.080078125,T4,5.703392183717847e-12,-11.243866763892989
7.32421875,T4,5.143025278407798e-12,-11.288781341079252
7.568359375,T4,5.036369790907628e-12,-11.297882389712981
7.8125,T4,4.607287559517641e-12,-11.336554680819962
8.056640625,T4,4.317331417223678e-12,-11.364784611722037
8.30078125,T4,3.813608881544112e-12,-11.418663849647958
8.544921875,T4,3.624411922630032e-12,-11.440762449637925
8.7890625,T4,3.327501676637547e-12,-11.477881717024061
9.033203125,T4,3.4364433309121173e-12,-11.463890813481994
9.27734375,T4,3.233510281188527e-12,-11.490325753842782
9.521484375,T4,2.515031040495896e-12,-11.599456650515451
9.765625,T4,2.668260792772248e-12,-11.573771725232724
10.009765625,T4,2.286135197275189e-12,-11.640898089909943
10.25390625,T4,2.5679069431671117e-12,-11.590420718454153
10.498046875,T4,2.360172714978473e-12,-11.627056214649606
10.7421875,T4,2.333959742790829e-12,-11.631906639136655
10.986328125,T4,2.2964535731172885e-12,-11.638942330190664
11.23046875,T4,2.397749348430276e-12,-11.620196218352742
11.474609375,T4,2.1287073061277384e-12,-11.671884049257914
11.71875,T4,2.044801633115284e-12,-11.689348816664948
11.962890625,T4,1.8270073049413528e-12,-11.738259716200075
12.20703125,T4,1.8092363612450945e-12,-11.742504692576896
12.451171875,T4,1.9285916001801057e-12,-11.714759729103868
12.6953125,T4,2.0966725336162e-12,-11.678469394021496
12.939453125,T4,2.078234861246561e-12,-11.682305374401686
13.18359375,T4,1.785153502064606e-12,-11.748324433762805
13.427734375,T4,1.5011895681871312e-12,-11.823564462174295
13.671875,T4,1.702479688730019e-12,-11.768918060692764
13.916015625,T4,1.89418525018942e-12,-11.722577549513963
14.16015625,T4,1.6413698905592124e-12,-11.784793537577768
14.404296875,T4,1.8220275085395758e-12,-11.739445070438347
14.6484375,T4,1.7669811445239222e-12,-11.752768084829912
14.892578125,T4,1.6575643050839249e-12,-11.780529614174242
15.13671875,T4,1.5214901097960917e-12,-11.817730866358685
15.380859375,T4,1.7168052213388916e-12,-11.765278974551459
15.625,T4,1.6898325050999529e-12,-11.772156340188568
15.869140625,T4,1.4877167564486176e-12,-11.827479745416875
16.11328125,T4,1.4987638620318757e-12,-11.824266787095022
16.357421875,T4,1.3866328219509488e-12,-11.858038524154932
16.6015625,T4,1.3242163023229486e-12,-11.878041069856515
16.845703125,T4,1.2788621576634333e-12,-11.893176263490275
17.08984375,T4,1.3053651715916333e-12,-11.884267978883301
17.333984375,T4,1.3041427138294837e-12,-11.884674880661422
17.578125,T4,1.1870587678777773e-12,-11.925527779837955
17.822265625,T4,1.226706036630768e-12,-11.91125949755393
18.06640625,T4,1.2367550756320006e-12,-11.907716298619373
18.310546875,T4,1.054451993767067e-12,-11.976973187680443
18.5546875,T4,1.0565249349712112e-12,-11.976120248736974
18.798828125,T4,1.0628236412330576e-12,-11.97353879379613
19.04296875,T4,9.80701793381699e-13,-12.008463030517177
19.287109375,T4,8.906872344504651e-13,-12.050274772055518
19.53125,T4,8.706619099364394e-13,-12.060150454812645
19.775390625,T4,9.215026911022108e-13,-12.035503392155016
20.01953125,T4,7.500810100784396e-13,-12.124891829501493
20.263671875,T4,8.165671618324676e-13,-12.088008089171426
20.5078125,T4,8.976800141307358e-13,-12.046878443803253
20.751953125,T4,8.978843028346224e-13,-12.046779620880168
20.99609375,T4,9.051062100627528e-13,-12.043300455338766
21.240234375,T4,8.867754055579442e-13,-12.052186360413875
21.484375,T4,7.753097337175065e-13,-12.110524763594965
21.728515625,T4,7.183595850337528e-13,-12.143658109094867
21.97265625,T4,7.577015562619704e-13,-12.120501820741476
22.216796875,T4,8.3103124592587e-13,-12.080382646880057
22.4609375,T4,8.573747293873322e-13,-12.06682932120954
22.705078125,T4,8.683336403287515e-13,-12.061313373541248
22.94921875,T4,8.668062565248748e-13,-12.062077962644764
23.193359375,T4,7.920799116445331e-13,-12.101231000941407
23.4375,T4,7.390087178393837e-13,-12.131350438347791
23.681640625,T4,7.362555713342619e-13,-12.132971405833946
23.92578125,T4,7.883776423279718e-13,-12.103265700413992
24.169921875,T4,7.60763821714245e-13,-12.118750148546269
24.4140625,T4,7.512157290901632e-13,-12.124235327310705
24.658203125,T4,8.059689495274618e-13,-12.093681689347068
24.90234375,T4,7.174945322994688e-13,-12.144181404142705
25.146484375,T4,6.303153613021608e-13,-12.200442108632801
25.390625,T4,5.659595101325874e-13,-12.247214637990158
25.634765625,T4,5.965708615891404e-13,-12.224337962774307
25.87890625,T4,5.674510964603928e-13,-12.246071560482946
26.123046875,T4,5.044552661096123e-13,-12.297177339918893
26.3671875,T4,4.948636640216598e-13,-12.305514433629186
26.611328125,T4,4.795636936661216e-13,-12.319153703465823
26.85546875,T4,4.75603382206911e-13,-12.322755065599656
27.099609375,T4,4.155570768190082e-13,-12.381369317378946
27.34375,T4,4.0229814858683125e-13,-12.395451966087384
27.587890625,T4,3.2374611758042694e-13,-12.489795431014189
27.83203125,T4,3.5202723339556493e-13,-12.453423737499381
28.076171875,T4,3.780521192297182e-13,-12.422448323089943
28.3203125,T4,3.7385636190727173e-13,-12.4272952245727
28.564453125,T4,3.19277591935021e-13,-12.495831560760479
28.80859375,T4,3.23197756251654e-13,-12.490531662906449
29.052734375,T4,2.827357396003552e-13,-12.548619290448686
29.296875,T4,2.8756109070614893e-13,-12.541269877798145
29.541015625,T4,2.9416009622668814e-13,-12.531416241071229
29.78515625,T4,2.767672854292757e-13,-12.557885245852585
30.029296875,T4,2.528109095167811e-13,-12.597204188931153
30.2734375,T4,2.976569296586244e-13,-12.526284002319452
30.517578125,T4,3.023716025613344e-13,-12.519458998323008
30.76171875,T4,3.072429659866648e-13,-12.512518051055489
31.005859375,T4,2.889682918062847e-13,-12.53914980931631
31.25,T4,2.970825512559888e-13,-12.527122855149464
31.494140625,T4,2.9604533160255233e-13,-12.528641783003655
31.73828125,T4,2.9792466167844145e-13,-12.525893545165104
31.982421875,T4,2.4490306846238773e-13,-12.611005773438231
32.2265625,T4,2.279711812746725e-13,-12.642120050387433
32.470703125,T4,2.450743430159273e-13,-12.610702152925205
32.71484375,T4,2.5675662700923986e-13,-12.59047833824129
32.958984375,T4,2.666043510361371e-13,-12.574132767091832
33.203125,T4,2.364897020894197e-13,-12.626187765806137
33.447265625,T4,1.952856779938886e-13,-12.70932960615557
33.69140625,T4,1.9441265875672962e-13,-12.711275460350029
33.935546875,T4,1.9263584834906135e-13,-12.715262890152973
34.1796875,T4,2.1728896973515145e-13,-12.662962319260437
34.423828125,T4,2.351696666417639e-13,-12.628618696455007
34.66796875,T4,2.0704630162734618e-13,-12.683932522694473
34.912109375,T4,2.10274470056004e-13,-12.677213452881224
35.15625,T4,2.0592025878734618e-13,-12.686300924645954
35.400390625,T4,1.87477657098414e-13,-12.727050482480546
35.64453125,T4,1.889685056994372e-13,-12.723610571174286
35.888671875,T4,1.979030732082841e-13,-12.70354746164486
36.1328125,T4,1.8113519884919997e-13,-12.74199714780521
36.376953125,T4,1.9640769768814417e-13,-12.706841495174466
36.62109375,T4,1.984716806318856e-13,-12.702301452743246
36.865234375,T4,1.8816246966654385e-13,-12.725466995372699
37.109375,T4,2.007865129428073e-13,-12.697265462598901
37.353515625,T4,2.229281720846847e-13,-12.651835044988562
37.59765625,T4,2.1293232162848017e-13,-12.671758410710694
37.841796875,T4,1.7692021051819792e-13,-12.752222552533063
38.0859375,T4,1.8181555032435894e-13,-12.740368975177587
38.330078125,T4,1.642135372269927e-13,-12.78459104392396
38.57421875,T4,1.607494705853224e-13,-12.793850448713238
38.818359375,T4,1.559393970906672e-13,-12.807044149227197
39.0625,T4,1.6862624266363505e-13,-12.773074836845785
39.306640625,T4,1.661017431159334e-13,-12.779625809922724
39.55078125,T4,1.577290092803112e-13,-12.802088424542136
39.794921875,T4,1.560630878824925e-13,-12.806699804334107
0.0,T5,5.763745490446532e-10,-9.23929520456433
0.244140625,T5,4.230790837192337e-09,-8.373578444888178
0.48828125,T5,1.716930996868008e-09,-8.76524715870143
0.732421875,T5,7.220901680430606e-10,-9.14140856830501
0.9765625,T5,4.6323513415292816e-10,-9.33419850888752
1.220703125,T5,2.878852473248441e-10,-9.540780589965872
1.46484375,T5,1.9657673561077767e-10,-9.706467881181954
1.708984375,T5,1.4720652058626354e-10,-9.83207295228172
1.953125,T5,1.0689564266902304e-10,-9.971039997348447
2.197265625,T5,9.083760554315979e-11,-10.041734322196671
2.44140625,T5,6.777412978592017e-11,-10.168936050016
2.685546875,T5,5.271051977822026e-11,-10.278102701187814
2.9296875,T5,4.273014068730438e-11,-10.369265677282982
3.173828125,T5,3.3322078038779195e-11,-10.477267922852464
3.41796875,T5,3.177633273665457e-11,-10.49789622557216
3.662109375,T5,2.7601911936156904e-11,-10.559060834073774
3.90625,T5,2.3472770122492883e-11,-10.629435654418383
4.150390625,T5,1.937106535275034e-11,-10.712846493679569
4.39453125,T5,1.5312219884390018e-11,-10.814961843027813
4.638671875,T5,1.3410348172840312e-11,-10.87255994641534
4.8828125,T5,1.2975280538532232e-11,-10.886883243497278
5.126953125,T5,1.1972670484142636e-11,-10.921808970130396
5.37109375,T5,1.0280557384773186e-11,-10.987983338398234
5.615234375,T5,8.515056932540157e-12,-11.069812443954419
5.859375,T5,8.264315520398604e-12,-11.082793110395476
6.103515625,T5,7.849165465086529e-12,-11.105176515633659
6.34765625,T5,7.447124643240516e-12,-11.128011377267338
6.591796875,T5,6.337624616667453e-12,-11.198073488045363
6.8359375,T5,6.26123197345867e-12,-11.203340205665967
7.080078125,T5,5.7530765092676855e-12,-11.24009985032148
7.32421875,T5,5.582543064685999e-12,-11.253167918022157
7.568359375,T5,5.4459630622740255e-12,-11.263925308626787
7.8125,T5,4.816739594208028e-12,-11.317246832169166
8.056640625,T5,4.686992368998607e-12,-11.329105753564171
8.30078125,T5,4.589674263824713e-12,-11.338218135910097
8.544921875,T5,3.742206512710464e-12,-11.42687224974465
8.7890625,T5,3.705034543073152e-12,-11.431207738616873
9.033203125,T5,3.596753795447471e-12,-11.444089289437013
9.27734375,T5,3.464761065044843e-12,-11.460326709597767
9.521484375,T5,3.171246785925825e-12,-11.498769959929577
9.765625,T5,2.936320461703905e-12,-11.532196548498876
10.009765625,T5,3.1449164793684905e-12,-11.502390883773892
10.25390625,T5,3.568768570600191e-12,-11.44748161449044
10.498046875,T5,3.5975704832839774e-12,-11.443990688648777
10.7421875,T5,3.71063939586834e-12,-11.43055124882933
10.986328125,T5,4.05504864819501e-12,-11.392003931214623
11.23046875,T5,4.2985220025993146e-12,-11.366680845921652
11.474609375,T5,4.0623691291822455e-12,-11.391220616755097
11.71875,T5,3.9799754148686886e-12,-11.400119610644866
11.962890625,T5,3.1444400626286467e-12,-11.5024566791093
12.20703125,T5,2.6548461629153205e-12,-11.575960639378236
12.451171875,T5,2.8067252282983146e-12,-11.551800101677918
12.6953125,T5,2.8042944801238214e-12,-11.552176382867426
12.939453125,T5,2.5729817885299308e-12,-11.589563287699077
13.18359375,T5,2.426187360549097e-12,-11.615075664099841
13.427734375,T5,2.0179519669712665e-12,-11.695089175426956
13.671875,T5,2.027363110157797e-12,-11.693068460179758
13.916015625,T5,2.1615885642078528e-12,-11.665226965932408
14.16015625,T5,2.1189911019909226e-12,-11.673870866962805
14.404296875,T5,2.1688240359499426e-12,-11.663775682340802
14.6484375,T5,2.1743695222498626e-12,-11.662666647997282
14.892578125,T5,2.0308796003195915e-12,-11.69231582276297
15.13671875,T5,1.7747578594711481e-12,-11.750860891887205
15.380859375,T5,1.8665360769460838e-12,-11.72896361148791
15.625,T5,2.029903872730776e-12,-11.692524527865633
15.869140625,T5,1.7750544404374281e-12,-11.750788322710859
16.11328125,T5,1.7934583351307354e-12,-11.746308708217452
16.357421875,T5,1.9081125541457067e-12,-11.719396011077064
16.6015625,T5,1.6736875335523265e-12,-11.776325618696758
16.845703125,T5,1.719454050428455e-12,-11.764609425490125
17.08984375,T5,1.6766574664503062e-12,-11.77555565273381
17.333984375,T5,1.6510719961601792e-12,-11.78223398860677
17.578125,T5,1.8170269646094324e-12,-11.740638627730936
17.822265625,T5,1.6352241375578745e-12,-11.786422710873401
18.06640625,T5,1.6441151763038397e-12,-11.784067761807462
18.310546875,T5,1.6322372951678857e-12,-11.787216703124757
18.5546875,T5,1.5589432751217596e-12,-11.80716968708813
18.798828125,T5,1.5097651935085596e-12,-11.821090591179008
19.04296875,T5,1.0811417793052438e-12,-11.966117349587504
19.287109375,T5,1.0780816335248896e-12,-11.967348352649193
19.53125,T5,1.3138686975906854e-12,-11.8814480341378
19.775390625,T5,1.2102313739870674e-12,-11.917131592625832
20.01953125,T5,1.0774113392501632e-12,-11.967618458019821
20.263671875,T5,1.1699048149688957e-12,-11.931849471600328
20.5078125,T5,1.1835375473415474e-12,-11.926817959665966
20.751953125,T5,1.0566478805752168e-12,-11.976069713733816
20.99609375,T5,1.0945754982584506e-12,-11.960754277635363
21.240234375,T5,1.231026422673288e-12,-11.909732625299347
21.484375,T5,1.1107596418264737e-12,-11.954379908225414
21.728515625,T5,9.150842854318225e-13,-12.038538902641614
21.97265625,T5,9.253477981753192e-13,-12.033695004083865
22.216796875,T5,1.1027062769601674e-12,-11.957540153274229
22.4609375,T5,1.0977403472653394e-12,-11.95950037307835
22.705078125,T5,1.1378459751908894e-12,-11.94391652234508
22.94921875,T5,1.0584843211607654e-12,-11.975315570600443
23.193359375,T5,9.941393526500624e-13,-12.00255273447081
23.4375,T5,1.0248882035275609e-12,-11.98932350557318
23.681640625,T5,1.0642257880992814e-12,-11.97296622154969
23.92578125,T5,9.337064437592014e-13,-12.02978964399982
24.169921875,T5,1.0242102235990332e-12,-11.989610893381055
24.4140625,T5,9.78412139758437e-13,-12.009478167380813
24.658203125,T5,1.0159409693379945e-12,-11.993131525748517
24.90234375,T5,1.018188337381709e-12,-11.992171881802488
25.146484375,T5,8.892103648752513e-13,-12.050995483690217
25.390625,T5,7.754318127669802e-13,-12.110456385653105
25.634765625,T5,7.693868309997349e-13,-12.113855251448872
25.87890625,T5,6.724019958052942e-13,-12.172371006169598
26.123046875,T5,6.340382308424664e-13,-12.197884554510477
26.3671875,T5,5.090314261340444e-13,-12.293255404745178
26.611328125,T5,5.806365953524337e-13,-12.236095595685242
26.85546875,T5,5.371166928163183e-13,-12.269931350165256
27.099609375,T5,4.7410048720083e-13,-12.324129598385909
27.34375,T5,4.733389807526087e-13,-12.324827728727316
27.587890625,T5,4.548219701238951e-13,-12.342158564931708
27.83203125,T5,4.562699059315823e-13,-12.340778174924159
28.076171875,T5,4.656781838643786e-13,-12.331914107459683
28.3203125,T5,4.400057043709097e-13,-12.356541693148472
28.564453125,T5,4.119964196767738e-13,-12.385106558047877
28.80859375,T5,3.605801745279414e-13,-12.442998155400119
29.052734375,T5,3.4122581731558e-13,-12.466958117324214
29.296875,T5,3.3529037735591993e-13,-12.47457891039818
29.541015625,T5,3.623450625036745e-13,-12.440877652220736
29.78515625,T5,3.4621062406389393e-13,-12.46065960918873
30.029296875,T5,3.059937195035725e-13,-12.514287487286177
30.2734375,T5,3.4712836001070705e-13,-12.45950990349074
30.517578125,T5,3.242342985009314e-13,-12.489141046051937
30.76171875,T5,3.550836198623894e-13,-12.449669361400034
31.005859375,T5,3.486072261985764e-13,-12.457663614742835
31.25,T5,3.684727270421913e-13,-12.433594651450555
31.494140625,T5,3.493843959145019e-13,-12.456696495230466
31.73828125,T5,3.668723221304697e-13,-12.435485051393195
31.982421875,T5,3.4012358453842135e-13,-12.468363252572516
32.2265625,T5,2.983703388082811e-13,-12.525244352553784
32.470703125,T5,2.92543798457474e-13,-12.533809103925662
32.71484375,T5,2.845860579204055e-13,-12.545786380135608
32.958984375,T5,3.232858801829291e-13,-12.490413263197139
33.203125,T5,3.2516521125467654e-13,-12.487895924850154
33.447265625,T5,2.948269637024656e-13,-12.530432800149171
33.69140625,T5,2.909492579605248e-13,-12.536182746097518
33.935546875,T5,2.989285915085468e-13,-12.52443254417603
34.1796875,T5,2.8744152982678866e-13,-12.541450484386887
34.423828125,T5,2.9159338342787654e-13,-12.535222334858055
34.66796875,T5,2.5209840914958424e-13,-12.598429894901646
34.912109375,T5,2.431150402449733e-13,-12.614188172817103
35.15625,T5,2.584312524042247e-13,-12.58765496774358
35.400390625,T5,2.837241993755033e-13,-12.547103620823677
35.64453125,T5,2.601923931087165e-13,-12.58470540446621
35.888671875,T5,2.655724654711985e-13,-12.575816954581905
36.1328125,T5,2.593939051806609e-13,-12.58604023248287
36.376953125,T5,2.517868226354428e-13,-12.598967002609667
36.62109375,T5,2.86270173016542e-13,-12.543223899512938
36.865234375,T5,2.764438126287814e-13,-12.558393126004677
37.109375,T5,2.5128678406561415e-13,-12.599830351671276
37.353515625,T5,2.600770617380433e-13,-12.584897949995176
37.59765625,T5,2.4781839712123444e-13,-12.605866456347114
37.841796875,T5,2.448122028633586e-13,-12.611166938225269
38.0859375,T5,2.0950537489147689e-13,-12.67880483066539
38.330078125,T5,2.3981844732933697e-13,-12.620117413125428
38.57421875,T5,2.554274339667606e-13,-12.592732459537253
38.818359375,T5,2.386573241614438e-13,-12.62222523301745
39.0625,T5,2.1517731348133167e-13,-12.66720351901514
39.306640625,T5,2.2868672316390495e-13,-12.640759048441042
39.55078125,T5,2.419020975102765e-13,-12.616360365895295
39.794921875,T5,2.120077647800189e-13,-12.673648232753507
0.0,T6,7.116337861312987e-10,-9.147743441164186
0.244140625,T6,6.521062526407964e-09,-8.18568163559322
0.48828125,T6,1.8274655064410841e-09,-8.738150811636135
0.732421875,T6,7.24161588572361e-10,-9.14016451502506
0.9765625,T6,4.5497387832309515e-10,-9.342013537025956
1.220703125,T6,2.9148480962328575e-10,-9.535384073044527
1.46484375,T6,1.9542906762231644e-10,-9.709010839956532
1.708984375,T6,1.466378112632455e-10,-9.833754030338453
1.953125,T6,1.0877264863093772e-10,-9.963480296200231
2.197265625,T6,9.072089993987887e-11,-10.042292650283345
2.44140625,T6,6.704404580079962e-11,-10.173639785906039
2.685546875,T6,5.286873278381032e-11,-10.276801099120028
2.9296875,T6,4.2897202186403706e-11,-10.367571032165621
3.173828125,T6,3.350913252378933e-11,-10.474836814928318
3.41796875,T6,3.130069680945397e-11,-10.504445994174564
3.662109375,T6,2.655515295001968e-11,-10.575851192826722
3.90625,T6,2.3658828346588607e-11,-10.626006766690791
4.150390625,T6,1.8850535349548988e-11,-10.724676311450043
4.39453125,T6,1.4381063302192846e-11,-10.842209002047515
4.638671875,T6,1.3083586921670896e-11,-10.883273175986286
4.8828125,T6,1.2667794538840162e-11,-10.897298989140635
5.126953125,T6,1.1847012220950206e-11,-10.92639116354105
5.37109375,T6,1.0607334423097756e-11,-10.974393738698392
5.615234375,T6,8.802981124435768e-12,-11.055370229367416
5.859375,T6,8.364359357878198e-12,-11.077567316864537
6.103515625,T6,7.724452702599071e-12,-11.112132281697484
6.34765625,T6,7.311686111774458e-12,-11.13598246099008
6.591796875,T6,6.240318061480741e-12,-11.204793274287814
6.8359375,T6,6.17543473127522e-12,-11.209332464019994
7.080078125,T6,5.762760850268638e-12,-11.239369402900637
7.32421875,T6,5.649049798037888e-12,-11.24802459681302
7.568359375,T6,5.430327965066487e-12,-11.265173940371115
7.8125,T6,4.9136437748343795e-12,-11.308596331826532
8.056640625,T6,4.752135413531391e-12,-11.323111192498336
8.30078125,T6,4.457736016637923e-12,-11.350885653646726
8.544921875,T6,4.0081011579733516e-12,-11.397061326114056
8.7890625,T6,3.749907394510403e-12,-11.425979457218874
9.033203125,T6,3.946655731879006e-12,-11.403770755607555
9.27734375,T6,3.779038039525214e-12,-11.422618736483951
9.521484375,T6,3.345083427949655e-12,-11.475593046253007
9.765625,T6,3.3963315297119124e-12,-11.468989923110968
10.009765625,T6,3.160638544928219e-12,-11.500225167848777
10.25390625,T6,3.509958712395424e-12,-11.454697992105201
10.498046875,T6,3.2930378281735974e-12,-11.482403280380503
10.7421875,T6,3.328624757020188e-12,-11.477735161028647
10.986328125,T6,3.6052943827503976e-12,-11.443059268091762
11.23046875,T6,3.956604374753626e-12,-11.402677373148489
11.474609375,T6,3.673847399814516e-12,-11.434878886896533
11.71875,T6,3.306075015422164e-12,-11.48068729643478
11.962890625,T6,2.8245208323877817e-12,-11.549055217756228
12.20703125,T6,2.485394824683395e-12,-11.604604610326666
12.451171875,T6,2.4395409484288828e-12,-11.612691887726974
12.6953125,T6,2.6976925678715157e-12,-11.569007544539762
12.939453125,T6,2.595139915680102e-12,-11.585839222412933
13.18359375,T6,2.256351442289047e-12,-11.646593255061179
13.427734375,T6,1.906492129365014e-12,-11.71976498329899
13.671875,T6,2.162292983840656e-12,-11.665085460870914
13.916015625,T6,2.127232240704171e-12,-11.672185093383426
14.16015625,T6,1.9505130710012277e-12,-11.709851134998596
14.404296875,T6,2.2546689665384164e-12,-11.646917212792287
14.6484375,T6,2.261822835298774e-12,-11.64554141561985
14.892578125,T6,2.006562309010956e-12,-11.69754734974052
15.13671875,T6,1.971577323043816e-12,-11.705186185715922
15.380859375,T6,2.1837476414140237e-12,-11.66079755107435
15.625,T6,2.0538458028968432e-12,-11.68743216515199
15.869140625,T6,1.9437976099855976e-12,-11.71134895620102
16.11328125,T6,1.862681816335598e-12,-11.729861325034749
16.357421875,T6,1.849897534377985e-12,-11.732852326454626
16.6015625,T6,1.787175040906946e-12,-11.747832909398609
16.845703125,T6,1.793432874707902e-12,-11.746314873623925
17.08984375,T6,1.893048566753331e-12,-11.722838243932449
17.333984375,T6,1.7545588575768045e-12,-11.755832058573064
17.578125,T6,1.5781811665005412e-12,-11.801843143651741
17.822265625,T6,1.6180139641900333e-12,-11.791017734550381
18.06640625,T6,1.524377481656619e-12,-11.816907475318727
18.310546875,T6,1.5742704015961334e-12,-11.802920669794545
18.5546875,T6,1.6096282214081177e-12,-11.793274422127167
18.798828125,T6,1.4506983328795154e-12,-11.838422888035463
19.04296875,T6,1.2246804351847064e-12,-11.911977220149604
19.287109375,T6,1.2195748884565528e-12,-11.91379152651478
19.53125,T6,1.2483167484538965e-12,-11.903675202592964
19.775390625,T6,1.3334201203672242e-12,-11.875032995964217
20.01953125,T6,1.160420214563001e-12,-11.93538471437756
20.263671875,T6,1.1578639937949157e-12,-11.936342451155488
20.5078125,T6,1.2178829872914786e-12,-11.91439443618164
20.751953125,T6,1.1438389203283033e-12,-11.941635130209137
20.99609375,T6,1.1965540707728806e-12,-11.92206767138593
21.240234375,T6,1.2525451401263717e-12,-11.902206613760487
21.484375,T6,1.110243589781991e-12,-11.954581725634895
21.728515625,T6,9.304637746253805e-13,-12.03130053041774
21.97265625,T6,9.727085203011605e-13,-12.01201727996746
22.216796875,T6,1.0899105799400742e-12,-11.962609131629668
22.4609375,T6,1.1259531168570301e-12,-11.948479692534569
22.705078125,T6,1.11076786189171e-12,-11.954376694284585
22.94921875,T6,1.0796173538041104e-12,-11.966730143195928
23.193359375,T6,1.0551304929604216e-12,-11.97669382579944
23.4375,T6,1.0492913497289112e-12,-11.97910390741049
23.681640625,T6,1.100813610499539e-12,-11.95828620944259
23.92578125,T6,9.929083928022557e-13,-12.003090818307957
24.169921875,T6,1.0059137827121365e-12,-11.997439241245276
24.4140625,T6,9.173250895165428e-13,-12.037476728056149
24.658203125,T6,1.0781649708579674e-12,-11.967314782329511
24.90234375,T6,9.755679258606068e-13,-12.01074248659809
25.146484375,T6,8.430319374369451e-13,-12.074155972243707
25.390625,T6,7.637185698334928e-13,-12.117066649389326
25.634765625,T6,7.798560215859012e-13,-12.107985570133252
25.87890625,T6,7.058679895274679e-13,-12.151276512518256
26.123046875,T6,6.022800889491142e-13,-12.220201494130539
26.3671875,T6,6.55550728247848e-13,-12.183393695818769
26.611328125,T6,6.510749745296325e-13,-12.186368997377048
26.85546875,T6,6.229905488214037e-13,-12.205518541825334
27.099609375,T6,5.606965159581246e-13,-12.251272142501223
27.34375,T6,5.147377897214098e-13,-12.288413946641954
27.587890625,T6,4.192241158105607e-13,-12.377553742574406
27.83203125,T6,4.262489381485702e-13,-12.370336689892211
28.076171875,T6,4.93172167026085e-13,-12.307001441500626
28.3203125,T6,4.549990957802732e-13,-12.341989466415477
28.564453125,T6,3.637300936445927e-13,-12.43922076558507
28.80859375,T6,3.706112442269436e-13,-12.431081408461171
29.052734375,T6,3.701185124478913e-13,-12.43165919198434
29.296875,T6,4.0872159519502214e-13,-12.388572415319324
29.541015625,T6,4.199130662723769e-13,-12.376840611378483
29.78515625,T6,3.633146580703614e-13,-12.439717080005014
30.029296875,T6,3.424340429804003e-13,-12.4654230665895
30.2734375,T6,3.671817151705443e-13,-12.435118953827695
30.517578125,T6,3.3809679217551563e-13,-12.47095894975207
30.76171875,T6,4.115956583359385e-13,-12.385529214985137
31.005859375,T6,3.8738489670947917e-13,-12.411857315479573
31.25,T6,4.094605810718138e-13,-12.38778790158858
31.494140625,T6,3.912268665292171e-13,-12.407571328770063
31.73828125,T6,4.305875705856109e-13,-12.36593851075032
31.982421875,T6,3.503012131337642e-13,-12.4555583586675
32.2265625,T6,3.225633589207243e-13,-12.491384967146416
32.470703125,T6,3.856566280841338e-13,-12.41379920023915
32.71484375,T6,3.422534610682221e-13,-12.465652151330627
32.958984375,T6,3.3152441667117114e-13,-12.479484480426464
33.203125,T6,3.3061890096771814e-13,-12.480672322115623
33.447265625,T6,3.1868799884048654e-13,-12.496634290889272
33.69140625,T6,2.784731528866536e-13,-12.555216668049326
33.935546875,T6,2.708904735259479e-13,-12.567206267642582
34.1796875,T6,2.990031982233544e-13,-12.524324166313274
34.423828125,T6,3.1163959217613373e-13,-12.506347372657595
34.66796875,T6,2.885870060097246e-13,-12.53972322745361
34.912109375,T6,2.974022470930984e-13,-12.526655754386875
35.15625,T6,2.888971884699143e-13,-12.53925668466305
35.400390625,T6,2.5477500428398525e-13,-12.593843182435707
35.64453125,T6,2.474685850809928e-13,-12.60647992477855
35.888671875,T6,2.7733626500767186e-13,-12.556993337551804
36.1328125,T6,2.6876827756107753e-13,-12.570621991917244
36.376953125,T6,2.799378691681547e-13,-12.552938347484872
36.62109375,T6,2.931829604226454e-13,-12.53286127417232
36.865234375,T6,2.914592729127788e-13,-12.535422122843123
37.109375,T6,3.0754232912483144e-13,-12.512095100896138
37.353515625,T6,2.955236343682908e-13,-12.529407780890066
37.59765625,T6,3.045248463225002e-13,-12.516377267298628
37.841796875,T6,3.0760629043679285e-13,-12.512004787615552
38.0859375,T6,2.4131238572083974e-13,-12.617420386702202
38.330078125,T6,2.4943934408568737e-13,-12.603035044154677
38.57421875,T6,2.30254461986712e-13,-12.637791945072781
38.818359375,T6,2.468852148334845e-13,-12.60750491779791
39.0625,T6,2.439580055031881e-13,-12.612684925906649
39.306640625,T6,2.5185630052954537e-13,-12.5988471802004
39.55078125,T6,2.4953334084448964e-13,-12.602871418868643
39.794921875,T6,2.2414930484499098e-13,-12.649462603675069
0.0,Fz,5.575517123867397e-10,-9.25371484601491
0.244140625,Fz,3.89260155404453e-09,-8.409760048307477
0.48828125,Fz,1.752539789758606e-09,-8.756332113003856
0.732421875,Fz,7.14314529243739e-10,-9.14611051618344
0.9765625,Fz,4.67216990272963e-10,-9.330481372557411
1.220703125,Fz,3.0478725782394406e-10,-9.516003193409942
1.46484375,Fz,2.0295528833641884e-10,-9.69259962793673
1.708984375,Fz,1.586479298739863e-10,-9.799565590441414
1.953125,Fz,1.1125799345601022e-10,-9.953668776849268
2.197265625,Fz,9.115870996944956e-11,-10.040201829357324
2.44140625,Fz,6.937203450423255e-11,-10.158815568568004
2.685546875,Fz,5.247477181765377e-11,-10.280049441236258
2.9296875,Fz,4.344928349785024e-11,-10.362017380906813
3.173828125,Fz,3.436284540237243e-11,-10.463910881762066
3.41796875,Fz,2.9892239330706214e-11,-10.524441549245088
3.662109375,Fz,2.5340500702004486e-11,-10.596184808159393
3.90625,Fz,2.2874192085186598e-11,-10.640654236240383
4.150390625,Fz,1.8775157478480223e-11,-10.72641641162083
4.39453125,Fz,1.4074636016595859e-11,-10.851562827597604
4.638671875,Fz,1.3049489081754895e-11,-10.884406491645105
4.8828125,Fz,1.2127345062183304e-11,-10.916234265171795
5.126953125,Fz,1.1743436155160353e-11,-10.930204808976121
5.37109375,Fz,1.08901174500772e-11,-10.96296743634658
5.615234375,Fz,8.767326354714452e-12,-11.057132826978952
5.859375,Fz,8.319424734943769e-12,-11.079906702925266
6.103515625,Fz,6.897955328207355e-12,-11.161279622490499
6.34765625,Fz,6.7433102752436285e-12,-11.171126856973807
6.591796875,Fz,5.557923473413561e-12,-11.25508743728211
6.8359375,Fz,5.4572502293840376e-12,-11.263026132207475
7.080078125,Fz,5.672999642686062e-12,-11.24618724378934
7.32421875,Fz,4.833447803735173e-12,-11.31574296697948
7.568359375,Fz,4.909596643133576e-12,-11.308954186666659
7.8125,Fz,4.7959006264589626e-12,-11.319129824286208
8.056640625,Fz,4.530886729702952e-12,-11.343816794867793
8.30078125,Fz,3.836058818822682e-12,-11.416114742352708
8.544921875,Fz,3.547493480118824e-12,-11.450078394052595
8.7890625,Fz,3.5147048772162616e-12,-11.454111135957787
9.033203125,Fz,3.0498596650259575e-12,-11.51572014363912
9.27734375,Fz,3.0823448571842546e-12,-11.511118773406816
9.521484375,Fz,2.2454271014868487e-12,-11.648701039882456
9.765625,Fz,2.2451778700253765e-12,-11.648749247128132
10.009765625,Fz,2.058137960949203e-12,-11.68652551700275
10.25390625,Fz,2.3962948134749346e-12,-11.620459752230566
10.498046875,Fz,2.2550856850974658e-12,-11.646836951853413
10.7421875,Fz,2.0921024116292677e-12,-11.679417059901871
10.986328125,Fz,2.0321791164901672e-12,-11.692038015937815
11.23046875,Fz,2.057270052730037e-12,-11.686708695805297
11.474609375,Fz,1.9020687472307745e-12,-11.720773790235931
11.71875,Fz,1.8910835235991414e-12,-11.723289289220984
11.962890625,Fz,1.692180801278933e-12,-11.771553236567197
12.20703125,Fz,1.612688585632341e-12,-11.792449487910947
12.451171875,Fz,1.874785426325164e-12,-11.727048431133886
12.6953125,Fz,1.899206339451945e-12,-11.721427848734681
12.939453125,Fz,1.7005034896089568e-12,-11.76942247251317
13.18359375,Fz,1.301782625867895e-12,-11.885461529030158
13.427734375,Fz,1.4091375769328765e-12,-11.851046603777807
13.671875,Fz,1.2745879280581242e-12,-11.894630199148613
13.916015625,Fz,1.2449674779605425e-12,-11.904841993409013
14.16015625,Fz,1.228870389017635e-12,-11.910493920451867
14.404296875,Fz,1.3463535389404973e-12,-11.87084088375974
14.6484375,Fz,1.2924774289053457e-12,-11.888577032440946
14.892578125,Fz,1.258312974037183e-12,-11.900211325510616
15.13671875,Fz,1.1623571251199114e-12,-11.934660417866304
15.380859375,Fz,1.1836054723748828e-12,-11.926793035555406
15.625,Fz,1.0881820557820731e-12,-11.96329843992532
15.869140625,Fz,1.0021560166783907e-12,-11.99906466179414
16.11328125,Fz,1.1496591810239041e-12,-11.93943088811446
16.357421875,Fz,1.131322813364384e-12,-11.946413455146114
16.6015625,Fz,1.089708594464673e-12,-11.96268962383553
16.845703125,Fz,1.1126329627600523e-12,-11.953648077836911
17.08984375,Fz,1.0675023374890485e-12,-11.97163116533574
17.333984375,Fz,1.054953749151152e-12,-11.976766580109173
17.578125,Fz,1.0544713157970028e-12,-11.976965229637642
17.822265625,Fz,1.074085363625707e-12,-11.968961201431284
18.06640625,Fz,1.11876386848175e-12,-11.951261568017694
18.310546875,Fz,9.99213323867734e-13,-12.000341783557404
18.5546875,Fz,9.823908836912242e-13,-12.007715676313826
18.798828125,Fz,9.355182538012704e-13,-12.028947734141711
19.04296875,Fz,8.637088580755666e-13,-12.063632626316796
19.287109375,Fz,9.185009855200272e-13,-12.036920373374853
19.53125,Fz,1.0045081318705842e-12,-11.998046543124564
19.775390625,Fz,1.1241078543010297e-12,-11.94919201769879
20.01953125,Fz,8.491530759681795e-13,-12.07101401287055
20.263671875,Fz,8.567984133639505e-13,-12.067121346410467
20.5078125,Fz,8.861184729408836e-13,-12.052508209597393
20.751953125,Fz,8.572726875125783e-13,-12.066881012563394
20.99609375,Fz,8.739745919030258e-13,-12.058501192945355
21.240234375,Fz,9.309757308529688e-13,-12.031061640279683
21.484375,Fz,8.392651857044242e-13,-12.076100791863722
21.728515625,Fz,8.596358609363847e-13,-12.065685475588769
21.97265625,Fz,9.116893331894257e-13,-12.040153126437723
22.216796875,Fz,7.577199718059911e-13,-12.12049126556722
22.4609375,Fz,7.964458279778699e-13,-12.098843758356727
22.705078125,Fz,8.721164625724039e-13,-12.05942551543988
22.94921875,Fz,8.412168384094283e-13,-12.07509204274379
23.193359375,Fz,8.342421382286495e-13,-12.078707877379196
23.4375,Fz,7.061544070113954e-13,-12.151100326170502
23.681640625,Fz,6.463701711022491e-13,-12.18951869373193
23.92578125,Fz,6.853891191785557e-13,-12.164062794446888
24.169921875,Fz,6.697954182385189e-13,-12.174057827594202
24.4140625,Fz,6.463562083603267e-13,-12.189528075364217
24.658203125,Fz,6.650305629781318e-13,-12.177158395256676
24.90234375,Fz,5.58216799714819e-13,-12.253197097418054
25.146484375,Fz,5.531922831298141e-13,-12.257123886801185
25.390625,Fz,5.150647266460634e-13,-12.28813819103868
25.634765625,Fz,5.09598586737778e-13,-12.292771785093498
25.87890625,Fz,4.90476775422669e-13,-12.309381552085407
26.123046875,Fz,3.9449151484736125e-13,-12.403962333632254
26.3671875,Fz,3.661764749781713e-13,-12.436309560403926
26.611328125,Fz,4.4220816751094e-13,-12.354373240336738
26.85546875,Fz,4.584401466131507e-13,-12.338717357251168
27.099609375,Fz,3.796012261455836e-13,-12.420672393432834
27.34375,Fz,3.925967873552147e-13,-12.406053258581176
27.587890625,Fz,3.429520290634285e-13,-12.464766623310105
27.83203125,Fz,3.405675514120436e-13,-12.46779673310276
28.076171875,Fz,3.445230482935731e-13,-12.462781718859732
28.3203125,Fz,3.382638411927593e-13,-12.47074442376019
28.564453125,Fz,2.871511307054989e-13,-12.541889469272448
28.80859375,Fz,2.845036917544071e-13,-12.545912093774481
29.052734375,Fz,2.860740564041825e-13,-12.54352152587663
29.296875,Fz,2.876149238099488e-13,-12.541188582961775
29.541015625,Fz,2.5506492100172733e-13,-12.593349265666722
29.78515625,Fz,2.3105181143114416e-13,-12.636290622291494
30.029296875,Fz,2.549054397318217e-13,-12.593620896502857
30.2734375,Fz,2.3469494424814045e-13,-12.629496265786084
30.517578125,Fz,2.548004131315098e-13,-12.593799872174248
30.76171875,Fz,2.1261018559118867e-13,-12.672415933415326
31.005859375,Fz,2.2186360159914854e-13,-12.653913941216613
31.25,Fz,2.28823719796164e-13,-12.640498958713591
31.494140625,Fz,2.4002839471606105e-13,-12.619737379375602
31.73828125,Fz,2.3062280856017483e-13,-12.637097743259988
31.982421875,Fz,2.218850862332789e-13,-12.653871887422149
32.2265625,Fz,2.165206651045793e-13,-12.664500647520358
32.470703125,Fz,1.9800373130975562e-13,-12.703326625536608
32.71484375,Fz,2.119394423016811e-13,-12.67378821280335
32.958984375,Fz,2.0063445813682086e-13,-12.697594476632062
33.203125,Fz,1.907056570483963e-13,-12.719636423952092
33.447265625,Fz,1.6978015600140988e-13,-12.77011307170522
33.69140625,Fz,1.912630473944723e-13,-12.718368928889925
33.935546875,Fz,1.9055006755644257e-13,-12.719990892919707
34.1796875,Fz,1.7716177681500111e-13,-12.751629972680117
34.423828125,Fz,1.761433976971735e-13,-12.754133630640117
34.66796875,Fz,1.5899325749848254e-13,-12.79862129261849
34.912109375,Fz,1.7869735796428711e-13,-12.747881868479322
35.15625,Fz,1.645880652489992e-13,-12.783601659916107
35.400390625,Fz,1.6947838391366682e-13,-12.77088568593092
35.64453125,Fz,1.717878738889075e-13,-12.765007495271936
35.888671875,Fz,1.4870993321470634e-13,-12.82766002141581
36.1328125,Fz,1.5421929080248993e-13,-12.811861298366326
36.376953125,Fz,1.4820356537240401e-13,-12.829141348293698
36.62109375,Fz,1.5246569253067854e-13,-12.816827869240598
36.865234375,Fz,1.394376423981738e-13,-12.855619968856464
37.109375,Fz,1.4183635351667198e-13,-12.848212442578772
37.353515625,Fz,1.4363837779844044e-13,-12.842729508288127
37.59765625,Fz,1.626612643364608e-13,-12.788715856330631
37.841796875,Fz,1.4528406683682998e-13,-12.83778201174649
38.0859375,Fz,1.2423933124415756e-13,-12.905740894994837
38.330078125,Fz,1.3489204431136368e-13,-12.870013663475321
38.57421875,Fz,1.366308173572662e-13,-12.864451333606745
38.818359375,Fz,1.277147290391896e-13,-12.893759013687493
39.0625,Fz,1.4556736102251689e-13,-12.836935991210082
39.306640625,Fz,1.4572968461055618e-13,-12.836451975001047
39.55078125,Fz,1.1347322452591997e-13,-12.945106603779015
39.794921875,Fz,1.1702919473582874e-13,-12.931705783287688
0.0,Cz,5.412503573441206e-10,-9.266601803908733
0.244140625,Cz,3.812812664159405e-09,-8.418754532497248
0.48828125,Cz,1.6779830417786126e-09,-8.775212432600993
0.732421875,Cz,6.947662847179348e-10,-9.158161264946052
0.9765625,Cz,4.4939483380738554e-10,-9.347371924488856
1.220703125,Cz,2.8064945796412046e-10,-9.551835792223638
1.46484375,Cz,1.954809606151605e-10,-9.708895535467283
1.708984375,Cz,1.4663570406111776e-10,-9.833760271244696
1.953125,Cz,1.0642306002194739e-10,-9.972964257800507
2.197265625,Cz,9.05434871779524e-11,-10.043142783167717
2.44140625,Cz,6.841777419847128e-11,-10.164831058608211
2.685546875,Cz,5.214100951991545e-11,-10.282820564562313
2.9296875,Cz,4.283370965094995e-11,-10.368214311520527
3.173828125,Cz,3.371874094045839e-11,-10.472128650323096
3.41796875,Cz,3.0695842894041626e-11,-10.51292043658878
3.662109375,Cz,2.6484811479782747e-11,-10.577003114047299
3.90625,Cz,2.2429936813994645e-11,-10.649171949839774
4.150390625,Cz,1.7773427210851212e-11,-10.750228820070472
4.39453125,Cz,1.3592269716429465e-11,-10.866708016187657
4.638671875,Cz,1.2737441873748907e-11,-10.894917784847555
4.8828125,Cz,1.2436136388342487e-11,-10.905314523652025
5.126953125,Cz,1.1518451897150278e-11,-10.938605887032985
5.37109375,Cz,1.0114272128767991e-11,-10.995065365669621
5.615234375,Cz,8.345346640689201e-12,-11.078555619318838
5.859375,Cz,8.163190666828042e-12,-11.088140059609332
6.103515625,Cz,7.08742716413292e-12,-11.149511391221111
6.34765625,Cz,6.619545118493096e-12,-11.179171853357266
6.591796875,Cz,5.8313078746100034e-12,-11.234234028598765
6.8359375,Cz,5.527772056685189e-12,-11.257449873840235
7.080078125,Cz,5.409630856882085e-12,-11.266832369327604
7.32421875,Cz,5.252653024827244e-12,-11.279621286495546
7.568359375,Cz,5.033081782771683e-12,-11.298166012675006
7.8125,Cz,4.403373790137244e-12,-11.35621444692664
8.056640625,Cz,3.916498528548346e-12,-11.407102032288348
8.30078125,Cz,3.424669157047552e-12,-11.465381377517167
8.544921875,Cz,3.021120384793208e-12,-11.519831968732111
8.7890625,Cz,3.165644030478535e-12,-11.499537922161766
9.033203125,Cz,2.84299436332822e-12,-11.546224001364035
9.27734375,Cz,2.7219075594634247e-12,-11.565126628249748
9.521484375,Cz,1.9649558987041644e-12,-11.706647192445988
9.765625,Cz,2.0200613751492586e-12,-11.694635435264406
10.009765625,Cz,1.962875451737171e-12,-11.707107256354817
10.25390625,Cz,2.1886382029292655e-12,-11.659826024388085
10.498046875,Cz,2.0166062559327163e-12,-11.695378889872831
10.7421875,Cz,1.9897677960047603e-12,-11.701197602383173
10.986328125,Cz,1.96296184119481e-12,-11.707088142743144
11.23046875,Cz,1.803448931088107e-12,-11.743896151244511
11.474609375,Cz,1.7226233398282597e-12,-11.763809672822886
11.71875,Cz,1.6943901894512968e-12,-11.770986571801924
11.962890625,Cz,1.5758500988697813e-12,-11.802485096700481
12.20703125,Cz,1.490008357820875e-12,-11.82681129551705
12.451171875,Cz,1.658601512960997e-12,-11.780257942794098
12.6953125,Cz,1.66731887825848e-12,-11.777981332490986
12.939453125,Cz,1.4792469890811293e-12,-11.829959306030522
13.18359375,Cz,1.1774670315174553e-12,-11.929051244055112
13.427734375,Cz,1.2684980484429076e-12,-11.8967101965945
13.671875,Cz,1.1604689538865358e-12,-11.935366473765685
13.916015625,Cz,1.0762565822754408e-12,-11.968084179429429
14.16015625,Cz,1.0939445770445082e-12,-11.961004680281803
14.404296875,Cz,1.233374985126317e-12,-11.90890486402693
14.6484375,Cz,1.124960879429223e-12,-11.94886257990233
14.892578125,Cz,1.0362435165857224e-12,-11.984538173662276
15.13671875,Cz,9.839608715634498e-13,-12.007022171489343
15.380859375,Cz,9.908804166813299e-13,-12.003978754706573
15.625,Cz,9.688104151984892e-13,-12.013761200956129
15.869140625,Cz,8.278247242457059e-13,-12.082061606875667
16.11328125,Cz,8.868926890221264e-13,-12.052128925134362
16.357421875,Cz,9.586381740167444e-13,-12.018345280920355
16.6015625,Cz,8.350884701523359e-13,-12.078267512464109
16.845703125,Cz,7.929565899614589e-13,-12.100750587280418
17.08984375,Cz,8.607930640516774e-13,-12.065101241045971
17.333984375,Cz,8.573608235421002e-13,-12.066836365131666
17.578125,Cz,8.524538716146872e-13,-12.069329112447155
17.822265625,Cz,8.102100869319154e-13,-12.091402354250924
18.06640625,Cz,8.203235366591563e-13,-12.086014827526744
18.310546875,Cz,7.182130902827099e-13,-12.143746683607413
18.5546875,Cz,7.300504631318195e-13,-12.13664711919156
18.798828125,Cz,7.008532154906816e-13,-12.154372929790146
19.04296875,Cz,5.984262802689953e-13,-12.222989342407647
19.287109375,Cz,6.851701376350134e-13,-12.164201573527524
19.53125,Cz,7.643236952449544e-13,-12.116722676389623
19.775390625,Cz,7.9723108131927e-13,-12.098415777981689
20.01953125,Cz,6.117350943660267e-13,-12.213436603935225
20.263671875,Cz,6.975826187798784e-13,-12.156404348978626
20.5078125,Cz,7.774630973350643e-13,-12.10932021581122
20.751953125,Cz,7.288611213014618e-13,-12.13735521516387
20.99609375,Cz,6.951283548470141e-13,-12.157934995906368
21.240234375,Cz,8.015434669631181e-13,-12.096072921281934
21.484375,Cz,6.546734743889743e-13,-12.18397525516762
21.728515625,Cz,6.361823492817734e-13,-12.19641838445196
21.97265625,Cz,7.27599044707089e-13,-12.138107879810192
22.216796875,Cz,6.953057101578093e-13,-12.1578242039815
22.4609375,Cz,6.488049913415692e-13,-12.187885817699856
22.705078125,Cz,7.354090022988538e-13,-12.133471058142996
22.94921875,Cz,7.564071148989231e-13,-12.12124439475718
23.193359375,Cz,6.514035618070471e-13,-12.186149871087515
23.4375,Cz,5.634044825453137e-13,-12.249179702013096
23.681640625,Cz,5.82788123896325e-13,-12.234489306900064
23.92578125,Cz,6.512083254827246e-13,-12.186280055772274
24.169921875,Cz,7.148477037859154e-13,-12.145786473514315
24.4140625,Cz,6.493126859068785e-13,-12.187546112042483
24.658203125,Cz,6.088684617047079e-13,-12.215476521038836
24.90234375,Cz,5.856060526049784e-13,-12.232394443221251
25.146484375,Cz,5.880696156146555e-13,-12.230571259148864
25.390625,Cz,5.111362458735399e-13,-12.291463321109472
25.634765625,Cz,5.452029246276948e-13,-12.263441823148694
25.87890625,Cz,4.933193611166247e-13,-12.306871839613654
26.123046875,Cz,4.1916248282211973e-13,-12.377617595853728
26.3671875,Cz,4.48201709912103e-13,-12.34852649094247
26.611328125,Cz,4.669423529082072e-13,-12.33073673262279
26.85546875,Cz,4.121416940904753e-13,-12.384953448087709
27.099609375,Cz,4.100845182551013e-13,-12.387126626136304
27.34375,Cz,4.30308668609362e-13,-12.366219904925368
27.587890625,Cz,3.3096301080682097e-13,-12.480220541270024
27.83203125,Cz,3.7996930985438827e-13,-12.420251479959894
28.076171875,Cz,3.470531348039116e-13,-12.459604028420843
28.3203125,Cz,3.209169011461907e-13,-12.493607410105362
28.564453125,Cz,3.013587527518097e-13,-12.520916190236855
28.80859375,Cz,2.9567486501778624e-13,-12.52918559278211
29.052734375,Cz,3.066435361684009e-13,-12.513366185504394
29.296875,Cz,3.003951983244805e-13,-12.522307013604781
29.541015625,Cz,2.714778547423947e-13,-12.566265591325353
29.78515625,Cz,2.5898180978460663e-13,-12.586730738573568
30.029296875,Cz,2.454680128427734e-13,-12.61000509315798
30.2734375,Cz,2.290272736939294e-13,-12.640112796658029
30.517578125,Cz,2.626074471067157e-13,-12.580692962208865
30.76171875,Cz,2.351167249658911e-13,-12.628716476353391
31.005859375,Cz,2.1389130652630267e-13,-12.669806866687852
31.25,Cz,2.244225604537691e-13,-12.648933487041141
31.494140625,Cz,2.089089803823534e-13,-12.680042890576548
31.73828125,Cz,2.2231781716180412e-13,-12.65302573035104
31.982421875,Cz,1.9796820832837249e-13,-12.703404547395673
32.2265625,Cz,1.7450600461389546e-13,-12.758189624717325
32.470703125,Cz,1.6533108076952088e-13,-12.781645495261914
32.71484375,Cz,1.6517585759265064e-13,-12.782053429657898
32.958984375,Cz,1.6193018950328198e-13,-12.79067217587651
33.203125,Cz,1.5407116538617786e-13,-12.81227863243939
33.447265625,Cz,1.4500164105600073e-13,-12.838627082609628
33.69140625,Cz,1.6519311058568624e-13,-12.782008068983014
33.935546875,Cz,1.6951326752309768e-13,-12.770796304619765
34.1796875,Cz,1.4604249925323577e-13,-12.835520743494142
34.423828125,Cz,1.4265477797688886e-13,-12.845713677815198
34.66796875,Cz,1.3752663954124764e-13,-12.861613168850676
34.912109375,Cz,1.4271461035483642e-13,-12.845531563874285
35.15625,Cz,1.3201045633792477e-13,-12.879391667657718
35.400390625,Cz,1.3841574745085697e-13,-12.858814497726364
35.64453125,Cz,1.4989361245829505e-13,-12.824216873710903
35.888671875,Cz,1.2391871240412238e-13,-12.906863107827045
36.1328125,Cz,1.2454697837699454e-13,-12.904666804378907
36.376953125,Cz,1.393958342947095e-13,-12.855750204500943
36.62109375,Cz,1.4199952309892858e-13,-12.847713114179278
36.865234375,Cz,1.2685863431435732e-13,-12.896679968273027
37.109375,Cz,1.2619096347072342e-13,-12.898971743786925
37.353515625,Cz,1.243780919532267e-13,-12.905256109851976
37.59765625,Cz,1.3576546739575728e-13,-12.867210680914333
37.841796875,Cz,1.276982790600251e-13,-12.893814955514744
38.0859375,Cz,1.0816127997811533e-13,-12.965928181941056
38.330078125,Cz,1.133228175855871e-13,-12.945682635998931
38.57421875,Cz,1.238839040241455e-13,-12.906985116929816
38.818359375,Cz,1.0780637938208121e-13,-12.967355539256312
39.0625,Cz,1.1895598337779748e-13,-12.924613708459777
39.306640625,Cz,1.1762541253792182e-13,-12.929498840396748
39.55078125,Cz,1.016732825117295e-13,-12.992793155062824
39.794921875,Cz,9.685688846794399e-14,-13.013869486795855
0.0,Pz,5.81030679797503e-10,-9.235800935225875
0.244140625,Pz,4.2297744256466014e-09,-8.373682792981732
0.48828125,Pz,1.7396722999746826e-09,-8.759532551554205
0.732421875,Pz,7.179076012551556e-10,-9.143931448302654
0.9765625,Pz,4.5196947304465616e-10,-9.344890897347845
1.220703125,Pz,2.8342686036660706e-10,-9.547558994045435
1.46484375,Pz,1.9406665680732623e-10,-9.712049075680717
1.708984375,Pz,1.4870687625967829e-10,-9.827668949080003
1.953125,Pz,1.0896495542706509e-10,-9.962713154461273
2.197265625,Pz,8.95309795593746e-11,-10.048026663860671
2.44140625,Pz,6.844943471846751e-11,-10.164630134084614
2.685546875,Pz,5.268851946906449e-11,-10.278284004795012
2.9296875,Pz,4.2605736870423576e-11,-10.370531919126837
3.173828125,Pz,3.290177697416577e-11,-10.482780645842295
3.41796875,Pz,2.983219055939603e-11,-10.525314855490478
3.662109375,Pz,2.6400275139523576e-11,-10.578391546957661
3.90625,Pz,2.3067404721198117e-11,-10.637001264545455
4.150390625,Pz,1.82304612448864e-11,-10.739202343216945
4.39453125,Pz,1.4205461135753682e-11,-10.84754466370362
4.638671875,Pz,1.2971047124260784e-11,-10.887024962857174
4.8828125,Pz,1.2485008168410075e-11,-10.903611169172123
5.126953125,Pz,1.1400285118611516e-11,-10.943084286918683
5.37109375,Pz,1.0160413144618977e-11,-10.993088632329632
5.615234375,Pz,8.295335765384033e-12,-11.081166030603779
5.859375,Pz,7.99735047431343e-12,-11.097053871129775
6.103515625,Pz,7.290110418950082e-12,-11.137265893632978
6.34765625,Pz,6.932555310459805e-12,-11.159106656776187
6.591796875,Pz,5.8767822994033124e-12,-11.23086039707172
6.8359375,Pz,5.693534969050444e-12,-11.244618007618085
7.080078125,Pz,5.310050280854528e-12,-11.274901366565558
7.32421875,Pz,5.278083878406371e-12,-11.277523712327492
7.568359375,Pz,5.0788692326892384e-12,-11.29423296894982
7.8125,Pz,4.532908362947588e-12,-11.343623060528444
8.056640625,Pz,3.9626060650181534e-12,-11.402019100083814
8.30078125,Pz,3.6985512244234775e-12,-11.431968362001847
8.544921875,Pz,3.170231440410843e-12,-11.498909031276167
8.7890625,Pz,3.278505676064078e-12,-11.484324060104473
9.033203125,Pz,3.18899030118811e-12,-11.496346801593319
9.27734375,Pz,2.885787430021975e-12,-11.539735662628702
9.521484375,Pz,2.322650849184919e-12,-11.634016070298312
9.765625,Pz,2.231334752919373e-12,-11.65143527039755
10.009765625,Pz,2.148429926428246e-12,-11.667878806774972
10.25390625,Pz,2.340267474806041e-12,-11.6307345031908
10.498046875,Pz,2.192273054099576e-12,-11.659105354155146
10.7421875,Pz,2.2316762834506568e-12,-11.651368801897151
10.986328125,Pz,2.42329193042747e-12,-11.615594263891088
11.23046875,Pz,2.224005798969568e-12,-11.65286408469016
11.474609375,Pz,1.949729224815836e-12,-11.710025698552212
11.71875,Pz,1.937342494586784e-12,-11.712793595408675
11.962890625,Pz,1.625337754827981e-12,-11.789056376336823
12.20703125,Pz,1.6333972160209937e-12,-11.786908188962865
12.451171875,Pz,1.6758979346978849e-12,-11.77575243424229
12.6953125,Pz,1.7089665498895637e-12,-11.767266437771102
12.939453125,Pz,1.4697011332088717e-12,-11.832770970962354
13.18359375,Pz,1.4303954971113977e-12,-11.84454386570612
13.427734375,Pz,1.4584609917673985e-12,-11.836105182097079
13.671875,Pz,1.3529374736564505e-12,-11.868722273966643
13.916015625,Pz,1.3381127788752596e-12,-11.873507281800553
14.16015625,Pz,1.3442671003678593e-12,-11.87151443017302
14.404296875,Pz,1.5009441624367472e-12,-11.823635463917068
14.6484375,Pz,1.4120692690074945e-12,-11.850143998461379
14.892578125,Pz,1.2538113271951936e-12,-11.90176781097166
15.13671875,Pz,1.2505663074394557e-12,-11.902893276191282
15.380859375,Pz,1.3116780882065704e-12,-11.882172736354827
15.625,Pz,1.2753240457625773e-12,-11.8943794517744
15.869140625,Pz,1.1277955101058537e-12,-11.947769638724553
16.11328125,Pz,1.0908652767225706e-12,-11.962228882032031
16.357421875,Pz,1.2823580413654664e-12,-11.891990700496052
16.6015625,Pz,1.1261836537588501e-12,-11.948390780612353
16.845703125,Pz,1.0038424317640686e-12,-11.998334450921824
17.08984375,Pz,1.1213115097272616e-12,-11.95027371999919
17.333984375,Pz,1.0405076460216559e-12,-11.982754724089727
17.578125,Pz,1.0620839053566172e-12,-11.973841172337446
17.822265625,Pz,1.0307359208166857e-12,-11.986852588666679
18.06640625,Pz,1.010951148420334e-12,-11.995269830051013
18.310546875,Pz,1.018871168691427e-12,-11.991880726949029
18.5546875,Pz,9.778489777764844e-13,-12.00972821390655
18.798828125,Pz,9.203968264520412e-13,-12.036024887457483
19.04296875,Pz,7.858264149240585e-13,-12.104673376818502
19.287109375,Pz,8.174498221396778e-13,-12.087538896327212
19.53125,Pz,8.774336255370102e-13,-12.056785726318866
19.775390625,Pz,8.365345405792392e-13,-12.077516122276878
20.01953125,Pz,8.585513662709354e-13,-12.066233716320566
20.263671875,Pz,9.363817898633022e-13,-12.02854704076651
20.5078125,Pz,8.602256029710428e-13,-12.065387635644319
20.751953125,Pz,6.421720191443442e-13,-12.192348621528703
20.99609375,Pz,7.32901636918034e-13,-12.134954308319623
21.240234375,Pz,8.277347891632129e-13,-12.08210879129855
21.484375,Pz,7.540832054564159e-13,-12.122580731481804
21.728515625,Pz,5.881484041126348e-13,-12.230513077061211
21.97265625,Pz,5.617887270047396e-13,-12.250426979710369
22.216796875,Pz,6.485582004213136e-13,-12.188051045042243
22.4609375,Pz,6.98508822513966e-13,-12.155828104159772
22.705078125,Pz,7.551483999385693e-13,-12.121967693481656
22.94921875,Pz,7.902174297690484e-13,-12.102253395346757
23.193359375,Pz,7.560427098554203e-13,-12.121453669934503
23.4375,Pz,6.941569984027985e-13,-12.158542293480533
23.681640625,Pz,7.845959548533933e-13,-12.105353935295673
23.92578125,Pz,7.202833974673004e-13,-12.142496595595983
24.169921875,Pz,7.503341117447503e-13,-12.12474530917324
24.4140625,Pz,6.985088835724245e-13,-12.155828066196971
24.658203125,Pz,6.74206024179314e-13,-12.171207371280865
24.90234375,Pz,6.648268572568154e-13,-12.177291444514507
25.146484375,Pz,5.92153241859005e-13,-12.22756588874736
25.390625,Pz,5.535874838517201e-13,-12.256813737473951
25.634765625,Pz,5.390769465360347e-13,-12.268349240247538
25.87890625,Pz,5.360704347966066e-13,-12.27077814419935
26.123046875,Pz,4.22679687201144e-13,-12.373988622642772
26.3671875,Pz,3.740674559647797e-13,-12.427050073971579
26.611328125,Pz,3.996445505238613e-13,-12.39832610460966
26.85546875,Pz,3.412996207896178e-13,-12.466864194255987
27.099609375,Pz,3.440954142179849e-13,-12.463321115211372
27.34375,Pz,3.660600553592033e-13,-12.43644765894568
27.587890625,Pz,3.2983655358510535e-13,-12.481701216063813
27.83203125,Pz,3.3471366972394564e-13,-12.475326550670458
28.076171875,Pz,3.6494340042592173e-13,-12.43777448564967
28.3203125,Pz,3.297367552570447e-13,-12.48183264000996
28.564453125,Pz,2.7823626004325894e-13,-12.555586272940168
28.80859375,Pz,2.659616504879396e-13,-12.575180980595137
29.052734375,Pz,2.8458557922083935e-13,-12.545787110658939
29.296875,Pz,2.567256227860144e-13,-12.590530783922068
29.541015625,Pz,2.58727322272124e-13,-12.58715770624496
29.78515625,Pz,2.448321426282461e-13,-12.611131566715537
30.029296875,Pz,2.3807318284383465e-13,-12.623289521852012
30.2734375,Pz,2.404484773564066e-13,-12.618977968757795
30.517578125,Pz,2.239303277999774e-13,-12.649887084160033
30.76171875,Pz,2.3256898252856304e-13,-12.633448207126637
31.005859375,Pz,2.1636123816460825e-13,-12.664820541897571
31.25,Pz,2.144509168074737e-13,-12.66867209275167
31.494140625,Pz,1.9727889429436975e-13,-12.704919374868373
31.73828125,Pz,2.33312911439584e-13,-12.632061226865025
31.982421875,Pz,2.052579526207271e-13,-12.687700007351566
32.2265625,Pz,1.798506117187563e-13,-12.745088080694352
32.470703125,Pz,1.9631283611171199e-13,-12.707051302691234
32.71484375,Pz,1.8186432956423282e-13,-12.740252474067642
32.958984375,Pz,1.8809562697360569e-13,-12.725621301224258
33.203125,Pz,1.726434566082786e-13,-12.762849877278441
33.447265625,Pz,1.6200515588575948e-13,-12.7904711636234
33.69140625,Pz,1.724270832352197e-13,-12.763394518233932
33.935546875,Pz,1.7360073830882712e-13,-12.760448432138976
34.1796875,Pz,1.6895816443419389e-13,-12.772220817306977
34.423828125,Pz,1.5775722666273826e-13,-12.802010737136992
34.66796875,Pz,1.5936345196149851e-13,-12.797611271593608
34.912109375,Pz,1.5214320424790382e-13,-12.817747441423124
35.15625,Pz,1.4131091156486432e-13,-12.849824302061942
35.400390625,Pz,1.5235046997117288e-13,-12.81715620172636
35.64453125,Pz,1.5733946382316925e-13,-12.80316233414042
35.888671875,Pz,1.5482689924879342e-13,-12.810153583831154
36.1328125,Pz,1.394068901460948e-13,-12.855715760825676
36.376953125,Pz,1.4442831282139486e-13,-12.840347662051734
36.62109375,Pz,1.5197928071174818e-13,-12.818215615251903
36.865234375,Pz,1.4375429724541336e-13,-12.84237916408476
37.109375,Pz,1.4877018145383778e-13,-12.82748410728329
37.353515625,Pz,1.498148353136917e-13,-12.82444517878701
37.59765625,Pz,1.5233889646151973e-13,-12.817189194747678
37.841796875,Pz,1.4164824356168366e-13,-12.848788806362027
38.0859375,Pz,1.2002118331105136e-13,-12.920742095759168
38.330078125,Pz,1.252291963773204e-13,-12.9022944063705
38.57421875,Pz,1.2297849943426325e-13,-12.910170810457048
38.818359375,Pz,1.2342595820585813e-13,-12.908593492490839
39.0625,Pz,1.2345595985660746e-13,-12.90848793958899
39.306640625,Pz,1.200332391742402e-13,-12.920698474026999
39.55078125,Pz,1.1543778054951885e-13,-12.937652031744456
39.794921875,Pz,1.0312117718387097e-13,-12.986652137920546
