frequency,channel,power,log_power
0.0,Fp1,2.7486760914950274e-09,-8.560876435116342
0.244140625,Fp1,2.3436561507382733e-08,-7.63010610544876
0.48828125,Fp1,4.858844267596377e-09,-8.313467020428126
0.732421875,Fp1,1.2741395627981862e-09,-8.894782998975959
0.9765625,Fp1,6.62644193261769e-10,-9.178719603392633
1.220703125,Fp1,4.69105873339177e-10,-9.328729129528163
1.46484375,Fp1,3.928654253344768e-10,-9.405756190193449
1.708984375,Fp1,2.73370170072362e-10,-9.56324887703872
1.953125,Fp1,1.6642977581567527e-10,-9.778768971821776
2.197265625,Fp1,1.5157536993687956e-10,-9.819371363146768
2.44140625,Fp1,1.4319873825985798e-10,-9.84406080862869
2.685546875,Fp1,1.4197714105516236e-10,-9.847781573312359
2.9296875,Fp1,1.24181831452467e-10,-9.905941939401979
3.173828125,Fp1,9.646587009056101e-11,-10.015626314149866
3.41796875,Fp1,6.810602100292037e-11,-10.16681449201153
3.662109375,Fp1,6.798787393922951e-11,-10.167568539512718
3.90625,Fp1,5.475849672882746e-11,-10.261548482951056
4.150390625,Fp1,4.7359615072194265e-11,-10.324591836114134
4.39453125,Fp1,3.6526143955364655e-11,-10.437396173594282
4.638671875,Fp1,3.0823068024663343e-11,-10.51112413525203
4.8828125,Fp1,2.870089091897765e-11,-10.542104621900487
5.126953125,Fp1,2.8170751128276767e-11,-10.550201573088177
5.37109375,Fp1,2.5920530362010343e-11,-10.586356116576983
5.615234375,Fp1,2.0746013371548155e-11,-10.683065346522037
5.859375,Fp1,1.4731203473334693e-11,-10.831761771794286
6.103515625,Fp1,1.61004219801059e-11,-10.793162741283068
6.34765625,Fp1,1.6435350722259868e-11,-10.784221023853915
6.591796875,Fp1,1.2264612366554532e-11,-10.911346173485049
6.8359375,Fp1,1.0437101692928456e-11,-10.98142008500429
7.080078125,Fp1,1.0346956085770531e-11,-10.985187394128179
7.32421875,Fp1,1.0303469614260492e-11,-10.987016505334465
7.568359375,Fp1,9.134161044315804e-12,-11.039331335619195
7.8125,Fp1,7.739536272718993e-12,-11.11128506001899
8.056640625,Fp1,7.755393897165932e-12,-11.110396139433707
8.30078125,Fp1,8.058635273108917e-12,-11.093738499577226
8.544921875,Fp1,8.56063434417203e-12,-11.06749405285015
8.7890625,Fp1,1.155272029137351e-11,-10.937315741448879
9.033203125,Fp1,1.202049816123425e-11,-10.920077533648417
9.27734375,Fp1,1.2888277972362172e-11,-10.889805105692412
9.521484375,Fp1,1.5421354455754888e-11,-10.811877480576413
9.765625,Fp1,1.1756924698967062e-11,-10.929706263373028
10.009765625,Fp1,9.522396365209814e-12,-11.021253745184467
10.25390625,Fp1,6.209490894148977e-12,-11.206944005447484
10.498046875,Fp1,5.038112670031323e-12,-11.297732124367535
10.7421875,Fp1,4.434247896260703e-12,-11.353180031345868
10.986328125,Fp1,3.792786577814858e-12,-11.421041594598838
11.23046875,Fp1,3.2046815729429663e-12,-11.494215116842215
11.474609375,Fp1,2.7926980134657835e-12,-11.553976023903768
11.71875,Fp1,2.4703154894222213e-12,-11.60724757849518
11.962890625,Fp1,2.375146493932526e-12,-11.624309598862496
12.20703125,Fp1,1.9891222889232083e-12,-11.701338516135513
12.451171875,Fp1,2.2600171184150747e-12,-11.645888271292842
12.6953125,Fp1,1.766072445674077e-12,-11.752991485293464
12.939453125,Fp1,1.8221906663727925e-12,-11.739406182236108
13.18359375,Fp1,1.870191312918644e-12,-11.728113964642617
13.427734375,Fp1,1.9585811811584568e-12,-11.708058422687232
13.671875,Fp1,1.7289210965104569e-12,-11.762224826351316
13.916015625,Fp1,1.6359301154004625e-12,-11.786235252708831
14.16015625,Fp1,1.5829604911154433e-12,-11.800529924496251
14.404296875,Fp1,1.6412030898722426e-12,-11.784837674063642
14.6484375,Fp1,1.3829934368529308e-12,-11.859179880877905
14.892578125,Fp1,1.3170695979031589e-12,-11.880391275010377
15.13671875,Fp1,1.4853298040393364e-12,-11.828177104480423
15.380859375,Fp1,1.3782957177517257e-12,-11.860657593161768
15.625,Fp1,1.5483277409811785e-12,-11.810137105000594
15.869140625,Fp1,1.4799394758740897e-12,-11.829756045301924
16.11328125,Fp1,1.3432247475420097e-12,-11.871851315364701
16.357421875,Fp1,1.384675177893913e-12,-11.858652093020583
16.6015625,Fp1,1.287766479616885e-12,-11.890162883721985
16.845703125,Fp1,1.237110822367149e-12,-11.907591393833531
17.08984375,Fp1,1.2483509808064832e-12,-11.903663293181346
17.333984375,Fp1,1.2074162543361502e-12,-11.918142981935436
17.578125,Fp1,1.4422816448426076e-12,-11.840949923488035
17.822265625,Fp1,1.3777080583222285e-12,-11.860842801363262
18.06640625,Fp1,1.4372083709094153e-12,-11.842480261945276
18.310546875,Fp1,1.3867765060618149e-12,-11.857993524510695
18.5546875,Fp1,1.2974383069107469e-12,-11.886913283656943
18.798828125,Fp1,1.3334903745380697e-12,-11.875010114807317
19.04296875,Fp1,1.344354084618531e-12,-11.871486328943808
19.287109375,Fp1,1.2224066620884269e-12,-11.912784291866915
19.53125,Fp1,1.1192397802104049e-12,-11.951076862473657
19.775390625,Fp1,1.1676986740925625e-12,-11.932669212927578
20.01953125,Fp1,1.1055795117258813e-12,-11.956410018112821
20.263671875,Fp1,1.077515342056346e-12,-11.967576537480014
20.5078125,Fp1,9.536965257629825e-13,-12.02058979946131
20.751953125,Fp1,1.0764533227723025e-12,-11.968004797333224
20.99609375,Fp1,9.416969626659216e-13,-12.0260888303444
21.240234375,Fp1,1.1248516973493138e-12,-11.948904732013448
21.484375,Fp1,9.949603684465653e-13,-12.002194217855031
21.728515625,Fp1,9.043979792971366e-13,-12.043640416672856
21.97265625,Fp1,8.25863489981273e-13,-12.083091732882222
22.216796875,Fp1,9.144426785710185e-13,-12.038843512889075
22.4609375,Fp1,9.21773164588837e-13,-12.035375939562153
22.705078125,Fp1,8.026144292184736e-13,-12.09549303688522
22.94921875,Fp1,7.4178079947158e-13,-12.129724412300833
23.193359375,Fp1,6.884371378161659e-13,-12.162135709649547
23.4375,Fp1,7.801945890674487e-13,-12.107797066003588
23.681640625,Fp1,8.239263240526775e-13,-12.084111621419298
23.92578125,Fp1,7.824901893193333e-13,-12.106521098830955
24.169921875,Fp1,7.022379771527176e-13,-12.153515687513966
24.4140625,Fp1,7.790890258699781e-13,-12.108412913014247
24.658203125,Fp1,6.726909313724148e-13,-12.17218442705403
24.90234375,Fp1,6.879284690990481e-13,-12.162456717419444
25.146484375,Fp1,6.452624282323828e-13,-12.190263621870086
25.390625,Fp1,6.104801202831618e-13,-12.214328473884366
25.634765625,Fp1,6.126468445307707e-13,-12.212789799002818
25.87890625,Fp1,6.546675433607675e-13,-12.1839791896855
26.123046875,Fp1,6.730624966144855e-13,-12.17194460787907
26.3671875,Fp1,7.342307061912383e-13,-12.134167456864777
26.611328125,Fp1,6.509670368446059e-13,-12.18644100233648
26.85546875,Fp1,6.39452642256255e-13,-12.194191613762914
27.099609375,Fp1,6.538408463049485e-13,-12.184527951955811
27.34375,Fp1,5.124657016025849e-13,-12.290335195839413
27.587890625,Fp1,5.566676432995339e-13,-12.254404021633349
27.83203125,Fp1,5.120770892507643e-13,-12.290664654422491
28.076171875,Fp1,5.27579881332138e-13,-12.277711774143546
28.3203125,Fp1,5.314883621384089e-13,-12.274506240669199
28.564453125,Fp1,4.952234730999209e-13,-12.30519877837371
28.80859375,Fp1,4.724881458741494e-13,-12.3256090829135
29.052734375,Fp1,5.319016224317097e-13,-12.274168684971647
29.296875,Fp1,5.494857526354912e-13,-12.260043563717295
29.541015625,Fp1,5.056177216996972e-13,-12.296177712610346
29.78515625,Fp1,4.796090903452436e-13,-12.319112594027391
30.029296875,Fp1,4.4088395245343173e-13,-12.355675708585242
30.2734375,Fp1,5.135465584771361e-13,-12.289420176851328
30.517578125,Fp1,4.490224898694115e-13,-12.347731906253742
30.76171875,Fp1,5.052301829652748e-13,-12.296510712147374
31.005859375,Fp1,5.172398362816463e-13,-12.286308034427648
31.25,Fp1,5.154858728852678e-13,-12.287783232246698
31.494140625,Fp1,4.28700761303414e-13,-12.367845745251723
31.73828125,Fp1,4.388320604920316e-13,-12.357701650955711
31.982421875,Fp1,4.845816337196313e-13,-12.314633050217854
32.2265625,Fp1,4.663564274126285e-13,-12.331282033331059
32.470703125,Fp1,4.36973883219278e-13,-12.359544518893875
32.71484375,Fp1,4.844787036776905e-13,-12.314725308558598
32.958984375,Fp1,4.239566528180184e-13,-12.372678545304215
33.203125,Fp1,3.882240057036033e-13,-12.410917613661018
33.447265625,Fp1,4.131185390667795e-13,-12.3839253152298
33.69140625,Fp1,4.3166633748148413e-13,-12.36485181749165
33.935546875,Fp1,4.2832154995933756e-13,-12.368230074580822
34.1796875,Fp1,4.365621344488394e-13,-12.359953935857934
34.423828125,Fp1,3.85974934993704e-13,-12.413440897264431
34.66796875,Fp1,3.5211591817181997e-13,-12.453314341252115
34.912109375,Fp1,3.7406529892668797e-13,-12.42705257831251
35.15625,Fp1,3.808630038177778e-13,-12.419231211687
35.400390625,Fp1,3.887982439102782e-13,-12.410275705324462
35.64453125,Fp1,3.4651864216676414e-13,-12.460273396052546
35.888671875,Fp1,3.285755322595869e-13,-12.483364779915815
36.1328125,Fp1,4.011300651644237e-13,-12.39671478592244
36.376953125,Fp1,5.103669435812454e-13,-12.292117462588564
36.62109375,Fp1,4.1892710376286253e-13,-12.377861540727677
36.865234375,Fp1,3.9265184007082125e-13,-12.405992362987588
37.109375,Fp1,3.965530853817266e-13,-12.401698666744478
37.353515625,Fp1,3.696749526689122e-13,-12.43217997405818
37.59765625,Fp1,3.728419999579613e-13,-12.428475171096562
37.841796875,Fp1,3.68207567428705e-13,-12.433907290088506
38.0859375,Fp1,3.3535792125166913e-13,-12.47449143104016
38.330078125,Fp1,3.5344769440101553e-13,-12.451674846969672
38.57421875,Fp1,4.714156406767936e-13,-12.326596012505501
38.818359375,Fp1,4.0599209036757544e-13,-12.391482427366594
39.0625,Fp1,4.3849025862087183e-13,-12.358040050357676
39.306640625,Fp1,3.264174337620953e-13,-12.48622665388729
39.55078125,Fp1,3.4128440962478725e-13,-12.466883550480734
39.794921875,Fp1,3.771585999107554e-13,-12.423475985121033
0.0,Fp2,2.874061155321986e-09,-8.541503995027018
0.244140625,Fp2,2.3559399893293232e-08,-7.627835776123925
0.48828125,Fp2,5.1804747093317395e-09,-8.285630442147207
0.732421875,Fp2,1.2849319099171846e-09,-8.891119885508353
0.9765625,Fp2,6.671055340522545e-10,-9.175805456591627
1.220703125,Fp2,4.804324642963746e-10,-9.31836765366629
1.46484375,Fp2,4.037212930057433e-10,-9.393918344493501
1.708984375,Fp2,2.7841689107751877e-10,-9.555304420357334
1.953125,Fp2,1.7031937147645243e-10,-9.76873595422833
2.197265625,Fp2,1.5248425900830762e-10,-9.816774986341276
2.44140625,Fp2,1.4194637243443527e-10,-9.84787570177735
2.685546875,Fp2,1.4256649741167703e-10,-9.845982520057088
2.9296875,Fp2,1.2610352083244926e-10,-9.89927278767943
3.173828125,Fp2,9.486956157338736e-11,-10.022873106446815
3.41796875,Fp2,6.585607946767197e-11,-10.181404127195878
3.662109375,Fp2,6.708465278482686e-11,-10.173376823694156
3.90625,Fp2,5.32677334739396e-11,-10.273535781921806
4.150390625,Fp2,4.749703323702357e-11,-10.323333516459945
4.39453125,Fp2,3.710829638097782e-11,-10.430528983385624
4.638671875,Fp2,2.992380761148385e-11,-10.523983146120221
4.8828125,Fp2,2.8017173285254637e-11,-10.552575683773396
5.126953125,Fp2,2.7831789463522816e-11,-10.555458869513993
5.37109375,Fp2,2.5840619339583168e-11,-10.58769708152293
5.615234375,Fp2,1.9830275934934893e-11,-10.702671242618408
5.859375,Fp2,1.4591306460408457e-11,-10.835905820982193
6.103515625,Fp2,1.5776569251024196e-11,-10.801987431883187
6.34765625,Fp2,1.6305559092137388e-11,-10.787664305323691
6.591796875,Fp2,1.2306898146539518e-11,-10.909851393664324
6.8359375,Fp2,1.021362456886211e-11,-10.990820109929484
7.080078125,Fp2,9.793417659160787e-12,-11.009065723774219
7.32421875,Fp2,1.0324413440736806e-11,-10.986134612474217
7.568359375,Fp2,9.53090490361824e-12,-11.020865863685787
7.8125,Fp2,7.883994928160301e-12,-11.103253663777767
8.056640625,Fp2,7.791752531571146e-12,-11.108364849235162
8.30078125,Fp2,8.30298875851607e-12,-11.080765550071177
8.544921875,Fp2,7.982168728194685e-12,-11.097879096277703
8.7890625,Fp2,1.0963234793857746e-11,-10.960061284734376
9.033203125,Fp2,1.1853657166786156e-11,-10.926147637644165
9.27734375,Fp2,1.2400877288903966e-11,-10.90654758997866
9.521484375,Fp2,1.4081158456520925e-11,-10.851361614328955
9.765625,Fp2,1.1133978448986098e-11,-10.95334962365199
10.009765625,Fp2,8.779797900255701e-12,-11.056515480883638
10.25390625,Fp2,5.642225512903855e-12,-11.24854955961056
10.498046875,Fp2,4.669254961452017e-12,-11.330752411070579
10.7421875,Fp2,4.252970384062777e-12,-11.371307641523666
10.986328125,Fp2,3.701849632572735e-12,-11.431581226066692
11.23046875,Fp2,3.166530292992468e-12,-11.499416352886453
11.474609375,Fp2,2.5933724025659143e-12,-11.586135115021369
11.71875,Fp2,2.4295850801165297e-12,-11.614467888048532
11.962890625,Fp2,2.287564387770032e-12,-11.64062667306056
12.20703125,Fp2,2.027481951203853e-12,-11.693043003221597
12.451171875,Fp2,2.3176531686085722e-12,-11.63495155466637
12.6953125,Fp2,1.9966844149999717e-12,-11.699690571911841
12.939453125,Fp2,1.9055009979629232e-12,-11.719990819439872
13.18359375,Fp2,1.944478002590393e-12,-11.711196965557225
13.427734375,Fp2,1.9813297085846018e-12,-11.703043248487575
13.671875,Fp2,1.832227654038092e-12,-11.737020566284954
13.916015625,Fp2,1.6571145469646892e-12,-11.780647470219604
14.16015625,Fp2,1.768832691524099e-12,-11.752313243734793
14.404296875,Fp2,1.870556045250675e-12,-11.728029275020727
14.6484375,Fp2,1.6266368403364488e-12,-11.78870939595223
14.892578125,Fp2,1.640192508772955e-12,-11.785105175982029
15.13671875,Fp2,1.7017845604495366e-12,-11.769095420826131
15.380859375,Fp2,1.48845716249962e-12,-11.827263659746006
15.625,Fp2,1.6120653911038086e-12,-11.792617345645345
15.869140625,Fp2,1.6891245892165224e-12,-11.772338315844218
16.11328125,Fp2,1.5020642149314305e-12,-11.82331150035832
16.357421875,Fp2,1.4487928468062176e-12,-11.838993706951491
16.6015625,Fp2,1.500488196972056e-12,-11.82376741644044
16.845703125,Fp2,1.4650386780644229e-12,-11.834150909474914
17.08984375,Fp2,1.5508673907396809e-12,-11.809425335604937
17.333984375,Fp2,1.6887031094334937e-12,-11.77244669694668
17.578125,Fp2,1.642191448450638e-12,-11.784576213745856
17.822265625,Fp2,1.5825518502280308e-12,-11.800642051990529
18.06640625,Fp2,1.7515255760460813e-12,-11.75658351666511
18.310546875,Fp2,1.656508620184265e-12,-11.780806299782794
18.5546875,Fp2,1.5029675085783464e-12,-11.823050407967754
18.798828125,Fp2,1.4833835668426656e-12,-11.828746536480407
19.04296875,Fp2,1.5654773075064172e-12,-11.805353223349634
19.287109375,Fp2,1.7082586537733264e-12,-11.767446370531232
19.53125,Fp2,1.4491084508489262e-12,-11.838899110841632
19.775390625,Fp2,1.5063331517220766e-12,-11.82207896574923
20.01953125,Fp2,1.5562036157488933e-12,-11.807933579961482
20.263671875,Fp2,1.3661487092243325e-12,-11.86450202387531
20.5078125,Fp2,1.1575033050456213e-12,-11.936477760257286
20.751953125,Fp2,1.4209553273840096e-12,-11.847419575398064
20.99609375,Fp2,1.2607560567855802e-12,-11.899368936774035
21.240234375,Fp2,1.4435399226268708e-12,-11.840571200742874
21.484375,Fp2,1.2029284622541504e-12,-11.919760199237102
21.728515625,Fp2,1.3009590524798638e-12,-11.885736372586686
21.97265625,Fp2,1.1141090882625277e-12,-11.953072283030384
22.216796875,Fp2,1.0693619990584792e-12,-11.97087525308816
22.4609375,Fp2,1.0605587959878592e-12,-11.97446524976386
22.705078125,Fp2,1.0441673038239112e-12,-11.981229910044258
22.94921875,Fp2,1.0075823725792466e-12,-11.996719438989057
23.193359375,Fp2,9.814084080454236e-13,-12.008150225596912
23.4375,Fp2,9.67225927086931e-13,-12.014472070460075
23.681640625,Fp2,9.620108033244812e-13,-12.01682005083343
23.92578125,Fp2,9.445335408837384e-13,-12.024782615442424
24.169921875,Fp2,8.513173511319473e-13,-12.069908514940687
24.4140625,Fp2,9.663208823855204e-13,-12.014878635169529
24.658203125,Fp2,8.48181657574992e-13,-12.071511123647236
24.90234375,Fp2,8.602940394526797e-13,-12.065353086098217
25.146484375,Fp2,9.474115909240095e-13,-12.023461306283654
25.390625,Fp2,9.48077954093929e-13,-12.023155952070203
25.634765625,Fp2,8.57090786581639e-13,-12.066973173382323
25.87890625,Fp2,8.58827195687147e-13,-12.066094211616024
26.123046875,Fp2,8.359150375293536e-13,-12.077837862043403
26.3671875,Fp2,9.495169490587533e-13,-12.022497278618388
26.611328125,Fp2,8.110161650624799e-13,-12.090970489404787
26.85546875,Fp2,7.54399466696447e-13,-12.12239862728408
27.099609375,Fp2,8.165781442798133e-13,-12.088002248152549
27.34375,Fp2,7.373460475962199e-13,-12.132328643361948
27.587890625,Fp2,7.186367377222851e-13,-12.143490584818206
27.83203125,Fp2,7.351718398937892e-13,-12.133611136568843
28.076171875,Fp2,7.105026308498443e-13,-12.148434309627497
28.3203125,Fp2,6.673498876194286e-13,-12.17564640833071
28.564453125,Fp2,6.80456729105017e-13,-12.167199486784549
28.80859375,Fp2,6.838699777417144e-13,-12.165026461608836
29.052734375,Fp2,7.171460464746908e-13,-12.144392391446338
29.296875,Fp2,7.223740075921869e-13,-12.141237889165163
29.541015625,Fp2,6.666927306759216e-13,-12.176074280204489
29.78515625,Fp2,7.382818366331749e-13,-12.13177781605135
30.029296875,Fp2,7.233522090989489e-13,-12.140650187874972
30.2734375,Fp2,7.105725839559722e-13,-12.148391552920897
30.517578125,Fp2,6.183414921296233e-13,-12.20877161036941
30.76171875,Fp2,6.054947661849362e-13,-12.21788960648761
31.005859375,Fp2,6.321565127475763e-13,-12.199175383414751
31.25,Fp2,6.618828013334167e-13,-12.179218903672387
31.494140625,Fp2,6.113755609269971e-13,-12.213691925712451
31.73828125,Fp2,6.208075490616173e-13,-12.207043010667602
31.982421875,Fp2,6.687307209311246e-13,-12.174748725215828
32.2265625,Fp2,5.746906392712249e-13,-12.2405658767239
32.470703125,Fp2,5.894798961142705e-13,-12.229531001689365
32.71484375,Fp2,7.076625585271447e-13,-12.150173781723005
32.958984375,Fp2,6.489391119153869e-13,-12.187796049886341
33.203125,Fp2,6.467379392138662e-13,-12.189271661539452
33.447265625,Fp2,6.613022158148188e-13,-12.179600022109966
33.69140625,Fp2,6.993110791470157e-13,-12.155329591201635
33.935546875,Fp2,5.785993970211819e-13,-12.237622023281382
34.1796875,Fp2,6.015535814786327e-13,-12.220725683196763
34.423828125,Fp2,6.230467193665316e-13,-12.205479386402887
34.66796875,Fp2,5.828312121111029e-13,-12.234457198692276
34.912109375,Fp2,5.91741914860446e-13,-12.227867667248448
35.15625,Fp2,5.878843053855039e-13,-12.230708133917831
35.400390625,Fp2,6.319749698007997e-13,-12.199300122180686
35.64453125,Fp2,5.895422547598482e-13,-12.229485061898194
35.888671875,Fp2,5.709501021955558e-13,-12.243401844973127
36.1328125,Fp2,5.984717828870535e-13,-12.22295632115621
36.376953125,Fp2,6.74872577458721e-13,-12.170778218473393
36.62109375,Fp2,6.013229426047942e-13,-12.220892225962281
36.865234375,Fp2,5.938935828870083e-13,-12.226291367317385
37.109375,Fp2,6.037492109869599e-13,-12.219143423800238
37.353515625,Fp2,5.947055934688993e-13,-12.225697976750002
37.59765625,Fp2,5.918564515933596e-13,-12.227783613953605
37.841796875,Fp2,5.957685808251388e-13,-12.22492240399789
38.0859375,Fp2,5.157008492846229e-13,-12.287602153372573
38.330078125,Fp2,5.877460449089645e-13,-12.230810284670044
38.57421875,Fp2,6.104986260953139e-13,-12.214315309081744
38.818359375,Fp2,5.514718365125671e-13,-12.258476661935488
39.0625,Fp2,5.939928749386888e-13,-12.226218764435254
39.306640625,Fp2,5.403446976623616e-13,-12.267329105854824
39.55078125,Fp2,5.410609184117465e-13,-12.266753834633482
39.794921875,Fp2,6.018392517236501e-13,-12.220519491153796
0.0,F3,2.656724106809278e-09,-8.575653543486423
0.244140625,F3,2.376777140865502e-08,-7.624011538099257
0.48828125,F3,4.8047165651981555e-09,-8.318332226684523
0.732421875,F3,1.1940963275048e-09,-8.922960637347057
0.9765625,F3,6.165459502840697e-10,-9.210034550518127
1.220703125,F3,4.458932834747946e-10,-9.350769069412678
1.46484375,F3,3.6576036837628445e-10,-9.436803353884038
1.708984375,F3,2.518203383145349e-10,-9.59890919694034
1.953125,F3,1.560733146195999e-10,-9.806671346163514
2.197265625,F3,1.3914008922826855e-10,-9.856547722472316
2.44140625,F3,1.2992963379710184e-10,-9.88629178559515
2.685546875,F3,1.3059560163477975e-10,-9.884071449538059
2.9296875,F3,1.1550362275130539e-10,-9.93740439398632
3.173828125,F3,8.802664075516962e-11,-10.05538587123619
3.41796875,F3,6.444230907702968e-11,-10.190828906467505
3.662109375,F3,6.432482658025549e-11,-10.191621375974043
3.90625,F3,5.0643283890567334e-11,-10.295478140879476
4.150390625,F3,4.6246406909396254e-11,-10.33492200389879
4.39453125,F3,3.547414938226314e-11,-10.450088009486228
4.638671875,F3,2.9088767143965996e-11,-10.536274684869086
4.8828125,F3,2.6422525696987623e-11,-10.578025671057695
5.126953125,F3,2.6476310439452206e-11,-10.577142535373884
5.37109375,F3,2.4025682347648698e-11,-10.619324269190722
5.615234375,F3,1.9240283034748308e-11,-10.715788543549492
5.859375,F3,1.3518748127239075e-11,-10.869063523379925
6.103515625,F3,1.5186094909715597e-11,-10.8185538902057
6.34765625,F3,1.5053815427402372e-11,-10.822353413089315
6.591796875,F3,1.1383837716429756e-11,-10.943711304013144
6.8359375,F3,9.37094878519638e-12,-11.02821643565278
7.080078125,F3,9.18102112734926e-12,-11.037109013209381
7.32421875,F3,9.49807936984944e-12,-11.022364205595903
7.568359375,F3,8.419417764907814e-12,-11.074717940594255
7.8125,F3,6.881219323636956e-12,-11.162334599757544
8.056640625,F3,6.716343818466622e-12,-11.17286707985965
8.30078125,F3,6.873313716158705e-12,-11.162833833293433
8.544921875,F3,7.175946299148104e-12,-11.144120819973846
8.7890625,F3,8.756517328218817e-12,-11.057668588566658
9.033203125,F3,8.408869869137245e-12,-11.075262368361164
9.27734375,F3,8.737428150792155e-12,-11.058616382501517
9.521484375,F3,1.0255267311702792e-11,-10.989053014916829
9.765625,F3,8.418868435646781e-12,-11.074746277286488
10.009765625,F3,7.40824112850914e-12,-11.130284890381647
10.25390625,F3,5.318168475154093e-12,-11.274237908698547
10.498046875,F3,4.090549535479615e-12,-11.38821834377883
10.7421875,F3,4.00641751254001e-12,-11.39724379444734
10.986328125,F3,3.333062752444316e-12,-11.477156509686683
11.23046875,F3,3.004914869154533e-12,-11.522167827281919
11.474609375,F3,2.5273743136249584e-12,-11.597330432673207
11.71875,F3,2.3303102066983964e-12,-11.632586262626319
11.962890625,F3,2.2231398812024334e-12,-11.653033210390033
12.20703125,F3,1.912468634754679e-12,-11.71840567871796
12.451171875,F3,2.1334484553285762e-12,-11.670917845345935
12.6953125,F3,1.7750058884689326e-12,-11.750800201862226
12.939453125,F3,1.7088865056393937e-12,-11.767286779649819
13.18359375,F3,1.8137137161219522e-12,-11.741431262656558
13.427734375,F3,1.7407720670168153e-12,-11.759258090753622
13.671875,F3,1.4798152452250225e-12,-11.829792502840125
13.916015625,F3,1.4168478484598805e-12,-11.848676784983423
14.16015625,F3,1.4344027603384474e-12,-11.843328887696709
14.404296875,F3,1.3594082321067717e-12,-11.866650104468398
14.6484375,F3,1.2349083540753633e-12,-11.908365271389096
14.892578125,F3,1.2305510377792317e-12,-11.909900368985786
15.13671875,F3,1.2914745448029344e-12,-11.88891414942916
15.380859375,F3,1.270773631177977e-12,-11.895931805453886
15.625,F3,1.2945480777700838e-12,-11.887881815818124
15.869140625,F3,1.2983412938426138e-12,-11.886611129916737
16.11328125,F3,1.1644872894515728e-12,-11.933865247490976
16.357421875,F3,1.0840956107298396e-12,-11.964932413940366
16.6015625,F3,1.1279419743789389e-12,-11.947713241536384
16.845703125,F3,1.1335920268596498e-12,-11.945543217368073
17.08984375,F3,1.111642100429819e-12,-11.95403501385749
17.333984375,F3,1.0061366133149945e-12,-11.997343046734635
17.578125,F3,1.1093642713608761e-12,-11.954925825297533
17.822265625,F3,1.0388035395044553e-12,-11.98346657927316
18.06640625,F3,1.1199116545142279e-12,-11.950816235785426
18.310546875,F3,1.0676529385954928e-12,-11.971569900255549
18.5546875,F3,1.008541095505773e-12,-11.996306400685958
18.798828125,F3,1.0331583602023345e-12,-11.98583310569149
19.04296875,F3,1.0293513143212942e-12,-11.987436376615895
19.287109375,F3,1.0167662338552944e-12,-11.992778884851585
19.53125,F3,9.138726721291105e-13,-12.039114309346914
19.775390625,F3,8.959798545123427e-13,-12.047701755039306
20.01953125,F3,8.398278604971567e-13,-12.075809722149284
20.263671875,F3,8.683604479623173e-13,-12.06129996599019
20.5078125,F3,7.975146933227342e-13,-12.098261306803446
20.751953125,F3,8.13571583246448e-13,-12.089604229031709
20.99609375,F3,8.35591743568688e-13,-12.07800585990795
21.240234375,F3,8.860690320440877e-13,-12.052532441693154
21.484375,F3,8.160135573914318e-13,-12.088302625742001
21.728515625,F3,7.371820169685343e-13,-12.132425267629024
21.97265625,F3,6.865539614969738e-13,-12.163325322579633
22.216796875,F3,6.925889550622599e-13,-12.15952443856444
22.4609375,F3,7.360106246221412e-13,-12.133115916394207
22.705078125,F3,6.534917393233579e-13,-12.184759897890563
22.94921875,F3,6.102895011683324e-13,-12.21446410116233
23.193359375,F3,6.01873683757945e-13,-12.220494645292199
23.4375,F3,6.335636766846213e-13,-12.19820972956823
23.681640625,F3,6.0291929529147e-13,-12.219740817138927
23.92578125,F3,5.711651997811521e-13,-12.243238261321917
24.169921875,F3,5.487956770692013e-13,-12.260589318278685
24.4140625,F3,6.293328873058353e-13,-12.201119572555308
24.658203125,F3,5.803133476328158e-13,-12.23633744022883
24.90234375,F3,5.57409570710589e-13,-12.25382557873159
25.146484375,F3,5.431553465295411e-13,-12.265075941144616
25.390625,F3,4.825971046851848e-13,-12.3164152879453
25.634765625,F3,4.989188005964339e-13,-12.301970130373414
25.87890625,F3,4.79160130414209e-13,-12.319519325555008
26.123046875,F3,4.694613632910905e-13,-12.328400144398818
26.3671875,F3,5.249545578382164e-13,-12.27987828923074
26.611328125,F3,4.793818577154388e-13,-12.319318405936835
26.85546875,F3,4.662978007109325e-13,-12.331336632886401
27.099609375,F3,4.685055710482414e-13,-12.32928524050486
27.34375,F3,4.063548798745993e-13,-12.391094520481385
27.587890625,F3,4.1647445743768993e-13,-12.380411628912722
27.83203125,F3,4.2612785907603676e-13,-12.370460071883837
28.076171875,F3,3.7823316482138864e-13,-12.422240393345453
28.3203125,F3,4.180682381445561e-13,-12.3787528258065
28.564453125,F3,4.032763978929529e-13,-12.394397194716406
28.80859375,F3,3.7005404590247863e-13,-12.431734843167824
29.052734375,F3,3.851570230318309e-13,-12.414362178716287
29.296875,F3,4.235394532880077e-13,-12.37310612831508
29.541015625,F3,3.92047345831877e-13,-12.406661481979842
29.78515625,F3,3.6843718144363194e-13,-12.433636548722243
30.029296875,F3,4.006784674032318e-13,-12.397203996072989
30.2734375,F3,3.53772073006622e-13,-12.451276453556948
30.517578125,F3,3.065129222526718e-13,-12.513551211374837
30.76171875,F3,3.3886230084864697e-13,-12.469976744659556
31.005859375,F3,3.5448339706108945e-13,-12.450404101055273
31.25,F3,3.542095535965668e-13,-12.450739729373169
31.494140625,F3,3.445546209360546e-13,-12.462741921243206
31.73828125,F3,3.587954989987393e-13,-12.445153013711199
31.982421875,F3,3.588137472727605e-13,-12.445130926134278
32.2265625,F3,3.536712170157495e-13,-12.451400283130901
32.470703125,F3,3.1975150703431453e-13,-12.495187399952844
32.71484375,F3,3.3966314072065254e-13,-12.468951578976766
32.958984375,F3,2.963592912272213e-13,-12.528181452546919
33.203125,F3,2.7637296632040056e-13,-12.55850444014033
33.447265625,F3,3.020936446091688e-13,-12.519858411238475
33.69140625,F3,3.407370743975317e-13,-12.467580609812579
33.935546875,F3,3.074739278316663e-13,-12.512191704210158
34.1796875,F3,3.0188947397129694e-13,-12.520152029328267
34.423828125,F3,2.872027451076902e-13,-12.541811413387173
34.66796875,F3,2.805550309674728e-13,-12.551981939037438
34.912109375,F3,3.063448642977676e-13,-12.513789395977811
35.15625,F3,2.6834633319514683e-13,-12.57130433473131
35.400390625,F3,2.733381994754037e-13,-12.563299670678003
35.64453125,F3,2.556327748029091e-13,-12.592383465836246
35.888671875,F3,2.631925500865446e-13,-12.579726407999173
36.1328125,F3,2.950315640127085e-13,-12.530131518451535
36.376953125,F3,3.398632577882582e-13,-12.468695783938047
36.62109375,F3,3.017843002370614e-13,-12.520303357329691
36.865234375,F3,2.849021926598128e-13,-12.54530420833724
37.109375,F3,2.7406218750636016e-13,-12.562150880148723
37.353515625,F3,2.716817435540265e-13,-12.565939544284113
37.59765625,F3,2.4914503623988204e-13,-12.603547760931628
37.841796875,F3,2.6318792288007137e-13,-12.579734043427694
38.0859375,F3,2.9796584935056146e-13,-12.52583350870397
38.330078125,F3,2.779393920149573e-13,-12.556049896827016
38.57421875,F3,2.6459525895415454e-13,-12.577417941813279
38.818359375,F3,2.804458976396752e-13,-12.552150908464172
39.0625,F3,2.5400584862046254e-13,-12.595156283402304
39.306640625,F3,2.2274754468548718e-13,-12.652187074431026
39.55078125,F3,2.566383243315237e-13,-12.590678489025406
39.794921875,F3,2.689500258941979e-13,-12.570328409568763
0.0,F4,3.0728516560768798e-09,-8.51245840508768
0.244140625,F4,2.7489494636237043e-08,-7.560833244103822
0.48828125,F4,5.448976663994897e-09,-8.263685052018802
0.732421875,F4,1.2588628484022066e-09,-8.90002158317785
0.9765625,F4,6.479724220780216e-10,-9.188443477453797
1.220703125,F4,4.755708302065843e-10,-9.322784791288047
1.46484375,F4,3.940084005481752e-10,-9.404494518598728
1.708984375,F4,2.7769693700599356e-10,-9.556428910486442
1.953125,F4,1.706850196655538e-10,-9.767804593484422
2.197265625,F4,1.5398911862294163e-10,-9.812509966754288
2.44140625,F4,1.444626994986151e-10,-9.840244273966945
2.685546875,F4,1.5032347729844688e-10,-9.822973186645818
2.9296875,F4,1.357771435864145e-10,-9.867173332041853
3.173828125,F4,1.0757536923306227e-10,-9.96828715460533
3.41796875,F4,7.898943919407186e-11,-10.102430969549186
3.662109375,F4,8.086686906036998e-11,-10.092229371234962
3.90625,F4,6.539556041422418e-11,-10.184451734138273
4.150390625,F4,6.074322094825077e-11,-10.21650218306372
4.39453125,F4,4.856517418567304e-11,-10.313675049268536
4.638671875,F4,3.9567544100278766e-11,-10.40266090492217
4.8828125,F4,3.851703027774787e-11,-10.414347205028964
5.126953125,F4,3.88139498623211e-11,-10.411012159472708
5.37109375,F4,3.749322032146128e-11,-10.426047256090136
5.615234375,F4,3.0438190310418824e-11,-10.51658117192651
5.859375,F4,2.2068970005195968e-11,-10.65621793559676
6.103515625,F4,2.3023095511508317e-11,-10.637836284824985
6.34765625,F4,2.5131918493143988e-11,-10.599774357440708
6.591796875,F4,1.9588414199163445e-11,-10.708000721352347
6.8359375,F4,1.5883896289494184e-11,-10.799042957231892
7.080078125,F4,1.5285074000574884e-11,-10.815732454356045
7.32421875,F4,1.6512418302450093e-11,-10.78218931810613
7.568359375,F4,1.602515429596971e-11,-10.795197780244987
7.8125,F4,1.328453470260436e-11,-10.876653652366254
8.056640625,F4,1.2065211680642764e-11,-10.918465054117515
8.30078125,F4,1.1519596986227744e-11,-10.938562714464807
8.544921875,F4,1.0447283852119936e-11,-10.98099660537722
8.7890625,F4,1.2522338362930617e-11,-10.902314565431249
9.033203125,F4,1.2383843389977179e-11,-10.907144548852623
9.27734375,F4,1.1877618610714552e-11,-10.925270623992603
9.521484375,F4,1.2853345255539084e-11,-10.890983826655951
9.765625,F4,1.1084861043485804e-11,-10.955269746701553
10.009765625,F4,9.46639445755776e-12,-11.023815402765612
10.25390625,F4,7.440962742142835e-12,-11.128370870025313
10.498046875,F4,6.518435676334386e-12,-11.18585661571737
10.7421875,F4,6.018815601302504e-12,-11.220488961969036
10.986328125,F4,5.066723475973957e-12,-11.295272797334686
11.23046875,F4,4.911763121197512e-12,-11.308762586011317
11.474609375,F4,4.0482918380393256e-12,-11.392728187106608
11.71875,F4,3.742907027527579e-12,-11.426790960471262
11.962890625,F4,3.271789762506149e-12,-11.485214610843297
12.20703125,F4,3.370855097113689e-12,-11.472259916086715
12.451171875,F4,3.2673723361919098e-12,-11.485801372307643
12.6953125,F4,2.9444842943852697e-12,-11.53099075782589
12.939453125,F4,2.787522533770547e-12,-11.5547816131805
13.18359375,F4,2.703666718191618e-12,-11.56804684504222
13.427734375,F4,2.445932093838215e-12,-11.61155560440551
13.671875,F4,2.3597006711287496e-12,-11.627143083945905
13.916015625,F4,2.220636841587292e-12,-11.653522459277013
14.16015625,F4,2.27529672089876e-12,-11.642961959074537
14.404296875,F4,2.243540678397641e-12,-11.649066051718842
14.6484375,F4,2.031441641524998e-12,-11.692195649403388
14.892578125,F4,2.071333427896268e-12,-11.683749985973787
15.13671875,F4,2.133966136495895e-12,-11.670812476593676
15.380859375,F4,1.8791952278331917e-12,-11.726028099108454
15.625,F4,1.8916082829529915e-12,-11.723168792968673
15.869140625,F4,2.072505946573291e-12,-11.683504214668998
16.11328125,F4,1.879925438394675e-12,-11.725859375383079
16.357421875,F4,1.7884399169415158e-12,-11.74752564549492
16.6015625,F4,1.788888998218138e-12,-11.747416606865253
16.845703125,F4,1.5917388090678561e-12,-11.798128194818707
17.08984375,F4,1.7467674962851761e-12,-11.757764897993727
17.333984375,F4,1.720330947619818e-12,-11.76438799791842
17.578125,F4,1.701389579274391e-12,-11.76919623150378
17.822265625,F4,1.5927953622199238e-12,-11.797840017524361
18.06640625,F4,1.6042667999442228e-12,-11.79472340406428
18.310546875,F4,1.687128713105109e-12,-11.772851783291772
18.5546875,F4,1.639394310906577e-12,-11.785316576353319
18.798828125,F4,1.6210839356258445e-12,-11.790194497899538
19.04296875,F4,1.6089379634079548e-12,-11.7934607008786
19.287109375,F4,1.6594395508838425e-12,-11.780038563198575
19.53125,F4,1.5096776443179899e-12,-11.821115776044172
19.775390625,F4,1.5001897033971748e-12,-11.823853819658103
20.01953125,F4,1.5612548702984989e-12,-11.806526193844093
20.263671875,F4,1.4701973585464432e-12,-11.83262436186783
20.5078125,F4,1.2845408442141452e-12,-11.891252082028382
20.751953125,F4,1.3634450630446493e-12,-11.865362356290172
20.99609375,F4,1.4536812088431165e-12,-11.837530823477056
21.240234375,F4,1.3562145495484534e-12,-11.867671600797593
21.484375,F4,1.2447430913023394e-12,-11.904920275510504
21.728515625,F4,1.263854713029391e-12,-11.898302847696181
21.97265625,F4,1.1550552735758622e-12,-11.937397232711561
22.216796875,F4,1.2095730293124774e-12,-11.91736790549974
22.4609375,F4,1.2296195547936004e-12,-11.910229238813917
22.705078125,F4,1.123314402641616e-12,-11.949498672748229
22.94921875,F4,1.0153692331055718e-12,-11.993376000370958
23.193359375,F4,1.0034547984419997e-12,-11.998502185936186
23.4375,F4,1.0434918112434832e-12,-11.981510954692176
23.681640625,F4,9.965458205144748e-13,-12.001502727932785
23.92578125,F4,9.57350181752812e-13,-12.018929175927372
24.169921875,F4,8.980755827504525e-13,-12.046687111227891
24.4140625,F4,9.564490339201952e-13,-12.019338167170345
24.658203125,F4,9.285902775399269e-13,-12.032175867765327
24.90234375,F4,9.73727087369089e-13,-12.011562748519632
25.146484375,F4,9.209795941965634e-13,-12.035749992198383
25.390625,F4,8.921262432974357e-13,-12.04957368498705
25.634765625,F4,8.882456657340223e-13,-12.051466903008226
25.87890625,F4,8.205587052442057e-13,-12.085890342762518
26.123046875,F4,8.42817346952969e-13,-12.074266534278435
26.3671875,F4,9.086094952526421e-13,-12.041622728984876
26.611328125,F4,8.547639067955199e-13,-12.068153824611013
26.85546875,F4,8.026391439935523e-13,-12.09547966393204
27.099609375,F4,7.707281163863017e-13,-12.113098797535734
27.34375,F4,6.846917079447592e-13,-12.164504931685245
27.587890625,F4,6.86813923583988e-13,-12.16316090909295
27.83203125,F4,7.293279298022638e-13,-12.137077154698698
28.076171875,F4,7.243368462014569e-13,-12.140059422165072
28.3203125,F4,6.934447966501135e-13,-12.158988106277052
28.564453125,F4,6.725076847873743e-13,-12.172302748586993
28.80859375,F4,6.878507309340379e-13,-12.162505796888203
29.052734375,F4,6.192108360560696e-13,-12.208161452198906
29.296875,F4,6.577970583719481e-13,-12.181908072987277
29.541015625,F4,6.84730014773913e-13,-12.164480634649133
29.78515625,F4,6.408645178988573e-13,-12.193233772896056
30.029296875,F4,5.867092923556021e-13,-12.231577033333346
30.2734375,F4,5.707232206699068e-13,-12.243574457215102
30.517578125,F4,5.354601660930452e-13,-12.271272831628472
30.76171875,F4,5.272040970419903e-13,-12.27802122338405
31.005859375,F4,5.982287804513938e-13,-12.223132697137938
31.25,F4,6.039011173418352e-13,-12.21903416685642
31.494140625,F4,5.657446970360315e-13,-12.247379508179744
31.73828125,F4,4.716488803174522e-13,-12.326381192228183
31.982421875,F4,5.209426318341293e-13,-12.283210100212324
32.2265625,F4,5.708507553010097e-13,-12.243477419987668
32.470703125,F4,4.885303175424061e-13,-12.31110847937037
32.71484375,F4,5.104980108743317e-13,-12.292005945776845
32.958984375,F4,5.150178816092285e-13,-12.288177691833766
33.203125,F4,4.467261104162482e-13,-12.349958662978576
33.447265625,F4,5.027633579714529e-13,-12.2986363817631
33.69140625,F4,5.336632598184139e-13,-12.272732695280286
33.935546875,F4,4.665910601976177e-13,-12.331063586468193
34.1796875,F4,4.56889833979233e-13,-12.340188505099997
34.423828125,F4,4.2765006782231724e-13,-12.368911454758779
34.66796875,F4,4.2779011053638395e-13,-12.368769259477256
34.912109375,F4,4.714908461723805e-13,-12.3265267345182
35.15625,F4,4.842426083095357e-13,-12.314936999818725
35.400390625,F4,4.700515577943516e-13,-12.32785450368653
35.64453125,F4,4.146623983903164e-13,-12.38230534469864
35.888671875,F4,4.028598861985872e-13,-12.394845974284271
36.1328125,F4,4.4112033387190994e-13,-12.355442922532568
36.376953125,F4,4.480943132894234e-13,-12.348630567630574
36.62109375,F4,4.149799961881471e-13,-12.381972837636075
36.865234375,F4,4.284832548053109e-13,-12.368066145707532
37.109375,F4,4.976197022803611e-13,-12.303102432934905
37.353515625,F4,4.024924491074005e-13,-12.395242262729031
37.59765625,F4,3.916589849436606e-13,-12.407091905973939
37.841796875,F4,3.855436586118827e-13,-12.413926435717714
38.0859375,F4,4.120583023555778e-13,-12.385041331054422
38.330078125,F4,3.9218764130884933e-13,-12.406506096022486
38.57421875,F4,3.650431072771096e-13,-12.437655847469125
38.818359375,F4,3.847978658459925e-13,-12.414767345298152
39.0625,F4,4.003509540883221e-13,-12.39755913217542
39.306640625,F4,3.923837877568422e-13,-12.406288944801762
39.55078125,F4,3.7214273830513354e-13,-12.429290451063562
39.794921875,F4,3.876389706418965e-13,-12.411572568349978
0.0,C3,4.531577852150953e-10,-9.343750554461918
0.244140625,C3,4.463333616974859e-09,-8.350340650108562
0.48828125,C3,2.041952863188572e-09,-8.689954287466238
0.732421875,C3,9.99636365464266e-10,-9.000157953192657
0.9765625,C3,6.042804751443436e-10,-9.21876143797736
1.220703125,C3,4.362389041636583e-10,-9.360275606271799
1.46484375,C3,3.6433780279647656e-10,-9.438495765090341
1.708984375,C3,2.5394563248421943e-10,-9.59525925203922
1.953125,C3,1.5953929746285243e-10,-9.797132324712258
2.197265625,C3,1.4395026475528735e-10,-9.841787532024838
2.44140625,C3,1.3221689525213575e-10,-9.87871304525928
2.685546875,C3,1.3505400967928475e-10,-9.869492517320758
2.9296875,C3,1.195560630696845e-10,-9.922428394529902
3.173828125,C3,8.996156924424829e-11,-10.045942977556395
3.41796875,C3,6.5081795030864e-11,-10.186540477227984
3.662109375,C3,6.494764474856918e-11,-10.1874365934939
3.90625,C3,5.299304004019097e-11,-10.27578116569403
4.150390625,C3,4.7310998055498885e-11,-10.325037890137361
4.39453125,C3,3.59055702490654e-11,-10.444838171455798
4.638671875,C3,2.9029392307532588e-11,-10.537162055461735
4.8828125,C3,2.6799230334688503e-11,-10.571877678590525
5.126953125,C3,2.7684356562298083e-11,-10.557765565873945
5.37109375,C3,2.554112014324436e-11,-10.592760060034141
5.615234375,C3,2.0202398357875262e-11,-10.694597069575098
5.859375,C3,1.3647191910924308e-11,-10.864956701227591
6.103515625,C3,1.5017919327954825e-11,-10.823390232909862
6.34765625,C3,1.4915495830023134e-11,-10.826362304979504
6.591796875,C3,1.1439666649145011e-11,-10.941586630660666
6.8359375,C3,8.742976976843148e-12,-11.05834066525145
7.080078125,C3,8.881043991024146e-12,-11.051535978715687
7.32421875,C3,9.29311889426832e-12,-11.031838506539435
7.568359375,C3,8.333317383465111e-12,-11.07918207728119
7.8125,C3,7.071341988827602e-12,-11.150498158616692
8.056640625,C3,6.187785498681819e-12,-11.208464749651643
8.30078125,C3,5.565950719657982e-12,-11.254460643182599
8.544921875,C3,5.15637238198012e-12,-11.287655726384708
8.7890625,C3,5.803842093545977e-12,-11.236284412022473
9.033203125,C3,5.044392933364369e-12,-11.297191091380204
9.27734375,C3,4.568003504298146e-12,-11.340273571597418
9.521484375,C3,4.142033775288673e-12,-11.38278636407084
9.765625,C3,4.106789267290393e-12,-11.386497581636485
10.009765625,C3,4.378034087004189e-12,-11.358720861374712
10.25390625,C3,3.687473765160906e-12,-11.433271060827037
10.498046875,C3,2.7709813659446595e-12,-11.557366394713842
10.7421875,C3,2.846185931663808e-12,-11.545736732340979
10.986328125,C3,2.696413980561818e-12,-11.569213429766034
11.23046875,C3,2.4071861584014358e-12,-11.61849032250425
11.474609375,C3,2.2270536911443546e-12,-11.652269312608244
11.71875,C3,1.7753073993128053e-12,-11.75072643682493
11.962890625,C3,1.758697578272382e-12,-11.754808834436421
12.20703125,C3,1.6231508255533217e-12,-11.789641123019031
12.451171875,C3,1.7363272372035298e-12,-11.760368422063419
12.6953125,C3,1.4764197781420433e-12,-11.830790145621856
12.939453125,C3,1.5202509296491677e-12,-11.818084722339643
13.18359375,C3,1.522344864219178e-12,-11.817486953569551
13.427734375,C3,1.4415191513136333e-12,-11.841179583414808
13.671875,C3,1.2624042126127122e-12,-11.898801564901921
13.916015625,C3,1.316580055124531e-12,-11.880552728322604
14.16015625,C3,1.2758554672085449e-12,-11.894198521029454
14.404296875,C3,1.232758222261833e-12,-11.909122092125939
14.6484375,C3,1.1243350213127669e-12,-11.94910426151777
14.892578125,C3,1.110913240604558e-12,-11.954319856988903
15.13671875,C3,1.1364367109743557e-12,-11.944454745455904
15.380859375,C3,1.1802495220891634e-12,-11.928026166752739
15.625,C3,1.107656528481792e-12,-11.955594888443567
15.869140625,C3,1.197494537278306e-12,-11.921726459070225
16.11328125,C3,9.776897817921441e-13,-12.009798923768326
16.357421875,C3,9.857640365747566e-13,-12.006227030167942
16.6015625,C3,1.1185857691769e-12,-11.951330710134947
16.845703125,C3,1.1471033050859773e-12,-11.94039746892652
17.08984375,C3,1.0978739229292794e-12,-11.959447530304804
17.333984375,C3,9.65542814924377e-13,-12.015228463600659
17.578125,C3,1.0331359604319377e-12,-11.985842521675055
17.822265625,C3,9.566439989436818e-13,-12.019249648491218
18.06640625,C3,9.829410131908826e-13,-12.007472543627024
18.310546875,C3,1.0062060222915994e-12,-11.997313087685898
18.5546875,C3,1.0018319659694765e-12,-11.999205115167298
18.798828125,C3,9.252380287628142e-13,-12.033746525336753
19.04296875,C3,8.437282610458693e-13,-12.07379740376619
19.287109375,C3,9.038616047256026e-13,-12.043898061676417
19.53125,C3,8.645280820208645e-13,-12.06322089519674
19.775390625,C3,8.284041231943201e-13,-12.081757748170563
20.01953125,C3,7.308650604732995e-13,-12.136162799377956
20.263671875,C3,8.067959039238757e-13,-12.093236315352398
20.5078125,C3,7.235820496345077e-13,-12.140512215501248
20.751953125,C3,7.772541815912789e-13,-12.10943693279441
20.99609375,C3,7.441197294340041e-13,-12.12835718051724
21.240234375,C3,7.383498710605731e-13,-12.131737796625702
21.484375,C3,7.462556764253559e-13,-12.127112352370672
21.728515625,C3,7.030789163063532e-13,-12.15299592534597
21.97265625,C3,6.317430983123266e-13,-12.199459493976699
22.216796875,C3,5.74234133976889e-13,-12.240910995473778
22.4609375,C3,6.041575043337379e-13,-12.21884982570693
22.705078125,C3,5.255831948710173e-13,-12.279358529467043
22.94921875,C3,5.376564237212671e-13,-12.26949516103877
23.193359375,C3,5.691016402615735e-13,-12.244810162668738
23.4375,C3,5.637306062531582e-13,-12.248928385676493
23.681640625,C3,5.162648650578954e-13,-12.28712743030954
23.92578125,C3,5.534135734810791e-13,-12.256950193197161
24.169921875,C3,5.003253289872748e-13,-12.300747510386714
24.4140625,C3,5.200743735134892e-13,-12.283934545409704
24.658203125,C3,4.873831562909688e-13,-12.312129483883936
24.90234375,C3,4.596420389389481e-13,-12.337580257520136
25.146484375,C3,4.564953629877057e-13,-12.340563629606308
25.390625,C3,4.1344047360739577e-13,-12.38358701052451
25.634765625,C3,4.583452657932958e-13,-12.338807250079068
25.87890625,C3,4.1142130830417444e-13,-12.385713219108785
26.123046875,C3,3.988160024331125e-13,-12.399227424008911
26.3671875,C3,4.399217103718969e-13,-12.356624604829102
26.611328125,C3,4.2029787526366334e-13,-12.376442805482545
26.85546875,C3,4.135654485475542e-13,-12.383455751664455
27.099609375,C3,4.0499143369080157e-13,-12.39255416281042
27.34375,C3,3.733779530482458e-13,-12.42785132953683
27.587890625,C3,3.6015810063960814e-13,-12.443506812669833
27.83203125,C3,3.665284601273761e-13,-12.435892297703903
28.076171875,C3,3.248133364746939e-13,-12.4883661474159
28.3203125,C3,3.3124496061508045e-13,-12.479850720130488
28.564453125,C3,3.4585761681321586e-13,-12.461102655424005
28.80859375,C3,3.0418137111724385e-13,-12.516867386827135
29.052734375,C3,3.0499725390897e-13,-12.51570407087469
29.296875,C3,3.1601374010641513e-13,-12.500294034082012
29.541015625,C3,2.982874031912725e-13,-12.525365086698393
29.78515625,C3,3.168783766339291e-13,-12.499107395486156
30.029296875,C3,3.106501185689458e-13,-12.507728476289305
30.2734375,C3,2.830338306703989e-13,-12.548161650711215
30.517578125,C3,2.40631275732875e-13,-12.618647926474734
30.76171875,C3,2.6583494700536563e-13,-12.575387926726874
31.005859375,C3,2.6004475535824764e-13,-12.58495190075068
31.25,C3,2.697589143295174e-13,-12.569024194911403
31.494140625,C3,2.699722173447648e-13,-12.56868092648799
31.73828125,C3,2.5582547209282345e-13,-12.592056215765863
31.982421875,C3,2.6962417659352695e-13,-12.569241168181225
32.2265625,C3,2.585854041199985e-13,-12.58739599256096
32.470703125,C3,2.6665298572990224e-13,-12.574053549131822
32.71484375,C3,2.5385568713227785e-13,-12.595413102645432
32.958984375,C3,2.2969739084173104e-13,-12.63884393797639
33.203125,C3,2.2103830174622587e-13,-12.655532464795654
33.447265625,C3,2.2879027319137543e-13,-12.640562443118117
33.69140625,C3,2.326838383028381e-13,-12.63323378078568
33.935546875,C3,2.1720615967188746e-13,-12.66312786290649
34.1796875,C3,2.2128243779281602e-13,-12.655053052734871
34.423828125,C3,2.344446982265592e-13,-12.629959584025514
34.66796875,C3,2.219492427449244e-13,-12.653746332378924
34.912109375,C3,2.1382308422379034e-13,-12.669945410400272
35.15625,C3,2.072225473384154e-13,-12.68356299191954
35.400390625,C3,2.3669174649518e-13,-12.625816885772203
35.64453125,C3,2.246331068056015e-13,-12.648526236305194
35.888671875,C3,2.1696243086087618e-13,-12.663615461922772
36.1328125,C3,2.200263142756629e-13,-12.657525376171849
36.376953125,C3,2.401099418405066e-13,-12.619589857447833
36.62109375,C3,2.2211824084768522e-13,-12.653415774750924
36.865234375,C3,2.234807057708314e-13,-12.650759965771272
37.109375,C3,2.304436823032025e-13,-12.637435193716364
37.353515625,C3,2.182677981290093e-13,-12.661010332666786
37.59765625,C3,2.0810847655011578e-13,-12.681710230004773
37.841796875,C3,2.025791521559524e-13,-12.693405250829153
38.0859375,C3,2.2348405451920877e-13,-12.65075345813098
38.330078125,C3,1.9052455547904541e-13,-12.720049042971073
38.57421875,C3,2.2094338094042647e-13,-12.655719004575129
38.818359375,C3,2.244394672284847e-13,-12.648900770890002
39.0625,C3,2.087656569950357e-13,-12.680340943429714
39.306640625,C3,1.863844729243523e-13,-12.72959027011588
39.55078125,C3,1.9521182933152318e-13,-12.70949386875055
39.794921875,C3,1.885370271272752e-13,-12.724603345204097
0.0,C4,4.3358749805691105e-10,-9.362923248617207
0.244140625,C4,4.413617390715292e-09,-8.355205317822112
0.48828125,C4,2.0848260985355e-09,-8.680930164956985
0.732421875,C4,1.056589826479917e-09,-8.976093575292941
0.9765625,C4,6.406846980883125e-10,-9.193355648436995
1.220703125,C4,4.643282941354152e-10,-9.333174851521237
1.46484375,C4,3.8702313919979085e-10,-9.41226306876308
1.708984375,C4,2.6882441765657535e-10,-9.57053128631803
1.953125,C4,1.7170730553257994e-10,-9.765211226766915
2.197265625,C4,1.5776513911559728e-10,-9.801988955260407
2.44140625,C4,1.46212141777014e-10,-9.835016561114092
2.685546875,C4,1.4716079531266343e-10,-9.832207873742734
2.9296875,C4,1.3329036269355248e-10,-9.875201250288441
3.173828125,C4,1.0074849588931568e-10,-9.996761428877637
3.41796875,C4,7.377291245692129e-11,-10.132103070831958
3.662109375,C4,7.439441761430073e-11,-10.128459651688845
3.90625,C4,5.976891393895987e-11,-10.223524635660414
4.150390625,C4,5.5753498382320176e-11,-10.25372787661219
4.39453125,C4,4.287713920694652e-11,-10.36777419878366
4.638671875,C4,3.4358159375861004e-11,-10.46397011010035
4.8828125,C4,3.254254033030684e-11,-10.48754854825311
5.126953125,C4,3.2819694194621853e-11,-10.48386546990715
5.37109375,C4,3.1050561821223807e-11,-10.507930537398837
5.615234375,C4,2.427768457595692e-11,-10.614792735382439
5.859375,C4,1.689543634585513e-11,-10.772230587544012
6.103515625,C4,1.854926506309636e-11,-10.731673292807145
6.34765625,C4,1.895798581946788e-11,-10.722207805919764
6.591796875,C4,1.4723541501694238e-11,-10.831987715158034
6.8359375,C4,1.1230394947293168e-11,-10.949604970326789
7.080078125,C4,1.1385544443653102e-11,-10.943646197089173
7.32421875,C4,1.2269810721678424e-11,-10.911162136797417
7.568359375,C4,1.0976846057099252e-11,-10.95952242643973
7.8125,C4,9.214642250877704e-12,-11.035521521159579
8.056640625,C4,7.776315006196261e-12,-11.109226155144297
8.30078125,C4,7.359432426645014e-12,-11.13315567798328
8.544921875,C4,6.733875098370467e-12,-11.17173494327783
8.7890625,C4,7.2399100538075265e-12,-11.140266829297012
9.033203125,C4,6.807731665147874e-12,-11.166997570820392
9.27734375,C4,5.99817238893677e-12,-11.221981056667836
9.521484375,C4,5.86064354638806e-12,-11.232054692292564
9.765625,C4,5.3463298438617696e-12,-11.271944250788975
10.009765625,C4,5.063710226934324e-12,-11.29553115497415
10.25390625,C4,4.419145871270192e-12,-11.35466166260559
10.498046875,C4,3.346193779091494e-12,-11.475448912520871
10.7421875,C4,3.1510751303828685e-12,-11.501541241915902
10.986328125,C4,2.8280272918209828e-12,-11.548516403704678
11.23046875,C4,2.847337831545035e-12,-11.545561001531816
11.474609375,C4,2.381568771919715e-12,-11.623136872966581
11.71875,C4,2.30828680829829e-12,-11.636710230385177
11.962890625,C4,2.166818605163034e-12,-11.664177444044338
12.20703125,C4,2.0720005426098783e-12,-11.683610135194929
12.451171875,C4,1.8781043609853305e-12,-11.726280278874603
12.6953125,C4,1.768228938323307e-12,-11.752461506170409
12.939453125,C4,1.707561111541461e-12,-11.767623744495445
13.18359375,C4,1.6853558520724956e-12,-11.77330838661771
13.427734375,C4,1.5843501065577593e-12,-11.80014884260442
13.671875,C4,1.4782504250940665e-12,-11.830251987440658
13.916015625,C4,1.526282399784099e-12,-11.816365103785408
14.16015625,C4,1.461838736033938e-12,-11.835100534295732
14.404296875,C4,1.2404045998236141e-12,-11.906436631926562
14.6484375,C4,1.2592798096393753e-12,-11.899877759740724
14.892578125,C4,1.2761338893004345e-12,-11.894103757955055
15.13671875,C4,1.3455691346826154e-12,-11.871093983489358
15.380859375,C4,1.239220886531779e-12,-11.906851275341609
15.625,C4,1.2430741598155158e-12,-11.90550296127153
15.869140625,C4,1.3330120643842245e-12,-11.875165919999654
16.11328125,C4,1.0737059546497754e-12,-11.969114638336391
16.357421875,C4,1.1382931029662046e-12,-11.943745895576368
16.6015625,C4,1.1722060043953022e-12,-11.930996058360416
16.845703125,C4,1.124954388692336e-12,-11.948865085677772
17.08984375,C4,1.1357142132540717e-12,-11.944730939066403
17.333984375,C4,1.1692352031212778e-12,-11.932098117458322
17.578125,C4,1.1534506473766838e-12,-11.93800098287718
17.822265625,C4,9.821287101277781e-13,-12.007831593236151
18.06640625,C4,1.0254978562634372e-12,-11.98906524315903
18.310546875,C4,9.87259265718662e-13,-12.005568781590808
18.5546875,C4,9.849392290649366e-13,-12.006590564726705
18.798828125,C4,1.0306333502069609e-12,-11.986895808336703
19.04296875,C4,1.1141445727974488e-12,-11.953058450908863
19.287109375,C4,1.097622036768351e-12,-11.959547182294374
19.53125,C4,1.0319341592875021e-12,-11.986348011207166
19.775390625,C4,8.509997511828853e-13,-12.070070566895337
20.01953125,C4,8.697731101211742e-13,-12.060594023098036
20.263671875,C4,7.57824388593368e-13,-12.120431422205543
20.5078125,C4,8.12737183153635e-13,-12.090049870591653
20.751953125,C4,7.881761957831529e-13,-12.10337668567967
20.99609375,C4,8.191232599677627e-13,-12.086650741589995
21.240234375,C4,7.835220544563427e-13,-12.105948774570136
21.484375,C4,8.154837827315189e-13,-12.088584671215052
21.728515625,C4,8.129445033458234e-13,-12.089939101039791
21.97265625,C4,7.16177187723186e-13,-12.14497951661611
22.216796875,C4,6.443420943309377e-13,-12.190883495631024
22.4609375,C4,7.023018462944996e-13,-12.153476189857301
22.705078125,C4,7.078791138812817e-13,-12.150040901430048
22.94921875,C4,6.386132233471906e-13,-12.194762093051098
23.193359375,C4,5.732752030897149e-13,-12.241636843144583
23.4375,C4,5.842448592319705e-13,-12.23340510027422
23.681640625,C4,6.266535019778836e-13,-12.202972528985368
23.92578125,C4,6.366090194931393e-13,-12.196127212575917
24.169921875,C4,5.853889380955552e-13,-12.232555488546318
24.4140625,C4,6.12468639310681e-13,-12.21291614389895
24.658203125,C4,5.501724324011791e-13,-12.259501174680604
24.90234375,C4,5.895801755568295e-13,-12.229457127915325
25.146484375,C4,5.203178914233112e-13,-12.283731240387212
25.390625,C4,5.518992873584909e-13,-12.258140166718347
25.634765625,C4,5.396812880530313e-13,-12.267862639626456
25.87890625,C4,4.697017550323883e-13,-12.328177817079988
26.123046875,C4,4.790386242405894e-13,-12.319629468593176
26.3671875,C4,4.945435268311692e-13,-12.30579547832225
26.611328125,C4,5.174306214032037e-13,-12.286147873429826
26.85546875,C4,4.870547948782837e-13,-12.312422176825185
27.099609375,C4,4.590212802280548e-13,-12.338167180102417
27.34375,C4,4.258325394916689e-13,-12.370761155528667
27.587890625,C4,4.4651964985337744e-13,-12.35015942449074
27.83203125,C4,4.2911024086363334e-13,-12.367431120756319
28.076171875,C4,3.543816699043044e-13,-12.450528749723162
28.3203125,C4,3.648776005722514e-13,-12.437852796669489
28.564453125,C4,3.6247066771296583e-13,-12.440727132171114
28.80859375,C4,3.71398229528716e-13,-12.43016017089172
29.052734375,C4,3.7934204567291997e-13,-12.420969018115207
29.296875,C4,3.740227028142504e-13,-12.427102035746822
29.541015625,C4,3.3380586693433144e-13,-12.47650603447878
29.78515625,C4,2.9545387217456e-13,-12.52951031384805
30.029296875,C4,3.179630108595908e-13,-12.49762339924173
30.2734375,C4,3.333761685951028e-13,-12.477065448951816
30.517578125,C4,2.9373802288628897e-13,-12.532039832636597
30.76171875,C4,2.706389923214653e-13,-12.567609632239149
31.005859375,C4,3.099175487589294e-13,-12.508753831591022
31.25,C4,3.2228431886773363e-13,-12.491760825095454
31.494140625,C4,2.8215212424640265e-13,-12.549516675696907
31.73828125,C4,3.083050097408199e-13,-12.511019418234513
31.982421875,C4,3.128988112196643e-13,-12.504596086843327
32.2265625,C4,3.2163015349633463e-13,-12.492643242003238
32.470703125,C4,2.983763876820937e-13,-12.525235548173628
32.71484375,C4,2.7070328350240405e-13,-12.567506476411515
32.958984375,C4,2.63227471103752e-13,-12.579668788590764
33.203125,C4,2.5589322228225733e-13,-12.591941216904518
33.447265625,C4,2.751990979697444e-13,-12.56035299393727
33.69140625,C4,2.785142990317153e-13,-12.55515250307138
33.935546875,C4,2.66709214748085e-13,-12.573961979266585
34.1796875,C4,2.293661367563606e-13,-12.639470700233483
34.423828125,C4,2.22409468878604e-13,-12.6528467270082
34.66796875,C4,2.4257736087143294e-13,-12.615149733178422
34.912109375,C4,2.546838203178119e-13,-12.593998644238928
35.15625,C4,2.4691872124528997e-13,-12.607445980844536
35.400390625,C4,2.426827333612424e-13,-12.61496112219585
35.64453125,C4,2.362286355303668e-13,-12.626667458547077
35.888671875,C4,2.2283535880961461e-13,-12.652015895556179
36.1328125,C4,2.1209587776091125e-13,-12.673467772233494
36.376953125,C4,2.2640905750063322e-13,-12.645106203173425
36.62109375,C4,2.3074286991300193e-13,-12.636871710043247
36.865234375,C4,2.3616112198298763e-13,-12.626791596553094
37.109375,C4,2.5550880089081415e-13,-12.59259413618489
37.353515625,C4,2.542522331587913e-13,-12.594735223875105
37.59765625,C4,2.1346696798295729e-13,-12.670669318449711
37.841796875,C4,2.1347758451424002e-13,-12.670647719856044
38.0859375,C4,2.553663912561857e-13,-12.59283626076264
38.330078125,C4,2.411036092845765e-13,-12.617796288251155
38.57421875,C4,2.216137933763189e-13,-12.65440321235157
38.818359375,C4,2.1679886770036152e-13,-12.66394299036598
39.0625,C4,2.166090287179294e-13,-12.664323445029932
39.306640625,C4,2.194878160957416e-13,-12.658589582707734
39.55078125,C4,2.310030205218716e-13,-12.636382341374501
39.794921875,C4,1.9349792084571945e-13,-12.713323697157122
0.0,P3,5.458190940084573e-10,-9.262951275779598
0.244140625,P3,5.2882150258704705e-09,-8.276690894170976
0.48828125,P3,2.244412528394042e-09,-8.648897315713896
0.732421875,P3,1.059875913881868e-09,-8.97474497725492
0.9765625,P3,6.241162256208322e-10,-9.204734526590736
1.220703125,P3,4.5930345887031485e-10,-9.33790028403421
1.46484375,P3,3.8564345644598885e-10,-9.41381403329798
1.708984375,P3,2.6013140099307493e-10,-9.584807220065205
1.953125,P3,1.6279660772399622e-10,-9.788354648968308
2.197265625,P3,1.4471209955580138e-10,-9.839495155469539
2.44140625,P3,1.3445883086969842e-10,-9.871410669290176
2.685546875,P3,1.3703594896654401e-10,-9.86316548839252
2.9296875,P3,1.2137049631399731e-10,-9.915886872118072
3.173828125,P3,8.967197387193458e-11,-10.047343270385428
3.41796875,P3,6.595861084166634e-11,-10.180728499633824
3.662109375,P3,6.500164104053842e-11,-10.187075678959392
3.90625,P3,5.27242307963197e-11,-10.277989747545814
4.150390625,P3,4.6025450549837065e-11,-10.337001951431219
4.39453125,P3,3.531018161585079e-11,-10.45210004866293
4.638671875,P3,2.914142009392647e-11,-10.535489288395521
4.8828125,P3,2.7710238643924783e-11,-10.557359734005088
5.126953125,P3,2.828282165812315e-11,-10.54847726498042
5.37109375,P3,2.6491210939585434e-11,-10.576898189216552
5.615234375,P3,2.0801696480621e-11,-10.681901244742631
5.859375,P3,1.4421995466565974e-11,-10.840974645291922
6.103515625,P3,1.6108283853700705e-11,-10.792950726034451
6.34765625,P3,1.4902827153325625e-11,-10.826731335573001
6.591796875,P3,1.1731367633859649e-11,-10.93065135521476
6.8359375,P3,9.439474793008355e-12,-11.025052168926903
7.080078125,P3,9.8902929809322e-12,-11.004790843072435
7.32421875,P3,1.0659815895229556e-11,-10.972250295907603
7.568359375,P3,9.559891926608298e-12,-11.019547017341363
7.8125,P3,9.644164971227e-12,-11.01573536927335
8.056640625,P3,9.312266619577206e-12,-11.030944598227528
8.30078125,P3,1.0428832551949155e-11,-10.98176430563139
8.544921875,P3,1.2805630874096576e-11,-10.892599020991739
8.7890625,P3,2.005943556817869e-11,-10.697681291309324
9.033203125,P3,2.055222298069473e-11,-10.687141196851872
9.27734375,P3,1.8035272377917752e-11,-10.743877294358459
9.521484375,P3,1.6986405527109284e-11,-10.769898511943028
9.765625,P3,1.3896391225117272e-11,-10.857097967695823
10.009765625,P3,9.669352110498268e-12,-11.014602624599723
10.25390625,P3,6.2908077444985e-12,-11.201293587232618
10.498046875,P3,4.351197887466246e-12,-11.361391165045518
10.7421875,P3,4.154250369002363e-12,-11.381507332885295
10.986328125,P3,3.597554304263045e-12,-11.443992641765565
11.23046875,P3,3.206936125616298e-12,-11.49390969007737
11.474609375,P3,2.8289304601024497e-12,-11.548377728105034
11.71875,P3,2.3768089845446077e-12,-11.62400571953039
11.962890625,P3,2.3021163546144204e-12,-11.637872729841781
12.20703125,P3,2.1717404945106268e-12,-11.663192070674015
12.451171875,P3,2.1202744472268717e-12,-11.673607920579803
12.6953125,P3,1.8997707333995083e-12,-11.72129880706154
12.939453125,P3,1.96776815443132e-12,-11.70602607215599
13.18359375,P3,1.791444445554497e-12,-11.746796655185967
13.427734375,P3,1.686435342887742e-12,-11.77303030479518
13.671875,P3,1.5615987684461454e-12,-11.806430542183309
13.916015625,P3,1.5822977860314254e-12,-11.800711779586814
14.16015625,P3,1.5401264505233016e-12,-11.81244362039081
14.404296875,P3,1.4538252845089648e-12,-11.837487782289118
14.6484375,P3,1.3725744487266936e-12,-11.862464090014988
14.892578125,P3,1.2947164836056542e-12,-11.887825322768862
15.13671875,P3,1.3218278386860066e-12,-11.878825105801646
15.380859375,P3,1.3547753117469053e-12,-11.868132726162173
15.625,P3,1.267000057176091e-12,-11.897223365518089
15.869140625,P3,1.362091417700815e-12,-11.865793743472674
16.11328125,P3,1.1450419721559657e-12,-11.941178593724405
16.357421875,P3,1.251508467387883e-12,-11.902566207719847
16.6015625,P3,1.3877680530207922e-12,-11.857683114364457
16.845703125,P3,1.4360340270206716e-12,-11.842835269305256
17.08984375,P3,1.412953972194137e-12,-11.849871985318945
17.333984375,P3,1.432739447844197e-12,-11.843832781446316
17.578125,P3,1.2947869130306873e-12,-11.887801698848767
17.822265625,P3,1.408529784082762e-12,-11.851233965202146
18.06640625,P3,1.420452196993997e-12,-11.84757337716882
18.310546875,P3,1.3571144203171005e-12,-11.867383534788702
18.5546875,P3,1.3533907197351361e-12,-11.868576805820364
18.798828125,P3,1.168447526365108e-12,-11.93239078649964
19.04296875,P3,1.238307122827977e-12,-11.907171628977022
19.287109375,P3,1.186804004074678e-12,-11.925620997117074
19.53125,P3,1.1165469876336078e-12,-11.952122995798451
19.775390625,P3,1.025988134825933e-12,-11.988857661650538
20.01953125,P3,9.373359399305145e-13,-12.02810473065936
20.263671875,P3,9.29516329984188e-13,-12.031742976026859
20.5078125,P3,7.978923547731714e-13,-12.098055696219975
20.751953125,P3,9.10820772772704e-13,-12.040567073140686
20.99609375,P3,7.927145736006345e-13,-12.10088315747942
21.240234375,P3,7.53621369959499e-13,-12.122846795029535
21.484375,P3,7.180775720131582e-13,-12.143828637543873
21.728515625,P3,7.616764585792559e-13,-12.118229467102061
21.97265625,P3,6.637742159422074e-13,-12.177979621604285
22.216796875,P3,6.615010123509897e-13,-12.179469486838366
22.4609375,P3,6.780489286583354e-13,-12.168738965897518
22.705078125,P3,5.686274192796732e-13,-12.245172202410698
22.94921875,P3,5.32307126147703e-13,-12.273837719763918
23.193359375,P3,6.002218621880176e-13,-12.221688190092935
23.4375,P3,5.189172590213527e-13,-12.28490188456989
23.681640625,P3,5.552096486436056e-13,-12.25554299515359
23.92578125,P3,5.624779361815155e-13,-12.249894508563358
24.169921875,P3,5.227057943749242e-13,-12.281742685570688
24.4140625,P3,5.555790717138076e-13,-12.255254122204393
24.658203125,P3,4.410426887957941e-13,-12.355519372865045
24.90234375,P3,4.627806238522677e-13,-12.334624832801968
25.146484375,P3,5.016399610255407e-13,-12.299607874566465
25.390625,P3,4.900607137984787e-13,-12.30975011173835
25.634765625,P3,4.571936689736971e-13,-12.339899792163076
25.87890625,P3,4.690380755516668e-13,-12.328791900716075
26.123046875,P3,4.909830761630015e-13,-12.308933477440561
26.3671875,P3,4.827196380764881e-13,-12.316305032785268
26.611328125,P3,4.4259199439255205e-13,-12.353996445859694
26.85546875,P3,4.495383731317487e-13,-12.347233230453401
27.099609375,P3,4.2199936291542183e-13,-12.374688204684121
27.34375,P3,4.05783851711763e-13,-12.39170523983598
27.587890625,P3,3.9800133126618397e-13,-12.400115475261511
27.83203125,P3,4.01894378652623e-13,-12.395888068297191
28.076171875,P3,3.677493890516239e-13,-12.434448040100715
28.3203125,P3,3.636934786220076e-13,-12.439264486198157
28.564453125,P3,3.393112206370485e-13,-12.469401778491696
28.80859375,P3,3.170590550043136e-13,-12.498859839126599
29.052734375,P3,3.452753859882786e-13,-12.461834380557248
29.296875,P3,3.5587251632235255e-13,-12.44870555082851
29.541015625,P3,3.127478042353551e-13,-12.504805730753061
29.78515625,P3,3.407985451586148e-13,-12.467502267869346
30.029296875,P3,3.1956162490537383e-13,-12.49544537920938
30.2734375,P3,2.960879526081893e-13,-12.528579263067394
30.517578125,P3,2.686995101655555e-13,-12.570733125277252
30.76171875,P3,2.898804366337261e-13,-12.537781093195228
31.005859375,P3,3.176164272674766e-13,-12.498097043754006
31.25,P3,3.484235696633086e-13,-12.457892474133702
31.494140625,P3,2.93380802066996e-13,-12.532568308451678
31.73828125,P3,2.6979433361433233e-13,-12.568967175886762
31.982421875,P3,2.981295048699704e-13,-12.525595041182642
32.2265625,P3,2.6295055177368134e-13,-12.580125913528928
32.470703125,P3,3.129950750839507e-13,-12.504462495938188
32.71484375,P3,3.1930710617787345e-13,-12.495791416131723
32.958984375,P3,2.604952010550165e-13,-12.58420027303441
33.203125,P3,2.4783870386101257e-13,-12.605830870838428
33.447265625,P3,2.485589352220931e-13,-12.604570620181791
33.69140625,P3,2.695532856572781e-13,-12.569355370071188
33.935546875,P3,2.663031291131278e-13,-12.574623730487154
34.1796875,P3,2.64304663927403e-13,-12.577895173228244
34.423828125,P3,2.3385071380556885e-13,-12.631061300113627
34.66796875,P3,2.2411694588109558e-13,-12.649525304444808
34.912109375,P3,2.4226289983275384e-13,-12.61571308867544
35.15625,P3,2.343496868259448e-13,-12.630135622514391
35.400390625,P3,2.6222825338652825e-13,-12.581320517722904
35.64453125,P3,2.1740615730206166e-13,-12.662728160137299
35.888671875,P3,1.9675290076618417e-13,-12.706078856033903
36.1328125,P3,2.460804437397085e-13,-12.608922898744995
36.376953125,P3,2.923736571989657e-13,-12.534061759787043
36.62109375,P3,2.4883308864509497e-13,-12.604091869718781
36.865234375,P3,2.295427589101322e-13,-12.63913640281072
37.109375,P3,2.643236675512724e-13,-12.577863948382754
37.353515625,P3,2.314057137482544e-13,-12.635625921880802
37.59765625,P3,2.122984223412884e-13,-12.673053233205733
37.841796875,P3,2.1403624710868606e-13,-12.669512672509395
38.0859375,P3,2.079622516223039e-13,-12.68201548907531
38.330078125,P3,2.3280205498823963e-13,-12.63301319040482
38.57421875,P3,2.352562113384533e-13,-12.628458901314502
38.818359375,P3,2.1591569414615766e-13,-12.6657157891926
39.0625,P3,2.1305217818330402e-13,-12.67151402134077
39.306640625,P3,1.8649304666681619e-13,-12.729337356083326
39.55078125,P3,1.9460744013278038e-13,-12.710840560024279
39.794921875,P3,1.858376965326649e-13,-12.730866186275797
0.0,P4,5.298474330920128e-10,-9.275849165313952
0.244140625,P4,4.809879089136273e-09,-8.31786584079476
0.48828125,P4,2.0974147982116003e-09,-8.678315672176547
0.732421875,P4,1.0373202410701394e-09,-8.984087147700413
0.9765625,P4,6.289215751449137e-10,-9.201403506550411
1.220703125,P4,4.639080633904172e-10,-9.333568078751926
1.46484375,P4,3.7438236647854367e-10,-9.426684614852235
1.708984375,P4,2.446824743419861e-10,-9.611397136366007
1.953125,P4,1.5119336783673016e-10,-9.82046725893457
2.197265625,P4,1.4095792247093876e-10,-9.85091050979792
2.44140625,P4,1.323590684260287e-10,-9.878246298167209
2.685546875,P4,1.3675168689033148e-10,-9.86406730775399
2.9296875,P4,1.1603259724720999e-10,-9.935419986498479
3.173828125,P4,8.373500281458733e-11,-10.077092960746045
3.41796875,P4,6.290266520304225e-11,-10.201330952989506
3.662109375,P4,6.430305331798769e-11,-10.191768404872501
3.90625,P4,5.0421644135847405e-11,-10.297382997067261
4.150390625,P4,4.616968400546946e-11,-10.335643097836785
4.39453125,P4,3.3108888083097124e-11,-10.480055404191571
4.638671875,P4,2.6837455647770927e-11,-10.571258660280678
4.8828125,P4,2.6905391338510446e-11,-10.570160686764872
5.126953125,P4,2.748999199943928e-11,-10.56082538655158
5.37109375,P4,2.5198153233006097e-11,-10.598631287397218
5.615234375,P4,1.86234560330833e-11,-10.729939722021635
5.859375,P4,1.3017832240537989e-11,-10.885461329466288
6.103515625,P4,1.5008425490925503e-11,-10.823664866482225
6.34765625,P4,1.489836411809308e-11,-10.826861415714486
6.591796875,P4,1.1740441449211463e-11,-10.930315572990265
6.8359375,P4,8.657165703847788e-12,-11.062624269721015
7.080078125,P4,9.534379116477008e-12,-11.020707583170413
7.32421875,P4,1.0299007574621588e-11,-10.987204622443466
7.568359375,P4,9.002941842197943e-12,-11.045615555330782
7.8125,P4,8.513303638625837e-12,-11.069901876624305
8.056640625,P4,7.914369472474189e-12,-11.101583679100157
8.30078125,P4,8.839405240177774e-12,-11.05357695552975
8.544921875,P4,1.1077913440842446e-11,-10.955542032609749
8.7890625,P4,1.668500418963392e-11,-10.777673679957067
9.033203125,P4,1.5383395433141852e-11,-10.812947796190901
9.27734375,P4,1.6397624156314784e-11,-10.785219072107692
9.521484375,P4,1.703094687150058e-11,-10.768761205846195
9.765625,P4,1.2906091690898656e-11,-10.889205253787248
10.009765625,P4,9.852516436221886e-12,-11.006452831960505
10.25390625,P4,6.7790523395264495e-12,-11.168831012988363
10.498046875,P4,5.53815012470636e-12,-11.256635275847959
10.7421875,P4,4.828013340573583e-12,-11.316231538547868
10.986328125,P4,4.675256661992071e-12,-11.330194542261589
11.23046875,P4,4.15683351449996e-12,-11.381237369090583
11.474609375,P4,3.437556123448213e-12,-11.463750202571168
11.71875,P4,3.0227476722475106e-12,-11.519598104599975
11.962890625,P4,2.818080030762056e-12,-11.550046677506007
12.20703125,P4,2.434570752313491e-12,-11.613577599679255
12.451171875,P4,2.2729408560329775e-12,-11.643411864861346
12.6953125,P4,2.082628957525037e-12,-11.681388097336521
12.939453125,P4,1.9026275550588352e-12,-11.72064621781562
13.18359375,P4,1.845209199826693e-12,-11.733954388757025
13.427734375,P4,1.7461098597876825e-12,-11.757928435316238
13.671875,P4,1.7586439461865818e-12,-11.754822078597533
13.916015625,P4,1.8276496739265696e-12,-11.7381070467101
14.16015625,P4,1.6669709415627481e-12,-11.778071970675262
14.404296875,P4,1.436792474636606e-12,-11.842605955337374
14.6484375,P4,1.4031952078911588e-12,-11.852881907152193
14.892578125,P4,1.3381854241775013e-12,-11.87348370486591
15.13671875,P4,1.4074536684261306e-12,-11.851565892659957
15.380859375,P4,1.3408144210288633e-12,-11.872631327666978
15.625,P4,1.3860826855851985e-12,-11.858210861483032
15.869140625,P4,1.252585218800051e-12,-11.902192717520109
16.11328125,P4,1.1481628110226332e-12,-11.939996524032779
16.357421875,P4,1.2665317145844893e-12,-11.897383930787298
16.6015625,P4,1.3555268430622282e-12,-11.867891877804356
16.845703125,P4,1.3592124887190653e-12,-11.8667126437352
17.08984375,P4,1.3822586408520788e-12,-11.859410686494925
17.333984375,P4,1.3917090430232249e-12,-11.85645155080115
17.578125,P4,1.274345674255189e-12,-11.894712750918544
17.822265625,P4,1.3582822589492414e-12,-11.867009971759156
18.06640625,P4,1.3055586446448668e-12,-11.884203615243852
18.310546875,P4,1.1931383218363885e-12,-11.923309205174583
18.5546875,P4,1.2201707978333473e-12,-11.91357937312465
18.798828125,P4,1.3123334200513173e-12,-11.881955811231586
19.04296875,P4,1.3598345940424393e-12,-11.86651391461754
19.287109375,P4,1.242626658523283e-12,-11.905659333544916
19.53125,P4,1.060356075433408e-12,-11.974548270935168
19.775390625,P4,1.0449767623436354e-12,-11.98089336706311
20.01953125,P4,9.333365474660992e-13,-12.029961727794172
20.263671875,P4,8.684332865090412e-13,-12.061263538660562
20.5078125,P4,8.540515996941697e-13,-12.068515889515362
20.751953125,P4,8.70719517756951e-13,-12.060121720431797
20.99609375,P4,8.429183151555275e-13,-12.074214509593595
21.240234375,P4,7.724990407603337e-13,-12.112102051181772
21.484375,P4,7.708407932840107e-13,-12.113035310325149
21.728515625,P4,7.782209225362486e-13,-12.108897097330923
21.97265625,P4,6.705312718367996e-13,-12.173580962973515
22.216796875,P4,7.406212441779129e-13,-12.130403834688797
22.4609375,P4,7.784916197929952e-13,-12.108746058108382
22.705078125,P4,6.595738283098144e-13,-12.180736585359433
22.94921875,P4,5.673214006141949e-13,-12.246170833580805
23.193359375,P4,5.672939120578006e-13,-12.246191877062639
23.4375,P4,5.39632308871021e-13,-12.267902056138118
23.681640625,P4,5.594390598348997e-13,-12.252247214620631
23.92578125,P4,5.771888947394665e-13,-12.238682033433996
24.169921875,P4,5.290485722680102e-13,-12.276504453296415
24.4140625,P4,5.529131410858395e-13,-12.257343088062267
24.658203125,P4,4.540457329061135e-13,-12.34290040144141
24.90234375,P4,4.620239899100896e-13,-12.33533547376188
25.146484375,P4,4.404328217375996e-13,-12.35612032419532
25.390625,P4,4.691505894290276e-13,-12.328687733701202
25.634765625,P4,4.916627000996072e-13,-12.30833273813118
25.87890625,P4,4.4777545319597697e-13,-12.34893971788904
26.123046875,P4,4.757755761703223e-13,-12.322597856133786
26.3671875,P4,4.480148362453871e-13,-12.348707603875035
26.611328125,P4,4.384942982333336e-13,-12.358036049417437
26.85546875,P4,4.641090226267371e-13,-12.333379988489147
27.099609375,P4,4.3958544845873694e-13,-12.35695669240567
27.34375,P4,4.1393033572621824e-13,-12.383072744278815
27.587890625,P4,3.796491745103913e-13,-12.420617540092588
27.83203125,P4,3.562767345457818e-13,-12.44821253686393
28.076171875,P4,3.4916974641049605e-13,-12.456963392504187
28.3203125,P4,3.445719580759815e-13,-12.462720069164261
28.564453125,P4,3.14429130144534e-13,-12.502477225752909
28.80859375,P4,3.368684097389517e-13,-12.472539713623556
29.052734375,P4,3.336825191401001e-13,-12.476666544438553
29.296875,P4,3.304812632875044e-13,-12.480853157907578
29.541015625,P4,2.994741863106968e-13,-12.523640606416482
29.78515625,P4,2.7480828753888944e-13,-12.56097017416658
30.029296875,P4,2.9398098967959586e-13,-12.531680752391194
30.2734375,P4,3.2669793719551346e-13,-12.485853607696077
30.517578125,P4,2.782620817060028e-13,-12.555545970194194
30.76171875,P4,2.654678217659603e-13,-12.575988113665051
31.005859375,P4,3.0235406278537655e-13,-12.519484191326551
31.25,P4,3.043128847389649e-13,-12.516679659036615
31.494140625,P4,2.772937828929869e-13,-12.55705986747781
31.73828125,P4,2.5698747029121777e-13,-12.590088050661068
31.982421875,P4,2.609493835498427e-13,-12.583443724756854
32.2265625,P4,2.549310423103844e-13,-12.59357727836648
32.470703125,P4,2.6384794008999257e-13,-12.578646292091525
32.71484375,P4,2.877494400702004e-13,-12.54098551278821
32.958984375,P4,2.549296147988626e-13,-12.593579710248086
33.203125,P4,2.389073965065993e-13,-12.62177040440552
33.447265625,P4,2.4982805793717243e-13,-12.602358788047566
33.69140625,P4,2.674979631785052e-13,-12.572679520497719
33.935546875,P4,2.509487186844006e-13,-12.600415017434464
34.1796875,P4,2.407256137861287e-13,-12.61847769728563
34.423828125,P4,2.407988879473826e-13,-12.61834552305969
34.66796875,P4,2.2528893991365518e-13,-12.647260128526376
34.912109375,P4,2.1623547608221347e-13,-12.665073053200393
35.15625,P4,2.1798952024696322e-13,-12.661564384415188
35.400390625,P4,2.4675145709205266e-13,-12.607740274098367
35.64453125,P4,2.047000741263777e-13,-12.688882000069928
35.888671875,P4,2.1191468094666946e-13,-12.673838955354942
36.1328125,P4,2.524943385373965e-13,-12.597748355246441
36.376953125,P4,2.575269823283115e-13,-12.589177261137806
36.62109375,P4,2.2738710622582173e-13,-12.643234165214407
36.865234375,P4,2.1998457920442554e-13,-12.657607761910306
37.109375,P4,2.527915928756569e-13,-12.597237373540064
37.353515625,P4,2.2659580511136606e-13,-12.644748134339563
37.59765625,P4,2.0324632943973597e-13,-12.691977288875162
37.841796875,P4,2.0736377684274514e-13,-12.683267105667595
38.0859375,P4,1.952484153134379e-13,-12.70941248228253
38.330078125,P4,2.0895043971370562e-13,-12.67995671059341
38.57421875,P4,2.1373495245802575e-13,-12.670124451076907
38.818359375,P4,2.0131172900560926e-13,-12.696130921117206
39.0625,P4,1.990879375231055e-13,-12.700955052508261
39.306640625,P4,1.780380449467182e-13,-12.74948718339375
39.55078125,P4,1.7418685662130962e-13,-12.758984618055035
39.794921875,P4,1.7045526879956766e-13,-12.768389570115854
0.0,O1,3.827236613218816e-09,-8.417114687334234
0.244140625,O1,2.3235258978121667e-08,-7.6338524825506235
0.48828125,O1,4.033921271294746e-09,-8.39427258202209
0.732421875,O1,1.258834149331382e-09,-8.900031484169197
0.9765625,O1,6.80259222362971e-10,-9.167325561721379
1.220703125,O1,5.25071602718666e-10,-9.279781468888858
1.46484375,O1,4.1859879388976784e-10,-9.378202027329804
1.708984375,O1,2.7294378062373536e-10,-9.563926797205486
1.953125,O1,1.840071209912857e-10,-9.735165369667751
2.197265625,O1,1.6019369861382695e-10,-9.795354571342088
2.44140625,O1,1.6024200967152267e-10,-9.79522361698595
2.685546875,O1,1.6341382232069795e-10,-9.78671121155073
2.9296875,O1,1.288967661480295e-10,-9.889757978392787
3.173828125,O1,1.0165899859450204e-10,-9.99285417268785
3.41796875,O1,8.635955568424724e-11,-10.063689600756241
3.662109375,O1,8.876338744821249e-11,-10.051766132285065
3.90625,O1,5.6219155366289435e-11,-10.250115683497615
4.150390625,O1,4.9293151896918144e-11,-10.30721341135076
4.39453125,O1,4.405006493571145e-11,-10.356053447043072
4.638671875,O1,4.12904992814049e-11,-10.384149865639513
4.8828125,O1,4.059180610454385e-11,-10.391561624618003
5.126953125,O1,4.1308763600121616e-11,-10.383957803563243
5.37109375,O1,3.1599509397247544e-11,-10.500319660031032
5.615234375,O1,1.9554723081129912e-11,-10.708748329810994
5.859375,O1,1.8995465938501444e-11,-10.721350049198584
6.103515625,O1,2.2923747701472057e-11,-10.63971438002852
6.34765625,O1,2.1014594438442773e-11,-10.677478987045456
6.591796875,O1,1.8288484680681164e-11,-10.737822277141486
6.8359375,O1,1.1712016400841138e-11,-10.931368328123984
7.080078125,O1,1.4674761956530982e-11,-10.833428934836977
7.32421875,O1,1.943472637314657e-11,-10.711421569541029
7.568359375,O1,1.828970805418741e-11,-10.7377932268072
7.8125,O1,1.7521706066052864e-11,-10.756423609412264
8.056640625,O1,1.8580258633771357e-11,-10.73094824500126
8.30078125,O1,2.6660774981295727e-11,-10.574127230570753
8.544921875,O1,5.323786492069246e-11,-10.273779370022211
8.7890625,O1,8.852078370794492e-11,-10.052954749754617
9.033203125,O1,7.968812642561718e-11,-10.098606383898568
9.27734375,O1,5.83885277462001e-11,-10.233672475249865
9.521484375,O1,3.5128496183989186e-11,-10.454340441525206
9.765625,O1,2.6158538514273263e-11,-10.582386523838483
10.009765625,O1,1.6965459328826905e-11,-10.770434377617777
10.25390625,O1,1.0348923038227078e-11,-10.985104842756913
10.498046875,O1,7.709091746671245e-12,-11.112996785716117
10.7421875,O1,7.389632479657832e-12,-11.131377160526101
10.986328125,O1,5.432332167500364e-12,-11.265013682375946
11.23046875,O1,4.749859262977369e-12,-11.323319258210464
11.474609375,O1,4.289434124441237e-12,-11.367599997522127
11.71875,O1,4.642940224037444e-12,-11.333206907662234
11.962890625,O1,4.633306506573164e-12,-11.334108969015418
12.20703125,O1,4.2803993456843e-12,-11.368515711001676
12.451171875,O1,3.2356147192055858e-12,-11.490043197592748
12.6953125,O1,2.7593812595616164e-12,-11.559188289559104
12.939453125,O1,3.0195102336456575e-12,-11.520063494153591
13.18359375,O1,3.133691226905272e-12,-11.50394379824955
13.427734375,O1,2.871808730183156e-12,-11.541844488591368
13.671875,O1,2.829023759916985e-12,-11.548363405050077
13.916015625,O1,2.395675164042478e-12,-11.620572069432882
14.16015625,O1,2.293603116820663e-12,-11.639481729890184
14.404296875,O1,2.3414245583926207e-12,-11.63051983079312
14.6484375,O1,2.193687962665669e-12,-11.658825147832463
14.892578125,O1,2.217012694439803e-12,-11.654231820142448
15.13671875,O1,2.3337721368703864e-12,-11.63194154954632
15.380859375,O1,1.8254287618139728e-12,-11.738635110922841
15.625,O1,2.00676214198532e-12,-11.697504100629116
15.869140625,O1,2.2184884668833998e-12,-11.653942824680993
16.11328125,O1,1.8985955724108482e-12,-11.721567536250838
16.357421875,O1,2.083126652331028e-12,-11.681284324513925
16.6015625,O1,2.1630486437084564e-12,-11.664933713821835
16.845703125,O1,2.2670989394530797e-12,-11.644529526225098
17.08984375,O1,2.1583276208696832e-12,-11.665882631415666
17.333984375,O1,2.714946943278881e-12,-11.5662386531714
17.578125,O1,3.0270541851816104e-12,-11.51897980497182
17.822265625,O1,3.489507807716422e-12,-11.45723582561021
18.06640625,O1,3.227263152544348e-12,-11.4911656205774
18.310546875,O1,3.0272699995159045e-12,-11.51894884297782
18.5546875,O1,2.5024649448982507e-12,-11.601631997502544
18.798828125,O1,2.152705584434497e-12,-11.667015362558633
19.04296875,O1,2.2217305379451427e-12,-11.65330861550314
19.287109375,O1,2.1238248353474996e-12,-11.672881305000654
19.53125,O1,1.7781134898937613e-12,-11.750040523196148
19.775390625,O1,1.6008598581562006e-12,-11.795646685253331
20.01953125,O1,1.5784712684574074e-12,-11.801763318785364
20.263671875,O1,1.301759171476978e-12,-11.88546935384216
20.5078125,O1,1.0620276644991509e-12,-11.973864170276356
20.751953125,O1,1.2676846421053117e-12,-11.896988771081576
20.99609375,O1,1.0278172571078368e-12,-11.988084094761579
21.240234375,O1,1.102817463825073e-12,-11.957496365178878
21.484375,O1,1.0339541258607786e-12,-11.985498729450477
21.728515625,O1,1.0414839055138969e-12,-11.98234743699853
21.97265625,O1,8.73069912313408e-13,-12.058950978154412
22.216796875,O1,9.369409828747029e-13,-12.02828776409522
22.4609375,O1,9.689763612833848e-13,-12.013686817675147
22.705078125,O1,7.925072240176349e-13,-12.100996770325736
22.94921875,O1,7.73480103457699e-13,-12.11155085335397
23.193359375,O1,8.158019460687022e-13,-12.08841526302249
23.4375,O1,6.62051944811797e-13,-12.179107934336589
23.681640625,O1,7.927175992471811e-13,-12.100881499859973
23.92578125,O1,7.670656439955002e-13,-12.115167468378116
24.169921875,O1,7.66710436520588e-13,-12.115368625054117
24.4140625,O1,7.328127561141435e-13,-12.135006979485176
24.658203125,O1,6.136838707307831e-13,-12.212055290997753
24.90234375,O1,6.080457676734012e-13,-12.21606373010238
25.146484375,O1,6.904347903186974e-13,-12.160877333076801
25.390625,O1,6.978186514801105e-13,-12.15625742679585
25.634765625,O1,6.23066578941789e-13,-12.205465543514027
25.87890625,O1,7.02683337808247e-13,-12.15324034443308
26.123046875,O1,6.898724580305797e-13,-12.161231193166326
26.3671875,O1,6.480467167828551e-13,-12.188393685318154
26.611328125,O1,6.101148220714693e-13,-12.214588424170607
26.85546875,O1,6.594790334576356e-13,-12.180799007241799
27.099609375,O1,6.366096369354619e-13,-12.196126791357154
27.34375,O1,5.626995381628759e-13,-12.249723441294197
27.587890625,O1,5.713327176038007e-13,-12.243110905174634
27.83203125,O1,5.409916363319399e-13,-12.266809448983938
28.076171875,O1,4.520729247420371e-13,-12.344791502669848
28.3203125,O1,5.097650040363033e-13,-12.292629982667476
28.564453125,O1,5.169161255089242e-13,-12.286579919543843
28.80859375,O1,5.157344997892715e-13,-12.287573815719611
29.052734375,O1,4.649239831261036e-13,-12.332618050137256
29.296875,O1,4.825240224676601e-13,-12.316481060422898
29.541015625,O1,4.536918572555075e-13,-12.343239015269436
29.78515625,O1,4.69707238905936e-13,-12.32817274662391
30.029296875,O1,5.233230830186063e-13,-12.281230108741106
30.2734375,O1,4.526666329316037e-13,-12.344221517141053
30.517578125,O1,4.0961507483480734e-13,-12.38762406864087
30.76171875,O1,4.244685437857014e-13,-12.372154488615502
31.005859375,O1,4.612900862319343e-13,-12.336025878886273
31.25,O1,5.333043118689257e-13,-12.273024904947706
31.494140625,O1,4.591696211592435e-13,-12.338026852751495
31.73828125,O1,4.288379983167472e-13,-12.367706739807494
31.982421875,O1,4.3382608050425996e-13,-12.362684342873658
32.2265625,O1,3.640028900766554e-13,-12.438895168165887
32.470703125,O1,4.350220391622754e-13,-12.361488740185358
32.71484375,O1,4.679967001224029e-13,-12.32975720915597
32.958984375,O1,4.410253916071351e-13,-12.355536405730772
33.203125,O1,3.8161613503288297e-13,-12.418373271264572
33.447265625,O1,3.593061208997931e-13,-12.44453538438076
33.69140625,O1,3.775048345713127e-13,-12.423077482142876
33.935546875,O1,4.2903469786491797e-13,-12.367507583148841
34.1796875,O1,4.165874258930504e-13,-12.380293842760036
34.423828125,O1,3.9567468446529784e-13,-12.40266173530065
34.66796875,O1,3.44942673999107e-13,-12.462253074302104
34.912109375,O1,3.4038137630599085e-13,-12.468034210011673
35.15625,O1,3.3162970035889263e-13,-12.479346581486165
35.400390625,O1,4.1437230772605286e-13,-12.382609275954964
35.64453125,O1,3.3252795845852794e-13,-12.478171833988553
35.888671875,O1,3.448736857287396e-13,-12.462339941552537
36.1328125,O1,3.698015214595862e-13,-12.43203130637278
36.376953125,O1,4.488041972805383e-13,-12.34794309014928
36.62109375,O1,3.685580859197358e-13,-12.433494056227092
36.865234375,O1,3.547327906660065e-13,-12.450098664510604
37.109375,O1,3.861746775970727e-13,-12.413216207357282
37.353515625,O1,3.532083459483436e-13,-12.451969043043254
37.59765625,O1,3.266740259162451e-13,-12.485885395214467
37.841796875,O1,3.303976805651181e-13,-12.480963010144954
38.0859375,O1,3.487085798266106e-13,-12.457537366861157
38.330078125,O1,3.314291639267984e-13,-12.47960927873139
38.57421875,O1,3.586947116644573e-13,-12.445275026200742
38.818359375,O1,3.383977302977017e-13,-12.47057255852453
39.0625,O1,3.141408108096424e-13,-12.50287563966612
39.306640625,O1,2.6825326473237105e-13,-12.57145498382007
39.55078125,O1,2.928431019826012e-13,-12.53336500146759
39.794921875,O1,3.043048534440259e-13,-12.516691120901283
0.0,O2,9.636559151351182e-10,-9.01607800845565
0.244140625,O2,1.3040832811978393e-08,-7.8846946728604275
0.48828125,O2,2.833038149392258e-09,-8.547747577276601
0.732421875,O2,1.0955951314595935e-09,-8.960349906305746
0.9765625,O2,6.73168301620011e-10,-9.17187634242234
1.220703125,O2,5.174617617561081e-10,-9.286121737217684
1.46484375,O2,4.1912660559368154e-10,-9.377654769861028
1.708984375,O2,2.569807942427877e-10,-9.59009933295686
1.953125,O2,1.396748111231829e-10,-9.854881907246945
2.197265625,O2,1.3129432317061328e-10,-9.881754051282766
2.44140625,O2,1.4693328732266506e-10,-9.832879804870824
2.685546875,O2,1.501857938332919e-10,-9.823371145571512
2.9296875,O2,1.2283851969748639e-10,-9.910665425793661
3.173828125,O2,8.440517785407397e-11,-10.073630910667271
3.41796875,O2,6.170223801671354e-11,-10.209699083281478
3.662109375,O2,6.72411897999874e-11,-10.172364610535995
3.90625,O2,5.397115734343834e-11,-10.267838268937199
4.150390625,O2,4.5790219994376175e-11,-10.339227269944368
4.39453125,O2,3.1522908513372376e-11,-10.501373718433973
4.638671875,O2,2.8806525546420228e-11,-10.54050912030385
4.8828125,O2,2.9452080304468185e-11,-10.530884024040105
5.126953125,O2,2.960827285576409e-11,-10.528586925643062
5.37109375,O2,2.5932723797934404e-11,-10.58615186547951
5.615234375,O2,1.842245090945741e-11,-10.734652592073738
5.859375,O2,1.3721752438083798e-11,-10.862590420291928
6.103515625,O2,1.7153338604767544e-11,-10.76565133938122
6.34765625,O2,1.5993565734551578e-11,-10.796054700343788
6.591796875,O2,1.241409118589361e-11,-10.906085068892223
6.8359375,O2,1.0427041119661163e-11,-10.981838913789412
7.080078125,O2,1.232961274214783e-11,-10.90905056384137
7.32421875,O2,1.424062020981264e-11,-10.846471095823201
7.568359375,O2,1.2236452150557211e-11,-10.912344483725283
7.8125,O2,1.3333338592932269e-11,-10.875061092075624
8.056640625,O2,1.825711887706311e-11,-10.738567756621938
8.30078125,O2,2.839023543195619e-11,-10.546831005981522
8.544921875,O2,5.8150933379939885e-11,-10.235443310024026
8.7890625,O2,8.954306639706561e-11,-10.047968037308813
9.033203125,O2,7.200240897149525e-11,-10.142652973214204
9.27734375,O2,5.054196747307926e-11,-10.296347856083093
9.521484375,O2,3.7788498907976e-11,-10.422640359443951
9.765625,O2,2.614649635261203e-11,-10.58258649863882
10.009765625,O2,1.937499206574376e-11,-10.712758466669621
10.25390625,O2,1.088036019093883e-11,-10.96335672721616
10.498046875,O2,6.728359836430631e-12,-11.172090790278322
10.7421875,O2,6.310547921304886e-12,-11.199932930951052
10.986328125,O2,5.738923316448693e-12,-11.241169578261525
11.23046875,O2,4.814070411653637e-12,-11.317487561927834
11.474609375,O2,4.427477513282467e-12,-11.353843635870726
11.71875,O2,3.825805588048782e-12,-11.41727710283534
11.962890625,O2,3.7429259140639854e-12,-11.426788769046846
12.20703125,O2,3.2635437047734216e-12,-11.48631056693772
12.451171875,O2,3.09616678011996e-12,-11.50917565337192
12.6953125,O2,2.7680287325122e-12,-11.557829406156488
12.939453125,O2,2.706345841241344e-12,-11.567616706132497
13.18359375,O2,2.427680836046239e-12,-11.614808409958828
13.427734375,O2,2.408321782989476e-12,-11.618285486168293
13.671875,O2,2.48084079687736e-12,-11.605401104835455
13.916015625,O2,2.296585254520347e-12,-11.638917427937981
14.16015625,O2,2.283841988621091e-12,-11.641333946767608
14.404296875,O2,2.174888778858566e-12,-11.662562947427986
14.6484375,O2,2.0465610161422183e-12,-11.688975302775932
14.892578125,O2,2.020533949584834e-12,-11.694533848020894
15.13671875,O2,2.050254767935845e-12,-11.688192169464246
15.380859375,O2,1.7647601447263049e-12,-11.753314312882631
15.625,O2,1.984527331088052e-12,-11.70234291557315
15.869140625,O2,1.981308127792332e-12,-11.70304797888151
16.11328125,O2,1.8601414834393666e-12,-11.730454021835767
16.357421875,O2,1.834663835514435e-12,-11.736443499671028
16.6015625,O2,2.148881985521977e-12,-11.667787434878006
16.845703125,O2,2.462918054150439e-12,-11.608550037703049
17.08984375,O2,2.460862918611065e-12,-11.608912577824587
17.333984375,O2,2.929113179167144e-12,-11.533263847117267
17.578125,O2,3.110078278130357e-12,-11.507228679998166
17.822265625,O2,3.7048437456517905e-12,-11.43123010396865
18.06640625,O2,3.3083630651959218e-12,-11.480386836314484
18.310546875,O2,2.958703008712076e-12,-11.528898626644308
18.5546875,O2,2.5134010197937466e-12,-11.599738213043349
18.798828125,O2,2.458561118385117e-12,-11.609318990933929
19.04296875,O2,2.41547801809264e-12,-11.616996910429378
19.287109375,O2,2.1024465133470537e-12,-11.67727504392658
19.53125,O2,1.9092202119669014e-12,-11.719143976621304
19.775390625,O2,1.6568762689114296e-12,-11.780709922320177
20.01953125,O2,1.5107515881377626e-12,-11.820806940538645
20.263671875,O2,1.2725702190191128e-12,-11.895318244440203
20.5078125,O2,1.1001679552806029e-12,-11.958541008947682
20.751953125,O2,1.1631967750591736e-12,-11.93434681055652
20.99609375,O2,9.93924368320288e-13,-12.002646661549198
21.240234375,O2,1.057331961050401e-12,-11.975788639732947
21.484375,O2,9.572573829205001e-13,-12.018971275438076
21.728515625,O2,1.0109973696588975e-12,-11.995249974324047
21.97265625,O2,8.665117439189339e-13,-12.062225546874327
22.216796875,O2,9.41914622001774e-13,-12.025988461192197
22.4609375,O2,9.514388206606826e-13,-12.021619132446535
22.705078125,O2,8.163582764730682e-13,-12.088119199890022
22.94921875,O2,7.135312366081894e-13,-12.146587009809846
23.193359375,O2,7.873633510813673e-13,-12.103824803914026
23.4375,O2,7.012776612031196e-13,-12.154109995082019
23.681640625,O2,7.857065641029979e-13,-12.104739618572298
23.92578125,O2,7.96298112919388e-13,-12.098924313470867
24.169921875,O2,6.903046487558446e-13,-12.160959201909082
24.4140625,O2,7.50168343857166e-13,-12.12484126646925
24.658203125,O2,6.02200653772303e-13,-12.220258777336129
24.90234375,O2,6.298963356699449e-13,-12.200730918087581
25.146484375,O2,6.893813500015909e-13,-12.161540469841555
25.390625,O2,6.687936570761762e-13,-12.174707854453429
25.634765625,O2,5.844542673807156e-13,-12.233249466026932
25.87890625,O2,6.189310545802374e-13,-12.208357726235153
26.123046875,O2,6.811434837658761e-13,-12.166761393749452
26.3671875,O2,6.359515482915191e-13,-12.196575971004409
26.611328125,O2,6.067959320602195e-13,-12.216957339371334
26.85546875,O2,6.553746813926417e-13,-12.183510340408414
27.099609375,O2,5.968290000038373e-13,-12.224150082593612
27.34375,O2,5.033068101799236e-13,-12.298167193180147
27.587890625,O2,5.517104006483441e-13,-12.258288828799904
27.83203125,O2,4.913208286022084e-13,-12.308634824395071
28.076171875,O2,4.861643780763841e-13,-12.313216865672889
28.3203125,O2,4.967467126090564e-13,-12.303864998300625
28.564453125,O2,4.832000321367103e-13,-12.315873045502828
28.80859375,O2,4.985156601176726e-13,-12.30232119443183
29.052734375,O2,4.743429747913334e-13,-12.323907527110181
29.296875,O2,4.665684857931024e-13,-12.331084598822098
29.541015625,O2,4.56741768965076e-13,-12.34032927041277
29.78515625,O2,4.476674804934098e-13,-12.34904445253462
30.029296875,O2,4.57940489826719e-13,-12.339190955662284
30.2734375,O2,4.652207674568874e-13,-12.332340906603482
30.517578125,O2,4.142007032325741e-13,-12.382789168094021
30.76171875,O2,4.325703606425113e-13,-12.363943241370324
31.005859375,O2,4.744643929844872e-13,-12.323796374407602
31.25,O2,5.009166290200375e-13,-12.300234550718617
31.494140625,O2,4.558662167695156e-13,-12.341162591202767
31.73828125,O2,3.939764132941786e-13,-12.404529777876993
31.982421875,O2,4.249030415350875e-13,-12.371710160138592
32.2265625,O2,3.7715505824978184e-13,-12.423480063328556
32.470703125,O2,4.2123698012227813e-13,-12.375473509380985
32.71484375,O2,4.335440857614035e-13,-12.362966733875393
32.958984375,O2,4.1176727330222933e-13,-12.385348173475768
33.203125,O2,3.711160420778066e-13,-12.430490272179679
33.447265625,O2,3.6921429392678664e-13,-12.432721493850456
33.69140625,O2,4.081572554312462e-13,-12.389172479047575
33.935546875,O2,4.173847239986072e-13,-12.37946344986691
34.1796875,O2,4.0260622987965494e-13,-12.395119509175572
34.423828125,O2,3.587459959055201e-13,-12.445212937549497
34.66796875,O2,3.5295630001106473e-13,-12.452279061861164
34.912109375,O2,3.4283727471683223e-13,-12.464911965851003
35.15625,O2,3.399525843569582e-13,-12.468581652922875
35.400390625,O2,3.820514055805769e-13,-12.417878198193069
35.64453125,O2,3.5619986933410893e-13,-12.448306244186323
35.888671875,O2,3.416305861216983e-13,-12.466443253939621
36.1328125,O2,4.02599216287116e-13,-12.395127074858472
36.376953125,O2,4.3110774773277446e-13,-12.365414172072219
36.62109375,O2,3.8190338856097723e-13,-12.418046488191738
36.865234375,O2,3.440318971914093e-13,-12.463401289602853
37.109375,O2,3.9099657256463734e-13,-12.40782704956779
37.353515625,O2,3.330942199450304e-13,-12.477432903387353
37.59765625,O2,3.1903563349614905e-13,-12.496160807330027
37.841796875,O2,3.562984895224716e-13,-12.448186018775692
38.0859375,O2,3.5731035622613553e-13,-12.446954396093435
38.330078125,O2,3.483656027012525e-13,-12.457964733384593
38.57421875,O2,3.4764110850407666e-13,-12.458868873935485
38.818359375,O2,3.377719672605225e-13,-12.471376396710694
39.0625,O2,3.409953734040932e-13,-12.467251513437716
39.306640625,O2,2.712896680082561e-13,-12.566566745908311
39.55078125,O2,3.0535390260423405e-13,-12.515196525091227
39.794921875,O2,2.895372958939928e-13,-12.538295485968657
0.0,F7,3.373540254049073e-09,-8.471914103351555
0.244140625,F7,2.88359552443302e-08,-7.540065657207135
0.48828125,F7,5.944435768288027e-09,-8.225889361288871
0.732421875,F7,1.284375213616894e-09,-8.891308084212104
0.9765625,F7,6.257087158921148e-10,-9.203627795418058
1.220703125,F7,4.5352627251470156e-10,-9.343397549446959
1.46484375,F7,3.62931431537408e-10,-9.440175418263657
1.708984375,F7,2.5928185063402223e-10,-9.586227882171482
1.953125,F7,1.5693736137107438e-10,-9.80427365357218
2.197265625,F7,1.3986880873915649e-10,-9.854279123984092
2.44140625,F7,1.3879199749063774e-10,-9.857635573836852
2.685546875,F7,1.3805578986053448e-10,-9.85994537495914
2.9296875,F7,1.2124461981440832e-10,-9.916337523956676
3.173828125,F7,9.269309602481512e-11,-10.032952611810035
3.41796875,F7,6.4912715001827e-11,-10.187670225938156
3.662109375,F7,6.605741834005257e-11,-10.18007840343568
3.90625,F7,5.3293974522875946e-11,-10.273321890023919
4.150390625,F7,4.5848371244238594e-11,-10.338676087959147
4.39453125,F7,3.578882015411053e-11,-10.446252618709893
4.638671875,F7,3.0371316319539914e-11,-10.517536384969318
4.8828125,F7,2.8053382182594078e-11,-10.552014771673809
5.126953125,F7,2.781764426228456e-11,-10.555679651022956
5.37109375,F7,2.550156827164008e-11,-10.593433110908146
5.615234375,F7,1.956852640818048e-11,-10.708441877300174
5.859375,F7,1.3928974465840292e-11,-10.856080857748475
6.103515625,F7,1.559939324872179e-11,-10.806892293559425
6.34765625,F7,1.5670710561095724e-11,-10.804911310757541
6.591796875,F7,1.220511501534484e-11,-10.913458123637678
6.8359375,F7,1.0189912299391252e-11,-10.991829553781045
7.080078125,F7,9.760474964262465e-12,-11.010529048179686
7.32421875,F7,9.880415196448374e-12,-11.00522480503406
7.568359375,F7,9.22680101598198e-12,-11.03494884522741
7.8125,F7,7.844303572027506e-12,-11.10544560762214
8.056640625,F7,7.922112326060115e-12,-11.101159004112711
8.30078125,F7,8.545724294838208e-12,-11.068251122654075
8.544921875,F7,9.05125036409304e-12,-11.04329142204157
8.7890625,F7,1.2333265371101598e-11,-10.90892192381782
9.033203125,F7,1.226018553905828e-11,-10.91150295738861
9.27734375,F7,1.2939705334798552e-11,-10.888075613383553
9.521484375,F7,1.5196210410328668e-11,-10.818264701731424
9.765625,F7,1.1480798152130656e-11,-10.94002791846969
10.009765625,F7,9.44347406344214e-12,-11.024868208135587
10.25390625,F7,6.175334867784861e-12,-11.209339487090494
10.498046875,F7,4.937899310061453e-12,-11.306457770121085
10.7421875,F7,4.331261950570908e-12,-11.363385549761905
10.986328125,F7,3.701685255794885e-12,-11.431600510889053
11.23046875,F7,3.2100080995348305e-12,-11.493493871776174
11.474609375,F7,2.608017010770905e-12,-11.583689580248459
11.71875,F7,2.339265365470095e-12,-11.630920509177454
11.962890625,F7,2.3134468966977737e-12,-11.635740464928215
12.20703125,F7,1.961260584799266e-12,-11.707464699538846
12.451171875,F7,2.2759598128643325e-12,-11.64283541064487
12.6953125,F7,1.760607526737503e-12,-11.754337445832247
12.939453125,F7,1.7861873044347824e-12,-11.74807300176479
13.18359375,F7,1.819302199745312e-12,-11.740095155372504
13.427734375,F7,1.9564430265753746e-12,-11.708532794634857
13.671875,F7,1.8490348777382678e-12,-11.733054896809236
13.916015625,F7,1.656054277924318e-12,-11.780925433120755
14.16015625,F7,1.6664389564052897e-12,-11.77821059042343
14.404296875,F7,1.6417480768599609e-12,-11.784693483771658
14.6484375,F7,1.418015892420364e-12,-11.84831890176805
14.892578125,F7,1.3946962581246002e-12,-11.855520364278306
15.13671875,F7,1.595425754542323e-12,-11.797123401525521
15.380859375,F7,1.3446646357297128e-12,-11.87138601678643
15.625,F7,1.4798377634333384e-12,-11.82978589427244
15.869140625,F7,1.5027610600758634e-12,-11.823110067011157
16.11328125,F7,1.4222821320376996e-12,-11.847014245917348
16.357421875,F7,1.3865423950284961e-12,-11.858066846861128
16.6015625,F7,1.4209188512748173e-12,-11.847430723937336
16.845703125,F7,1.4128804431859198e-12,-11.849894586248682
17.08984375,F7,1.396516059522498e-12,-11.854954065675901
17.333984375,F7,1.303579095164805e-12,-11.884862612710856
17.578125,F7,1.5163584031944856e-12,-11.819198137666126
17.822265625,F7,1.5493724772073516e-12,-11.809844163035061
18.06640625,F7,1.4739237114298922e-12,-11.831524994470485
18.310546875,F7,1.4881915047384502e-12,-11.827341178938193
18.5546875,F7,1.2914466496305873e-12,-11.888923530063343
18.798828125,F7,1.3672641483317865e-12,-11.864147573888133
19.04296875,F7,1.4021651899159804e-12,-11.853200818863739
19.287109375,F7,1.2621102034020237e-12,-11.898902722239425
19.53125,F7,1.1563305631425262e-12,-11.936917995304258
19.775390625,F7,1.224573014302847e-12,-11.912015315264892
20.01953125,F7,1.200804788161785e-12,-11.920527589029197
20.263671875,F7,1.126263901575807e-12,-11.948359835444265
20.5078125,F7,8.97773257589525e-13,-12.046833335283528
20.751953125,F7,1.0459466538997429e-12,-11.98049046509377
20.99609375,F7,9.244818847584643e-13,-12.034101594430732
21.240234375,F7,1.0033109551512629e-12,-11.998564445666721
21.484375,F7,9.257748329383156e-13,-12.033494629628578
21.728515625,F7,9.289329742160358e-13,-12.032015620751515
21.97265625,F7,8.095777527227103e-13,-12.091741434795923
22.216796875,F7,8.638167941570072e-13,-12.063578356738143
22.4609375,F7,9.442730762337025e-13,-12.024902393041605
22.705078125,F7,8.864719832795414e-13,-12.052334985612267
22.94921875,F7,8.029104270481676e-13,-12.095332902054487
23.193359375,F7,7.70796604046252e-13,-12.113060207414641
23.4375,F7,7.265806866083107e-13,-12.138716150391435
23.681640625,F7,7.142625916006761e-13,-12.146142094782125
23.92578125,F7,6.83522454720292e-13,-12.165247213647833
24.169921875,F7,7.308345929936798e-13,-12.13618090413463
24.4140625,F7,7.828665243412505e-13,-12.106312277129053
24.658203125,F7,7.235785883370658e-13,-12.140514292979503
24.90234375,F7,6.840162023248356e-13,-12.164933611003669
25.146484375,F7,7.509481732284618e-13,-12.124390034843469
25.390625,F7,6.50603820797843e-13,-12.186683390567618
25.634765625,F7,6.113434869631237e-13,-12.213714710252448
25.87890625,F7,6.532049732870709e-13,-12.18495051734794
26.123046875,F7,7.551598628787219e-13,-12.1219611010637
26.3671875,F7,7.407686533942007e-13,-12.13031740368298
26.611328125,F7,6.904679883908384e-13,-12.16085645146259
26.85546875,F7,6.637213888433622e-13,-12.178014186716897
27.099609375,F7,6.368606828586243e-13,-12.195955561829694
27.34375,F7,5.346781654420379e-13,-12.271907550744723
27.587890625,F7,5.962729363025225e-13,-12.224554902009631
27.83203125,F7,5.748200848902413e-13,-12.240468065512397
28.076171875,F7,5.543831501881982e-13,-12.25618997805623
28.3203125,F7,5.831397486842168e-13,-12.23422735465876
28.564453125,F7,4.948289260191754e-13,-12.305544920919784
28.80859375,F7,5.360304363253957e-13,-12.270810549947367
29.052734375,F7,5.912149737094301e-13,-12.22825457509187
29.296875,F7,5.515148649701754e-13,-12.258442777534727
29.541015625,F7,5.577850392504337e-13,-12.253533138435182
29.78515625,F7,5.084770214413098e-13,-12.293728668477183
30.029296875,F7,4.942251528313028e-13,-12.306075155619773
30.2734375,F7,5.001039256825359e-13,-12.300939736343011
30.517578125,F7,4.3651787230472444e-13,-12.359997970321706
30.76171875,F7,5.444138280594944e-13,-12.26407085229004
31.005859375,F7,5.519608051367265e-13,-12.258091760526591
31.25,F7,5.835725776902391e-13,-12.233905123971216
31.494140625,F7,5.313657863200971e-13,-12.274606412460072
31.73828125,F7,5.074409124810129e-13,-12.294614520660899
31.982421875,F7,5.01380372395038e-13,-12.299832671429606
32.2265625,F7,5.09695171423878e-13,-12.292689480662613
32.470703125,F7,5.518194453063795e-13,-12.258202999687818
32.71484375,F7,6.001890148497164e-13,-12.22171195765127
32.958984375,F7,4.806974756556878e-13,-12.31812815852807
33.203125,F7,4.154627732496349e-13,-12.381467884266307
33.447265625,F7,4.672124142105182e-13,-12.330485626187828
33.69140625,F7,5.128915967657976e-13,-12.289974416372228
33.935546875,F7,4.678381705305279e-13,-12.329904347352649
34.1796875,F7,5.323867418917707e-13,-12.273772768364415
34.423828125,F7,4.6318412612187e-13,-12.334246332820795
34.66796875,F7,4.518243743343646e-13,-12.345030344125306
34.912109375,F7,4.664132829109188e-13,-12.331229089868314
35.15625,F7,4.2296665234443963e-13,-12.373693872042697
35.400390625,F7,4.757661914342834e-13,-12.322606422734253
35.64453125,F7,4.3178416139986724e-13,-12.364733292392703
35.888671875,F7,4.4608529429401113e-13,-12.35058209353093
36.1328125,F7,5.318679830287862e-13,-12.274196152210783
36.376953125,F7,6.0531322110053e-13,-12.218019840232007
36.62109375,F7,5.001865608819298e-13,-12.300867981164547
36.865234375,F7,4.888030536829642e-13,-12.31086608960364
37.109375,F7,4.767217157512419e-13,-12.32173506452748
37.353515625,F7,4.117022686055708e-13,-12.385416739900336
37.59765625,F7,3.952096902557057e-13,-12.403172415367337
37.841796875,F7,4.2737851345994173e-13,-12.36918731586486
38.0859375,F7,4.131804965690178e-13,-12.383860186746709
38.330078125,F7,4.944896891717878e-13,-12.305842759643104
38.57421875,F7,5.102732782522954e-13,-12.292197173998623
38.818359375,F7,4.5130652370461525e-13,-12.345528388641524
39.0625,F7,4.389148472347436e-13,-12.357619727965554
39.306640625,F7,4.195325886769147e-13,-12.377234298165801
39.55078125,F7,4.1545927205372994e-13,-12.381471544176572
39.794921875,F7,4.1142781784997165e-13,-12.38570634771589
0.0,F8,6.3298566191118534e-09,-8.198606127302357
0.244140625,F8,5.620391364859511e-08,-7.250233442138931
0.48828125,F8,9.979968234452065e-09,-8.000870841039697
0.732421875,F8,1.611885176244212e-09,-8.792665898696967
0.9765625,F8,6.784264593170296e-10,-9.168497222497665
1.220703125,F8,4.744863538490709e-10,-9.323776273296264
1.46484375,F8,3.8157536180803215e-10,-9.418419675310352
1.708984375,F8,2.7133581279116367e-10,-9.566492881243482
1.953125,F8,1.716895969018139e-10,-9.765256019020871
2.197265625,F8,1.5280428769375163e-10,-9.815864459270731
2.44140625,F8,1.4469055340460368e-10,-9.839559822289232
2.685546875,F8,1.4365492929651795e-10,-9.842679467273506
2.9296875,F8,1.3079680369301295e-10,-9.883402868820987
3.173828125,F8,9.883768785358527e-11,-10.005077422761808
3.41796875,F8,6.956343237356706e-11,-10.157618997340348
3.662109375,F8,7.058165173574e-11,-10.151308182596567
3.90625,F8,5.400128350656153e-11,-10.2675959177105
4.150390625,F8,4.9154919005692136e-11,-10.308433015163814
4.39453125,F8,3.921053795033538e-11,-10.406597199340712
4.638671875,F8,3.1851854023306844e-11,-10.496865283308008
4.8828125,F8,3.0067013569084617e-11,-10.521909706414858
5.126953125,F8,2.9633735028670044e-11,-10.528213606700437
5.37109375,F8,2.790619844100904e-11,-10.554299321825303
5.615234375,F8,2.103651007708205e-11,-10.677026307293055
5.859375,F8,1.558313122215805e-11,-10.807345272217267
6.103515625,F8,1.6557303885788562e-11,-10.781010380283748
6.34765625,F8,1.6765796031763655e-11,-10.775575821656865
6.591796875,F8,1.3210913780188168e-11,-10.87906714181255
6.8359375,F8,1.1143955631789348e-11,-10.952960625667673
7.080078125,F8,1.0701668431796548e-11,-10.970548508834746
7.32421875,F8,1.0948211974791695e-11,-10.960656802548804
7.568359375,F8,1.0141541321833947e-11,-10.993896035466426
7.8125,F8,8.537128604024772e-12,-11.068688176280373
8.056640625,F8,7.736931223668023e-12,-11.111431263723274
8.30078125,F8,8.662145548198284e-12,-11.062374523186607
8.544921875,F8,8.181044932692062e-12,-11.087191222059813
8.7890625,F8,1.1591514437414604e-11,-10.935859819528615
9.033203125,F8,1.2235304051222456e-11,-10.91238523382119
9.27734375,F8,1.2218368961400369e-11,-10.912986764497772
9.521484375,F8,1.3280982694089326e-11,-10.876769789212672
9.765625,F8,1.0905310920120676e-11,-10.962361947786539
10.009765625,F8,8.521864753691753e-12,-11.069465362554183
10.25390625,F8,5.325547202942357e-12,-11.273635761596504
10.498046875,F8,4.498367597816959e-12,-11.346945057753139
10.7421875,F8,4.1559123318701526e-12,-11.381333622372466
10.986328125,F8,3.7063054226144846e-12,-11.43105879497647
11.23046875,F8,3.289434757951212e-12,-11.482878722898887
11.474609375,F8,2.775285325937128e-12,-11.556692360609784
11.71875,F8,2.6141806485680038e-12,-11.582664404526918
11.962890625,F8,2.442258187785905e-12,-11.612208425729582
12.20703125,F8,2.3139220465596168e-12,-11.635651276032178
12.451171875,F8,2.3579206228844146e-12,-11.627470819098237
12.6953125,F8,2.0885956526884405e-12,-11.680145630294238
12.939453125,F8,1.871254732957561e-12,-11.727867088188102
13.18359375,F8,2.149618004253792e-12,-11.667638709100322
13.427734375,F8,2.0191033816019026e-12,-11.69484144385488
13.671875,F8,1.965286648951232e-12,-11.706574096190078
13.916015625,F8,1.7197562095547561e-12,-11.764533113760614
14.16015625,F8,1.8084784612042237e-12,-11.742686659274966
14.404296875,F8,1.7811576980918756e-12,-11.749297627769105
14.6484375,F8,1.5652830904934842e-12,-11.805407106346987
14.892578125,F8,1.5634991733525558e-12,-11.805902344039543
15.13671875,F8,1.779175426203095e-12,-11.749781228489503
15.380859375,F8,1.4134110671471913e-12,-11.849731512439622
15.625,F8,1.6307724537075452e-12,-11.787606633069677
15.869140625,F8,1.5785625191826653e-12,-11.801738213139288
16.11328125,F8,1.5122644032032525e-12,-11.820372270466235
16.357421875,F8,1.509036871220731e-12,-11.8213001487121
16.6015625,F8,1.5402097924152133e-12,-11.81242011975911
16.845703125,F8,1.541706050305732e-12,-11.811998423236835
17.08984375,F8,1.5884499212942005e-12,-11.799026472526114
17.333984375,F8,1.6540400132396545e-12,-11.781453988544662
17.578125,F8,1.6294930636810888e-12,-11.787947483871092
17.822265625,F8,1.5773632598535032e-12,-11.802068279034724
18.06640625,F8,1.6047295777272942e-12,-11.794598142571106
18.310546875,F8,1.6677106620618032e-12,-11.777879294687358
18.5546875,F8,1.4421209422004212e-12,-11.840998316365724
18.798828125,F8,1.4366451056499248e-12,-11.842650502355353
19.04296875,F8,1.5449869301287853e-12,-11.811075190153034
19.287109375,F8,1.394411349378737e-12,-11.855609091078428
19.53125,F8,1.261159354437142e-12,-11.899230034457682
19.775390625,F8,1.2872943700581604e-12,-11.890322130116905
20.01953125,F8,1.348218395192796e-12,-11.870239751610352
20.263671875,F8,1.1641692344797326e-12,-11.933983882007189
20.5078125,F8,9.760955870355566e-13,-12.010507650684353
20.751953125,F8,1.0905089147066622e-12,-11.96237077979451
20.99609375,F8,1.0087027821464757e-12,-11.996236781323836
21.240234375,F8,1.0976092008972552e-12,-11.959552261074133
21.484375,F8,9.8842293667477e-13,-12.00505718520874
21.728515625,F8,1.0195749187112193e-12,-11.991580856607335
21.97265625,F8,8.843401263638705e-13,-12.053380668705278
22.216796875,F8,8.958204253098536e-13,-12.047779039571358
22.4609375,F8,9.90165347463671e-13,-12.00429227661961
22.705078125,F8,8.53854829459662e-13,-12.068615960837736
22.94921875,F8,8.198552058630712e-13,-12.086262841332434
23.193359375,F8,8.399706375635507e-13,-12.075735895089315
23.4375,F8,7.672629500557724e-13,-12.115055772703505
23.681640625,F8,7.597009827817156e-13,-12.119357311773417
23.92578125,F8,7.858554334770229e-13,-12.104657339733846
24.169921875,F8,7.635172460215927e-13,-12.117181148827045
24.4140625,F8,7.360792792064431e-13,-12.133075407581446
24.658203125,F8,7.146092974436516e-13,-12.145931337696682
24.90234375,F8,9.016800045023672e-13,-12.044947561056443
25.146484375,F8,1.0386873453269681e-12,-11.983515159500907
25.390625,F8,8.266582470448373e-13,-12.08267399721674
25.634765625,F8,7.502446628668482e-13,-12.124797085400905
25.87890625,F8,6.86875494979605e-13,-12.163121977268892
26.123046875,F8,7.484557542291662e-13,-12.12583386834977
26.3671875,F8,8.662491786672865e-13,-12.06235716415553
26.611328125,F8,6.802843513921433e-13,-12.167309519017687
26.85546875,F8,6.50689400234292e-13,-12.186626267889244
27.099609375,F8,6.658615562452266e-13,-12.17661605853068
27.34375,F8,6.248968492238934e-13,-12.204191665071953
27.587890625,F8,7.359520850461661e-13,-12.1331504599525
27.83203125,F8,7.209521222731731e-13,-12.142093575395654
28.076171875,F8,6.066331761384416e-13,-12.21707384226165
28.3203125,F8,5.73476093984528e-13,-12.24148468145408
28.564453125,F8,5.544150843596783e-13,-12.256164962081222
28.80859375,F8,6.179007344073834e-13,-12.209081288603379
29.052734375,F8,6.606657567100724e-13,-12.180018202738013
29.296875,F8,6.634086587974911e-13,-12.178218864376033
29.541015625,F8,6.734191700638605e-13,-12.171714524813906
29.78515625,F8,5.565075593567675e-13,-12.254528932021756
30.029296875,F8,6.37329055907624e-13,-12.195636281531593
30.2734375,F8,5.019461647645149e-13,-12.299342859746345
30.517578125,F8,5.016274633284655e-13,-12.29961869457466
30.76171875,F8,5.715751792564701e-13,-12.242926638778897
31.005859375,F8,6.182225487550052e-13,-12.208855158733599
31.25,F8,6.210399620901167e-13,-12.206880453355096
31.494140625,F8,6.327727330380084e-13,-12.198752243395127
31.73828125,F8,4.762297649687538e-13,-12.322183464122853
31.982421875,F8,5.194428700611699e-13,-12.284462210535182
32.2265625,F8,5.71657646690085e-13,-12.242863982860339
32.470703125,F8,5.244484161193777e-13,-12.280297221858248
32.71484375,F8,6.538238830660194e-13,-12.184539219432708
32.958984375,F8,6.275461857525221e-13,-12.20235430573644
33.203125,F8,5.330323880891939e-13,-12.273246401590558
33.447265625,F8,5.94256647039323e-13,-12.226025951785136
33.69140625,F8,6.070955414409917e-13,-12.21674295660932
33.935546875,F8,6.664021708940782e-13,-12.176263596826685
34.1796875,F8,6.21063698114142e-13,-12.20686385502343
34.423828125,F8,5.34795727726708e-13,-12.271812070804456
34.66796875,F8,4.967733631211961e-13,-12.303841698982076
34.912109375,F8,5.162949526212389e-13,-12.287102120661588
35.15625,F8,4.727951274775726e-13,-12.325327007846994
35.400390625,F8,5.740971406663195e-13,-12.241014616163092
35.64453125,F8,5.08491634585421e-13,-12.293716187447775
35.888671875,F8,4.720957177738237e-13,-12.325969938894382
36.1328125,F8,5.017128992243017e-13,-12.299544732956862
36.376953125,F8,6.697810448092679e-13,-12.174067147407117
36.62109375,F8,5.763486937865036e-13,-12.239314686770513
36.865234375,F8,5.124694951296522e-13,-12.290331980986654
37.109375,F8,5.549936278171935e-13,-12.255712003219157
37.353515625,F8,5.075595027991353e-13,-12.29451303672015
37.59765625,F8,4.61139560818291e-13,-12.336167618383309
37.841796875,F8,5.177776593483403e-13,-12.285856692083941
38.0859375,F8,5.697645171536746e-13,-12.244304600523343
38.330078125,F8,6.43640087455891e-13,-12.191356914823606
38.57421875,F8,5.146607993884539e-13,-12.288478909771259
38.818359375,F8,4.260712485199033e-13,-12.370517771198383
39.0625,F8,5.427111902883348e-13,-12.265431223509209
39.306640625,F8,5.028540594260316e-13,-12.298558039561284
39.55078125,F8,4.972773086740723e-13,-12.303401357663965
39.794921875,F8,4.767136048319872e-13,-12.321742453654775
0.0,T3,1.726623518468151e-09,-8.762802347826936
0.244140625,T3,1.3878324829831612e-08,-7.857662951825382
0.48828125,T3,3.842670816147504e-09,-8.415366817943658
0.732421875,T3,1.128912829206302e-09,-8.947339591517258
0.9765625,T3,6.09628434384698e-10,-9.214934784764951
1.220703125,T3,4.3661203090986776e-10,-9.359904301412541
1.46484375,T3,3.5789964550306514e-10,-9.446238731775235
1.708984375,T3,2.5207061939989035e-10,-9.598477771444133
1.953125,T3,1.5650037780779768e-10,-9.805484609685305
2.197265625,T3,1.4383928445910656e-10,-9.842122486040731
2.44140625,T3,1.3338906350389426e-10,-9.874879776526035
2.685546875,T3,1.3432634716978563e-10,-9.871838795162988
2.9296875,T3,1.2093558314118075e-10,-9.91744589692109
3.173828125,T3,9.140251582440003e-11,-10.03904185028786
3.41796875,T3,6.401294712908639e-11,-10.193732177609151
3.662109375,T3,6.437868437294856e-11,-10.191257902695556
3.90625,T3,5.2696772967946093e-11,-10.2782159791921
4.150390625,T3,4.515045859266719e-11,-10.345337834204221
4.39453125,T3,3.427573304917907e-11,-10.465013248258098
4.638671875,T3,3.0408382407267795e-11,-10.51700668180531
4.8828125,T3,2.8050614881889406e-11,-10.552057614376277
5.126953125,T3,2.7393095688123782e-11,-10.562358885442295
5.37109375,T3,2.568991323205043e-11,-10.590237362565313
5.615234375,T3,2.0449664797538784e-11,-10.689313806374113
5.859375,T3,1.3774579910717132e-11,-10.860921637139658
6.103515625,T3,1.5547595864487365e-11,-10.80833675670196
6.34765625,T3,1.5786495857773914e-11,-10.80171426001837
6.591796875,T3,1.2189521970963775e-11,-10.914013325509044
6.8359375,T3,1.0990785892847024e-11,-10.958971252369599
7.080078125,T3,1.0655504190146164e-11,-10.972425995802642
7.32421875,T3,1.0780189551714826e-11,-10.967373602735547
7.568359375,T3,1.0307993158849606e-11,-10.986825878351134
7.8125,T3,9.223551348032804e-12,-11.03510183015096
8.056640625,T3,9.61126675920108e-12,-11.017219368806497
8.30078125,T3,1.105267298074506e-11,-10.956532679408275
8.544921875,T3,1.407858642218668e-11,-10.851440948877372
8.7890625,T3,1.86661754757372e-11,-10.728944655801868
9.033203125,T3,1.5361015697597577e-11,-10.8135800670338
9.27734375,T3,1.349232123915814e-11,-10.869913327226913
9.521484375,T3,1.1227548028196531e-11,-10.949715078475347
9.765625,T3,9.548125554493789e-12,-11.020081878808002
10.009765625,T3,7.865802932182885e-12,-11.10425693849297
10.25390625,T3,6.366062973515163e-12,-11.196129069624083
10.498046875,T3,6.0689980637145776e-12,-11.216883001069132
10.7421875,T3,5.47230951137104e-12,-11.261829347092196
10.986328125,T3,4.922098085491499e-12,-11.307849736109999
11.23046875,T3,4.226981131032028e-12,-11.373969690828885
11.474609375,T3,3.8135523174419e-12,-11.418670291226107
11.71875,T3,3.3376069616098198e-12,-11.476564807397386
11.962890625,T3,3.5326490369299685e-12,-11.451899506888909
12.20703125,T3,2.944275813890905e-12,-11.531021508587225
12.451171875,T3,3.091269461255842e-12,-11.509863136497394
12.6953125,T3,2.344593762925022e-12,-11.62993239465612
12.939453125,T3,2.6936331971538524e-12,-11.56966154420985
13.18359375,T3,2.774542595056259e-12,-11.556808603466182
13.427734375,T3,2.36878749289929e-12,-11.625473898669737
13.671875,T3,2.5496463611248725e-12,-11.593520052531794
13.916015625,T3,2.146206808337332e-12,-11.668328431767897
14.16015625,T3,2.2552529185548225e-12,-11.646804746480763
14.404296875,T3,2.1213778334783625e-12,-11.673381973453765
14.6484375,T3,1.830190158462613e-12,-11.737503784323923
14.892578125,T3,1.763239824787697e-12,-11.753688613680046
15.13671875,T3,1.836200208361785e-12,-11.736079967662903
15.380859375,T3,1.5734434841980416e-12,-11.803148851696886
15.625,T3,1.6513826504206424e-12,-11.782152282454264
15.869140625,T3,1.893956123818251e-12,-11.722630086264287
16.11328125,T3,1.5564151603528398e-12,-11.807874547576908
16.357421875,T3,1.6580048538221936e-12,-11.780414202383387
16.6015625,T3,1.7017666087220157e-12,-11.769100002121263
16.845703125,T3,1.7487195242766382e-12,-11.757279841079855
17.08984375,T3,1.7962592490546768e-12,-11.745630982641675
17.333984375,T3,1.7099703152089434e-12,-11.767011428820041
17.578125,T3,1.7916611132364505e-12,-11.746744132268486
17.822265625,T3,1.802976415830444e-12,-11.744009954110481
18.06640625,T3,1.8761316065576614e-12,-11.726736700073669
18.310546875,T3,1.8174207677722184e-12,-11.740544513546984
18.5546875,T3,1.6952867070709084e-12,-11.770756843319775
18.798828125,T3,1.6467331715324498e-12,-11.783376766051282
19.04296875,T3,1.7200316319327653e-12,-11.764463566204352
19.287109375,T3,1.447244281267633e-12,-11.839458157856386
19.53125,T3,1.404248223776679e-12,-11.85255611678739
19.775390625,T3,1.4992439619996133e-12,-11.8241276915484
20.01953125,T3,1.3774584195602365e-12,-11.860921502042853
20.263671875,T3,1.3404186170337962e-12,-11.8727595488919
20.5078125,T3,1.1652729689537708e-12,-11.933572327836213
20.751953125,T3,1.1608476256516197e-12,-11.935224782571181
20.99609375,T3,1.0045678796672113e-12,-11.99802071220703
21.240234375,T3,1.1875077171149929e-12,-11.925363559396091
21.484375,T3,1.1256518915667404e-12,-11.948595894516421
21.728515625,T3,1.039221295419315e-12,-11.983291962408144
21.97265625,T3,9.734685220714778e-13,-12.011678087196525
22.216796875,T3,9.845019033761736e-13,-12.006783439886483
22.4609375,T3,1.0261326981658608e-12,-11.988796473186476
22.705078125,T3,9.96376833038503e-13,-12.001576378887949
22.94921875,T3,8.170869943484577e-13,-12.087731702152821
23.193359375,T3,8.485636436943309e-13,-12.0713155793113
23.4375,T3,7.945905922512272e-13,-12.09985658118547
23.681640625,T3,7.944364941708994e-13,-12.099940813791372
23.92578125,T3,7.726994738015152e-13,-12.111989383503873
24.169921875,T3,7.417513995424025e-13,-12.129741625580087
24.4140625,T3,8.826459805517389e-13,-12.054213452166698
24.658203125,T3,6.992535370218838e-13,-12.155365328166729
24.90234375,T3,7.438223386295586e-13,-12.128530782957592
25.146484375,T3,7.671787669514727e-13,-12.115103425549876
25.390625,T3,6.877418309331926e-13,-12.162574559501284
25.634765625,T3,6.268495986075922e-13,-12.202836647893639
25.87890625,T3,6.574474526724071e-13,-12.182138952992405
26.123046875,T3,7.139922595373108e-13,-12.146306496428945
26.3671875,T3,6.850015973941215e-13,-12.16430841575043
26.611328125,T3,6.511611420768936e-13,-12.186311523790081
26.85546875,T3,6.863962186801097e-13,-12.163425117657727
27.099609375,T3,6.767781520932838e-13,-12.16955366973629
27.34375,T3,6.037504527974111e-13,-12.219142530530545
27.587890625,T3,5.937160505016806e-13,-12.226421210211404
27.83203125,T3,6.453180211926606e-13,-12.190226206587827
28.076171875,T3,6.108160406387011e-13,-12.214089566459425
28.3203125,T3,5.834679619476657e-13,-12.233982985944811
28.564453125,T3,5.571845870874533e-13,-12.254000905592385
28.80859375,T3,5.693480621571593e-13,-12.244622153183704
29.052734375,T3,5.864052394142509e-13,-12.231802158014725
29.296875,T3,6.559525867985678e-13,-12.183127550922995
29.541015625,T3,6.398400911908604e-13,-12.193928551314322
29.78515625,T3,6.460591350863374e-13,-12.18972772834194
30.029296875,T3,5.722055149651033e-13,-12.242447960743672
30.2734375,T3,5.893357114793688e-13,-12.229637241530815
30.517578125,T3,5.634583889521653e-13,-12.249138150808163
30.76171875,T3,6.324770370972891e-13,-12.198955237492807
31.005859375,T3,6.648882172683368e-13,-12.177251363274635
31.25,T3,7.540623571891236e-13,-12.122592738661572
31.494140625,T3,5.883572467374789e-13,-12.230358893015527
31.73828125,T3,5.933217776112843e-13,-12.226709710784688
31.982421875,T3,6.238329452883525e-13,-12.204931693414848
32.2265625,T3,5.945539115567317e-13,-12.225808759329476
32.470703125,T3,7.046400541594795e-13,-12.152032673663966
32.71484375,T3,7.04519577580739e-13,-12.152106933971023
32.958984375,T3,6.08858613482959e-13,-12.21548354564796
33.203125,T3,5.427474648629173e-13,-12.265402196429262
33.447265625,T3,5.585546570810486e-13,-12.25293432280395
33.69140625,T3,6.924770996690984e-13,-12.15959458421556
33.935546875,T3,6.17091696464735e-13,-12.209650297377232
34.1796875,T3,7.222333035991688e-13,-12.141322489274092
34.423828125,T3,6.625567078827882e-13,-12.178776944762324
34.66796875,T3,5.650776737628455e-13,-12.247891851352152
34.912109375,T3,5.538994767505075e-13,-12.256569045115953
35.15625,T3,5.281346411936395e-13,-12.277255345509351
35.400390625,T3,5.832618252301473e-13,-12.23413644742467
35.64453125,T3,5.147886763527751e-13,-12.288371014703921
35.888671875,T3,5.581077252756999e-13,-12.25328196597754
36.1328125,T3,7.075546652726712e-13,-12.150240001161768
36.376953125,T3,8.082902471437056e-13,-12.092432661381116
36.62109375,T3,6.7910960452123e-13,-12.16806012734348
36.865234375,T3,5.49580456763552e-13,-12.259968719308505
37.109375,T3,5.070329221662745e-13,-12.29496384056618
37.353515625,T3,5.250098455761804e-13,-12.27983255213821
37.59765625,T3,5.45582366432302e-13,-12.263139674797516
37.841796875,T3,4.61728123459031e-13,-12.335613672143479
38.0859375,T3,4.579449604394392e-13,-12.339186715912794
38.330078125,T3,6.040892124146055e-13,-12.218898919659775
38.57421875,T3,6.716292324315421e-13,-12.172870409604531
38.818359375,T3,5.568620210912329e-13,-12.254252400700569
39.0625,T3,6.335056682049772e-13,-12.198249494972913
39.306640625,T3,5.883687786662068e-13,-12.230350380833585
39.55078125,T3,5.085915199132947e-13,-12.29363088538242
39.794921875,T3,7.045029375365689e-13,-12.152117191691229
0.0,T4,2.4183112251964373e-09,-8.61648780823636
0.244140625,T4,2.1703173109669377e-08,-7.663476765539713
0.48828125,T4,5.278630680867982e-09,-8.277478722327876
0.732421875,T4,1.7598204482796423e-09,-8.754531640310416
0.9765625,T4,1.0720179076040203e-09,-8.969797959877715
1.220703125,T4,9.200518299249523e-10,-9.036187706549693
1.46484375,T4,8.277260098107175e-10,-9.08211339765872
1.708984375,T4,6.151715500659765e-10,-9.211003757626422
1.953125,T4,4.5595442187515455e-10,-9.341078568119388
2.197265625,T4,4.3578811442531325e-10,-9.360724618765971
2.44140625,T4,4.2885139326972777e-10,-9.367693174630585
2.685546875,T4,4.3516944971790757e-10,-9.361341601096283
2.9296875,T4,4.0617975373235836e-10,-9.391281728054437
3.173828125,T4,3.369530670215533e-10,-9.472430586229585
3.41796875,T4,2.77885788245415e-10,-9.556133663530003
3.662109375,T4,2.807104195105115e-10,-9.551741466767288
3.90625,T4,2.45636654627588e-10,-9.609706825988908
4.150390625,T4,2.2839410800184228e-10,-9.641315103995774
4.39453125,T4,1.924996512323972e-10,-9.715570053002143
4.638671875,T4,1.7433182026452463e-10,-9.758623335184813
4.8828125,T4,1.6949932092581172e-10,-9.770832037394607
5.126953125,T4,1.6296439636557594e-10,-9.787907267687595
5.37109375,T4,1.5307512854990989e-10,-9.815095367178898
5.615234375,T4,1.2557304828429667e-10,-9.901103563126185
5.859375,T4,1.0425509609653796e-10,-9.981902707073505
6.103515625,T4,1.0689751403982742e-10,-9.971032394429566
6.34765625,T4,1.037138807975713e-10,-9.984163114870727
6.591796875,T4,8.53636967468722e-11,-10.068726785687572
6.8359375,T4,7.491989270768831e-11,-10.125402853246777
7.080078125,T4,7.332288048252134e-11,-10.134760482156471
7.32421875,T4,7.301817452744477e-11,-10.136569028720823
7.568359375,T4,6.69118150154435e-11,-10.174497189512278
7.8125,T4,5.7909573643812535e-11,-10.237249632525117
8.056640625,T4,5.154657400716508e-11,-10.287800194381003
8.30078125,T4,4.9514872773516165e-11,-10.305264332514863
8.544921875,T4,4.7224212610617666e-11,-10.325835274522374
8.7890625,T4,5.051731714196691e-11,-10.29655972188112
9.033203125,T4,4.197792498447541e-11,-10.376979032882362
9.27734375,T4,3.8146644425271467e-11,-10.418543658801696
9.521484375,T4,3.5385561055690235e-11,-10.451173914048871
9.765625,T4,3.317358078615447e-11,-10.479207647813215
10.009765625,T4,2.917669083895043e-11,-10.534963966448045
10.25390625,T4,2.6640176393801644e-11,-10.574462903878572
10.498046875,T4,2.3648007045839674e-11,-10.626205453888751
10.7421875,T4,2.0856987386079357e-11,-10.680748421512945
10.986328125,T4,2.008661627226892e-11,-10.697093216962624
11.23046875,T4,1.9586903702091316e-11,-10.708034211854981
11.474609375,T4,1.7020696643978936e-11,-10.769022668549653
11.71875,T4,1.5881650657253598e-11,-10.799104361223689
11.962890625,T4,1.4863602723237342e-11,-10.827875911088025
12.20703125,T4,1.4232534018719363e-11,-10.846717769460946
12.451171875,T4,1.287301129985471e-11,-10.89031984952632
12.6953125,T4,1.159884576748338e-11,-10.935585226441502
12.939453125,T4,1.0379421331351576e-11,-10.983826858395679
13.18359375,T4,9.986259923618748e-12,-11.000597134262858
13.427734375,T4,1.0019050109457444e-11,-10.999173451300729
13.671875,T4,9.24948509726768e-12,-11.033882443005778
13.916015625,T4,8.646759759662325e-12,-11.063146607232586
14.16015625,T4,8.539969747053451e-12,-11.068543667801746
14.404296875,T4,7.974396230908121e-12,-11.098302188961846
14.6484375,T4,7.233726760757843e-12,-11.140637899850908
14.892578125,T4,7.339686993828187e-12,-11.134322460486073
15.13671875,T4,6.8248495601458194e-12,-11.165906917315574
15.380859375,T4,6.084601517711475e-12,-11.215767858572084
15.625,T4,6.487522496897212e-12,-11.18792112313017
15.869140625,T4,6.638227576715152e-12,-11.177947862861823
16.11328125,T4,5.580685464877258e-12,-11.253312454229013
16.357421875,T4,5.371077536844632e-12,-11.269938578106588
16.6015625,T4,5.127009704233531e-12,-11.290135860540664
16.845703125,T4,4.5905479143807555e-12,-11.338135475249084
17.08984375,T4,5.047610199384582e-12,-11.296914190767245
17.333984375,T4,4.663276802020087e-12,-11.331308804999717
17.578125,T4,4.713341182588356e-12,-11.326671122015789
17.822265625,T4,5.004308448984185e-12,-11.300655929681387
18.06640625,T4,4.710044984992382e-12,-11.32697494496438
18.310546875,T4,4.300554215697135e-12,-11.366475572953146
18.5546875,T4,4.2036099909295975e-12,-11.376377584424093
18.798828125,T4,4.034979886076828e-12,-11.394158625845904
19.04296875,T4,3.927732457293231e-12,-11.405858102422366
19.287109375,T4,3.729736895377669e-12,-11.428321803289384
19.53125,T4,3.343715412323181e-12,-11.475770692990547
19.775390625,T4,3.4931828889625885e-12,-11.456778675860217
20.01953125,T4,3.615893061696941e-12,-11.441784422057758
20.263671875,T4,3.4213417512599664e-12,-11.465803542806048
20.5078125,T4,2.9822098934093924e-12,-11.525461793364055
20.751953125,T4,3.0483824764426577e-12,-11.515930543570157
20.99609375,T4,2.986133405830029e-12,-11.524890794025048
21.240234375,T4,2.8948993708562187e-12,-11.538366528116658
21.484375,T4,2.681674597249574e-12,-11.571593921932854
21.728515625,T4,2.722945990977072e-12,-11.564960972708235
21.97265625,T4,2.718127477552414e-12,-11.56573017913431
22.216796875,T4,2.79689887735653e-12,-11.553323235380336
22.4609375,T4,2.8857714090531494e-12,-11.539738073699453
22.705078125,T4,2.446279068995095e-12,-11.611494000606642
22.94921875,T4,2.1640133876677376e-12,-11.664740056794562
23.193359375,T4,2.363925148458484e-12,-11.626366279113158
23.4375,T4,2.309332556639944e-12,-11.636513521775777
23.681640625,T4,2.359112179375393e-12,-11.62725140725965
23.92578125,T4,2.557253335958652e-12,-11.592226246178198
24.169921875,T4,2.3413612048810413e-12,-11.630531581952315
24.4140625,T4,2.3319387913842697e-12,-11.632282853103813
24.658203125,T4,2.3087240611423282e-12,-11.63662797088729
24.90234375,T4,2.290194042242281e-12,-11.640127719448355
25.146484375,T4,2.355744506734308e-12,-11.627871812922416
25.390625,T4,2.254006504008226e-12,-11.647044835117416
25.634765625,T4,2.1511073555848777e-12,-11.66733791468243
25.87890625,T4,2.036816784580956e-12,-11.691048034831006
26.123046875,T4,2.16696771024026e-12,-11.664147560008727
26.3671875,T4,2.385520839786108e-12,-11.622416785114455
26.611328125,T4,2.3024267060833653e-12,-11.637814185952044
26.85546875,T4,2.405732789874009e-12,-11.618752612377653
27.099609375,T4,2.352006287233438e-12,-11.628561521665993
27.34375,T4,2.332723056744383e-12,-11.6321368180288
27.587890625,T4,2.173901265611009e-12,-11.662760184616817
27.83203125,T4,2.243167592283856e-12,-11.649138278050971
28.076171875,T4,2.199642450514414e-12,-11.657647907536138
28.3203125,T4,2.182118094791288e-12,-11.661121749380886
28.564453125,T4,2.0888604795090026e-12,-11.680090566722846
28.80859375,T4,2.170605121973831e-12,-11.663419176520678
29.052734375,T4,2.1433924984466122e-12,-11.668898293586617
29.296875,T4,2.0074176895065304e-12,-11.697362253135696
29.541015625,T4,2.117479383296124e-12,-11.674180809457381
29.78515625,T4,1.999690232640533e-12,-11.699037274673136
30.029296875,T4,2.082645831353837e-12,-11.681384578619939
30.2734375,T4,1.946910526790189e-12,-11.710654006679336
30.517578125,T4,1.9722639651664884e-12,-11.705034960113196
30.76171875,T4,2.0257927466015195e-12,-11.693404988201527
31.005859375,T4,2.1606528218813398e-12,-11.665415010837325
31.25,T4,2.3055944523633776e-12,-11.637217081512247
31.494140625,T4,2.2130089541222997e-12,-11.65501682885718
31.73828125,T4,1.703698050320397e-12,-11.768607373594929
31.982421875,T4,1.890278358624194e-12,-11.723474237777518
32.2265625,T4,2.23977633441278e-12,-11.649795348442726
32.470703125,T4,2.0338186380041617e-12,-11.691687777089653
32.71484375,T4,2.0707850551066624e-12,-11.683864977990032
32.958984375,T4,1.9004557164919697e-12,-11.721142245664794
33.203125,T4,1.7106428073243322e-12,-11.76684066433535
33.447265625,T4,1.850255132382357e-12,-11.732768382436902
33.69140625,T4,2.170867593491826e-12,-11.663366664417284
33.935546875,T4,2.0191183723186842e-12,-11.69483821947248
34.1796875,T4,1.818918910280019e-12,-11.740186661905687
34.423828125,T4,1.7887725850296553e-12,-11.74744486979858
34.66796875,T4,1.7271078443303353e-12,-11.762680543303842
34.912109375,T4,1.7006660487074812e-12,-11.769380958252425
35.15625,T4,1.86585291673022e-12,-11.72912259422836
35.400390625,T4,1.7587007792879337e-12,-11.754808043975263
35.64453125,T4,1.6673544850081765e-12,-11.777972057930496
35.888671875,T4,1.666414361169998e-12,-11.778217000291463
36.1328125,T4,1.839848589841084e-12,-11.73521791574164
36.376953125,T4,1.859624779795937e-12,-11.730574675407354
36.62109375,T4,1.8818875924490523e-12,-11.72540632109848
36.865234375,T4,1.8995150620523224e-12,-11.721357258392349
37.109375,T4,1.9250811491227745e-12,-11.71555095868877
37.353515625,T4,1.5629537711541424e-12,-11.806053867297239
37.59765625,T4,1.5294590199775749e-12,-11.81546215492385
37.841796875,T4,1.4399585388479189e-12,-11.841650012494188
38.0859375,T4,1.558295264220594e-12,-11.807350249184417
38.330078125,T4,1.6911663219174852e-12,-11.771813678541278
38.57421875,T4,1.5442693739492929e-12,-11.811276941425275
38.818359375,T4,1.4987398888675429e-12,-11.824273733817261
39.0625,T4,1.505520896369461e-12,-11.822313212177148
39.306640625,T4,1.4317931004371713e-12,-11.84411973470299
39.55078125,T4,1.5098692708438089e-12,-11.821060653639918
39.794921875,T4,1.5624506684583688e-12,-11.806193685826786
0.0,T5,9.196276193856573e-10,-9.036387993941842
0.244140625,T5,8.425517893297793e-09,-8.074403394754695
0.48828125,T5,2.5225193261654316e-09,-8.59816549775117
0.732421875,T5,1.0036905774502327e-09,-8.998400152945527
0.9765625,T5,5.95401662602592e-10,-9.22518995696151
1.220703125,T5,4.3271157251679505e-10,-9.363801489795547
1.46484375,T5,3.4979640766216824e-10,-9.456184654950277
1.708984375,T5,2.4140700625243886e-10,-9.617250129712497
1.953125,T5,1.4785678042016608e-10,-9.830158754793304
2.197265625,T5,1.3483157812079676e-10,-9.870208382299783
2.44140625,T5,1.2761596095676834e-10,-9.894095004909886
2.685546875,T5,1.319982025109021e-10,-9.879431982770754
2.9296875,T5,1.1465105636962562e-10,-9.940621939421737
3.173828125,T5,8.46482332017368e-11,-10.072382102159228
3.41796875,T5,6.036218030072114e-11,-10.219235081761411
3.662109375,T5,6.073352901008409e-11,-10.216571482831373
3.90625,T5,4.937748922896665e-11,-10.306470997063617
4.150390625,T5,4.217179134785133e-11,-10.37497795089494
4.39453125,T5,3.2466142746293316e-11,-10.488569306184877
4.638671875,T5,2.7696995653534198e-11,-10.557567337139695
4.8828125,T5,2.6327939721169097e-11,-10.579583125046469
5.126953125,T5,2.6444496327898403e-11,-10.577664700306842
5.37109375,T5,2.375756417188904e-11,-10.624198088982778
5.615234375,T5,1.832746015568528e-11,-10.736897715986919
5.859375,T5,1.2693195585727386e-11,-10.89642902798121
6.103515625,T5,1.4935193561734557e-11,-10.825789144519613
6.34765625,T5,1.4726078075427067e-11,-10.831912901289899
6.591796875,T5,1.1541647046070416e-11,-10.937732210939483
6.8359375,T5,9.840047354310446e-12,-11.007002811561927
7.080078125,T5,1.0173895119201896e-11,-10.992512743742864
7.32421875,T5,1.1432749494058089e-11,-10.941849312343047
7.568359375,T5,1.1204637055959034e-11,-10.950602206701175
7.8125,T5,1.1515607336768792e-11,-10.938713152267553
8.056640625,T5,1.4402786691846472e-11,-10.841553471251741
8.30078125,T5,2.0548139826987687e-11,-10.687227487629297
8.544921875,T5,3.941023201322679e-11,-10.404391008378052
8.7890625,T5,5.939543230663378e-11,-10.226246952330243
9.033203125,T5,4.792785564056619e-11,-10.319412001517339
9.27734375,T5,3.0352691783536586e-11,-10.517802788117613
9.521484375,T5,1.803027284669352e-11,-10.74399770118016
9.765625,T5,1.187985978224553e-11,-10.925188685293916
10.009765625,T5,8.015925491816452e-12,-11.096046328233735
10.25390625,T5,6.295273258549774e-12,-11.200985413752369
10.498046875,T5,4.815896536481852e-12,-11.317322851924168
10.7421875,T5,4.546163247435803e-12,-11.342354973321207
10.986328125,T5,4.027553329689945e-12,-11.3949587002851
11.23046875,T5,3.460379470054066e-12,-11.460876273255199
11.474609375,T5,3.243274102204541e-12,-11.489016345793742
11.71875,T5,2.6370548098068872e-12,-11.578880843528784
11.962890625,T5,2.881163776324998e-12,-11.54043205406509
12.20703125,T5,2.412549092855119e-12,-11.617523840454988
12.451171875,T5,2.52313427112198e-12,-11.598059637450824
12.6953125,T5,2.124962908593241e-12,-11.672648646194315
12.939453125,T5,2.3510064395839415e-12,-11.628746181308093
13.18359375,T5,2.096967547128162e-12,-11.678408290665901
13.427734375,T5,2.105152418323347e-12,-11.676716454678484
13.671875,T5,2.048129988722985e-12,-11.68864248344152
13.916015625,T5,1.9096794063335096e-12,-11.719039535237432
14.16015625,T5,2.0261494724879497e-12,-11.69332851915234
14.404296875,T5,1.7455260518209473e-12,-11.758073664994948
14.6484375,T5,1.757312773715268e-12,-11.755150934116775
14.892578125,T5,1.54492923871024e-12,-11.811091407463383
15.13671875,T5,1.693421797058389e-12,-11.77123485446087
15.380859375,T5,1.4053034960095497e-12,-11.852229873332988
15.625,T5,1.5608236920109732e-12,-11.806646151332952
15.869140625,T5,1.7307796404114114e-12,-11.76175822215657
16.11328125,T5,1.4941577898933939e-12,-11.825603536616017
16.357421875,T5,1.6357215954043034e-12,-11.786290612564846
16.6015625,T5,1.729321337609943e-12,-11.762124299852653
16.845703125,T5,1.7784658739817197e-12,-11.74995446383981
17.08984375,T5,1.7831238421613217e-12,-11.748818492999893
17.333984375,T5,2.0724081990972158e-12,-11.683524698176253
17.578125,T5,2.0122635636129786e-12,-11.696315136575238
17.822265625,T5,2.2642440543996597e-12,-11.645076763982601
18.06640625,T5,2.25790790189009e-12,-11.646293776545972
18.310546875,T5,2.1535755207398648e-12,-11.666839893966156
18.5546875,T5,1.8732586627530757e-12,-11.727402250360898
18.798828125,T5,1.647314557624776e-12,-11.783223463612984
19.04296875,T5,1.745238397317194e-12,-11.758145240585783
19.287109375,T5,1.4295663697287225e-12,-11.844795677075604
19.53125,T5,1.476777883172392e-12,-11.830684820440666
19.775390625,T5,1.3637261651268254e-12,-11.86527282683026
20.01953125,T5,1.2325668850015996e-12,-11.909189504505932
20.263671875,T5,1.1524598414469557e-12,-11.93837419907658
20.5078125,T5,9.402346206253846e-13,-12.02676376158241
20.751953125,T5,1.0037317032574994e-12,-11.998382358272893
20.99609375,T5,8.452168741623019e-13,-12.073031841148332
21.240234375,T5,1.0009623180898753e-12,-11.999582271525345
21.484375,T5,8.988466362890088e-13,-12.046314402477284
21.728515625,T5,9.239213541570393e-13,-12.034364995131915
21.97265625,T5,7.931279723964913e-13,-12.100656732957784
22.216796875,T5,7.722846506002337e-13,-12.112222596814956
22.4609375,T5,7.993345218097807e-13,-12.097271430233256
22.705078125,T5,7.191832677769642e-13,-12.14316042527464
22.94921875,T5,6.356363552724927e-13,-12.19679127124644
23.193359375,T5,6.999579109256302e-13,-12.15492807370332
23.4375,T5,6.373082170156798e-13,-12.19565048198842
23.681640625,T5,6.817667012253072e-13,-12.166364214352743
23.92578125,T5,6.782144129720666e-13,-12.168632985115696
24.169921875,T5,6.28318873946147e-13,-12.201819894402236
24.4140625,T5,6.781118092449548e-13,-12.168698692364973
24.658203125,T5,5.835904324600363e-13,-12.233891836661847
24.90234375,T5,5.862705851773396e-13,-12.23190189502829
25.146484375,T5,5.980506290173442e-13,-12.223262048499686
25.390625,T5,5.962413350836853e-13,-12.224577919319017
25.634765625,T5,5.619895518240671e-13,-12.250271758500928
25.87890625,T5,5.956388196730004e-13,-12.225017005647231
26.123046875,T5,5.773877725126046e-13,-12.238532417522379
26.3671875,T5,5.70539207032867e-13,-12.243714505824281
26.611328125,T5,5.44530452358071e-13,-12.263977827714895
26.85546875,T5,5.116096702943528e-13,-12.291061255210224
27.099609375,T5,5.207693766101328e-13,-12.283354561997974
27.34375,T5,4.437655856518111e-13,-12.352846380655242
27.587890625,T5,4.825275343418416e-13,-12.316477899581246
27.83203125,T5,4.815680226663028e-13,-12.31734235904393
28.076171875,T5,4.201724691522011e-13,-12.37657240715849
28.3203125,T5,4.211124361025594e-13,-12.375601933001564
28.564453125,T5,4.0397968589059923e-13,-12.393640472828574
28.80859375,T5,3.897468745955524e-13,-12.40921735875964
29.052734375,T5,4.4233517755180347e-13,-12.35424852115688
29.296875,T5,4.685410688920415e-13,-12.329252336021705
29.541015625,T5,4.02897687622852e-13,-12.394805225179299
29.78515625,T5,4.274026310331998e-13,-12.369162808705212
30.029296875,T5,3.713311849562719e-13,-12.430238576532766
30.2734375,T5,3.8187120842120477e-13,-12.418083084478637
30.517578125,T5,3.434493148757665e-13,-12.464137345631908
30.76171875,T5,3.7738092230063444e-13,-12.423220058460918
31.005859375,T5,4.298054318588338e-13,-12.366728100218676
31.25,T5,4.681542762250933e-13,-12.329611005318654
31.494140625,T5,3.949069144757644e-13,-12.403505262079156
31.73828125,T5,3.8191193383774053e-13,-12.418036770747126
31.982421875,T5,3.981675092679154e-13,-12.39993418157972
32.2265625,T5,3.637948317306968e-13,-12.439143475054786
32.470703125,T5,4.19969881695907e-13,-12.376781854083735
32.71484375,T5,4.069983886938777e-13,-12.390407310142699
32.958984375,T5,3.388807431156454e-13,-12.46995310922762
33.203125,T5,3.0089005385092654e-13,-12.521592167956333
33.447265625,T5,3.221767908817945e-13,-12.491905748693389
33.69140625,T5,3.7522191568248364e-13,-12.425711803603186
33.935546875,T5,3.5949940866674124e-13,-12.444301819642662
34.1796875,T5,3.5858038044952e-13,-12.445413476334373
34.423828125,T5,3.0476867115783664e-13,-12.516029678548207
34.66796875,T5,2.86512267784456e-13,-12.54285677782563
34.912109375,T5,3.256267219291794e-13,-12.487279962781004
35.15625,T5,3.065097870340085e-13,-12.513555653651263
35.400390625,T5,3.263294119217224e-13,-12.486343781683603
35.64453125,T5,2.894411376621137e-13,-12.538439743465856
35.888671875,T5,2.6810767278496973e-13,-12.571690757070865
36.1328125,T5,3.3245962448303894e-13,-12.478261089996776
36.376953125,T5,4.141303280450814e-13,-12.382862963604538
36.62109375,T5,3.481542833446472e-13,-12.458228257327404
36.865234375,T5,3.004120395790917e-13,-12.522282666148605
37.109375,T5,2.997620285213488e-13,-12.523223380987625
37.353515625,T5,2.829305411952565e-13,-12.548320169698702
37.59765625,T5,2.588957333640984e-13,-12.586875106736612
37.841796875,T5,2.709447692372766e-13,-12.56711922890446
38.0859375,T5,2.6192398780371573e-13,-12.581824725730069
38.330078125,T5,2.821696839480384e-13,-12.54948964827597
38.57421875,T5,2.7316449015508945e-13,-12.563575757157501
38.818359375,T5,2.7017846659656653e-13,-12.568349267493677
39.0625,T5,2.699316450014041e-13,-12.568746198645135
39.306640625,T5,2.317244302307059e-13,-12.635028177021088
39.55078125,T5,2.404481991958667e-13,-12.618978471167535
39.794921875,T5,2.3277495647587393e-13,-12.633063745883772
0.0,T6,5.823781024457091e-09,-8.23479496296319
0.244140625,T6,3.856048190893246e-08,-7.413857547147777
0.48828125,T6,7.1942635693674425e-09,-8.143013655393647
0.732421875,T6,2.8266272557036363e-09,-8.548731457681024
0.9765625,T6,2.847983613417659e-09,-8.545462513849353
1.220703125,T6,2.7181671139781366e-09,-8.565723846187966
1.46484375,T6,2.0333077803663913e-09,-8.691796877536241
1.708984375,T6,1.5182405588846e-09,-8.81865941083907
1.953125,T6,1.0352479676654035e-09,-8.984955613404736
2.197265625,T6,7.748029608180493e-10,-9.110808728344661
2.44140625,T6,8.319524653458503e-10,-9.079901486963779
2.685546875,T6,8.941912100508374e-10,-9.048569603585836
2.9296875,T6,6.638948166774598e-10,-9.177900722070303
3.173828125,T6,5.876841021903161e-10,-9.230856057497965
3.41796875,T6,5.803936711980992e-10,-9.236277331897169
3.662109375,T6,5.048271211199005e-10,-9.296857321283104
3.90625,T6,3.996775251083807e-10,-9.398290272545104
4.150390625,T6,3.716582090889287e-10,-9.429856270172616
4.39453125,T6,2.4213911137298227e-10,-9.615935055739692
4.638671875,T6,1.5278200746847924e-10,-9.815927787888942
4.8828125,T6,1.5937304284265383e-10,-9.797585135479096
5.126953125,T6,1.4124816705987483e-10,-9.850017179196644
5.37109375,T6,9.355169014177743e-11,-10.028948361957482
5.615234375,T6,7.726013043584601e-11,-10.112044562984877
5.859375,T6,5.563908157703687e-11,-10.254620047431194
6.103515625,T6,3.51091541295358e-11,-10.454579633687604
6.34765625,T6,3.651068212021837e-11,-10.43758005315601
6.591796875,T6,3.48644685585463e-11,-10.457616950388788
6.8359375,T6,1.5747423879210793e-11,-10.802790482290273
7.080078125,T6,1.481904710959373e-11,-10.82917972134658
7.32421875,T6,1.8407913932974488e-11,-10.734995424897955
7.568359375,T6,1.6838799709482674e-11,-10.773688868782132
7.8125,T6,2.1158945763752496e-11,-10.67450597465154
8.056640625,T6,2.6321683080543718e-11,-10.579686344190959
8.30078125,T6,2.6423834219562448e-11,-10.578004164027325
8.544921875,T6,4.603419309228865e-11,-10.336919464951677
8.7890625,T6,6.206044087926025e-11,-10.20718514349968
9.033203125,T6,4.6721547602712845e-11,-10.33048278010399
9.27734375,T6,3.6413975691140725e-11,-10.43873190204754
9.521484375,T6,2.791574412697672e-11,-10.554150791029294
9.765625,T6,1.7983328758210113e-11,-10.745129916189205
10.009765625,T6,1.595672320588882e-11,-10.79705628840575
10.25390625,T6,1.6912909538022028e-11,-10.77178167403366
10.498046875,T6,1.463218614053729e-11,-10.834690782702907
10.7421875,T6,1.3884381910623992e-11,-10.857473448919135
10.986328125,T6,1.6860486254668396e-11,-10.773129904523016
11.23046875,T6,1.2681079838532558e-11,-10.896843763177603
11.474609375,T6,1.0983021497286708e-11,-10.959278166344737
11.71875,T6,1.3688820279080178e-11,-10.86363397833514
11.962890625,T6,1.3031449565314272e-11,-10.885007272453016
12.20703125,T6,8.223998339777561e-12,-11.084916986022135
12.451171875,T6,9.648564287509964e-12,-11.01553730514325
12.6953125,T6,8.997443305567385e-12,-11.045880881230406
12.939453125,T6,7.274555767341298e-12,-11.138193522435932
13.18359375,T6,9.521236154809463e-12,-11.021306662922175
13.427734375,T6,8.798493311686906e-12,-11.05559169176387
13.671875,T6,5.30053343917051e-12,-11.275680421336887
13.916015625,T6,5.661920752384385e-12,-11.24703621357265
14.16015625,T6,6.914359207046729e-12,-11.16024806222694
14.404296875,T6,4.674164197286874e-12,-11.330296035477573
14.6484375,T6,5.564853529480319e-12,-11.25454626208859
14.892578125,T6,6.2068375876770345e-12,-11.20712961850996
15.13671875,T6,4.3191118652723896e-12,-11.364605547552094
15.380859375,T6,4.862944055792125e-12,-11.313100726607132
15.625,T6,7.18828278983032e-12,-11.143374845913781
15.869140625,T6,5.783685674161242e-12,-11.237795317664888
16.11328125,T6,5.551395703699505e-12,-11.255597815037405
16.357421875,T6,6.511468680765846e-12,-11.186321043995012
16.6015625,T6,5.216527655147343e-12,-11.282618485886427
16.845703125,T6,5.0989909641761935e-12,-11.292515757636743
17.08984375,T6,7.849606804194113e-12,-11.105152097018516
17.333984375,T6,6.933104970659844e-12,-11.159072224316846
17.578125,T6,5.799418335008739e-12,-11.23661556274117
17.822265625,T6,7.35627117339769e-12,-11.13334226979019
18.06640625,T6,6.576641848135617e-12,-11.181995808378483
18.310546875,T6,5.639573311145063e-12,-11.248753753397015
18.5546875,T6,6.957721515355738e-12,-11.157532957992093
18.798828125,T6,6.610012090974418e-12,-11.17979774610609
19.04296875,T6,5.112141307106992e-12,-11.291397150145304
19.287109375,T6,5.708964581128185e-12,-11.24344265138258
19.53125,T6,5.753650728293218e-12,-11.240056505215744
19.775390625,T6,4.13318664122877e-12,-11.383714982953089
20.01953125,T6,4.343236367135237e-12,-11.36218653486775
20.263671875,T6,4.651355274630998e-12,-11.33242048742482
20.5078125,T6,3.016433145505683e-12,-11.52050629569474
20.751953125,T6,3.1995518931510773e-12,-11.494910841667293
20.99609375,T6,3.7886058657465175e-12,-11.421520572670286
21.240234375,T6,2.764163366464004e-12,-11.558436293042702
21.484375,T6,2.5294272531803237e-12,-11.596977806469557
21.728515625,T6,3.030871449157379e-12,-11.518432483330674
21.97265625,T6,2.240034192150333e-12,-11.649745352492229
22.216796875,T6,1.923046214109909e-12,-11.71601027879233
22.4609375,T6,2.5833467906536928e-12,-11.587817289855384
22.705078125,T6,1.953986387714188e-12,-11.709078466083575
22.94921875,T6,1.4085249683109864e-12,-11.851235450060122
23.193359375,T6,1.9801297286590522e-12,-11.703306355902534
23.4375,T6,1.652437415061942e-12,-11.781874980137609
23.681640625,T6,1.413774104702723e-12,-11.849619977327222
23.92578125,T6,2.028052072839996e-12,-11.692920898127296
24.169921875,T6,1.7067051361914145e-12,-11.767841504536394
24.4140625,T6,1.2864939461895886e-12,-11.890592253093466
24.658203125,T6,1.7803660457913478e-12,-11.749490696947406
24.90234375,T6,1.770183849507289e-12,-11.75198162590934
25.146484375,T6,1.3475678441393565e-12,-11.87044936076561
25.390625,T6,1.820836926264725e-12,-11.739728947777119
25.634765625,T6,1.7747909451002474e-12,-11.750852795699808
25.87890625,T6,1.253452331442418e-12,-11.90189217752959
26.123046875,T6,1.6813114755516506e-12,-11.774351822799392
26.3671875,T6,1.7492264479695406e-12,-11.757153964827985
26.611328125,T6,1.1841352498497901e-12,-11.926598690426593
26.85546875,T6,1.478388080861315e-12,-11.830211547501827
27.099609375,T6,1.691866204107245e-12,-11.771633984745849
27.34375,T6,1.199341521570979e-12,-11.921057130650969
27.587890625,T6,1.5148322863772599e-12,-11.81963544711732
27.83203125,T6,1.7527410274235805e-12,-11.756282247436955
28.076171875,T6,1.104195171127796e-12,-11.956954156450669
28.3203125,T6,1.128834484832047e-12,-11.947369731763006
28.564453125,T6,1.4082375376267925e-12,-11.851324083418628
28.80859375,T6,1.0823838050843113e-12,-11.965618714391896
29.052734375,T6,1.0181463351302366e-12,-11.992189797665032
29.296875,T6,1.4981104358075766e-12,-11.82445617068595
29.541015625,T6,1.1144169356604033e-12,-11.952952296612832
29.78515625,T6,9.685723461166662e-13,-12.01386793473237
30.029296875,T6,1.433603238892365e-12,-11.843571026493688
30.2734375,T6,1.3085046706325704e-12,-11.883224722832024
30.517578125,T6,1.0151315206959188e-12,-11.99347768680281
30.76171875,T6,1.395621398449265e-12,-11.855232380326541
31.005859375,T6,1.2401186492303365e-12,-11.906536761417671
31.25,T6,9.545239187289413e-13,-12.020213184460632
31.494140625,T6,1.1707237299027714e-12,-11.931545578654802
31.73828125,T6,1.0743801975991196e-12,-11.968842004949064
31.982421875,T6,9.068558215979944e-13,-12.042461754683782
32.2265625,T6,1.0400630693820864e-12,-11.982940324303032
32.470703125,T6,1.0339242784327413e-12,-11.985511266525451
32.71484375,T6,8.311959102847557e-13,-12.08029660229536
32.958984375,T6,1.0373799424168386e-12,-11.984062153278908
33.203125,T6,1.1053737259839464e-12,-11.95649086252953
33.447265625,T6,8.276155295797132e-13,-12.08217136872223
33.69140625,T6,9.865290295641289e-13,-12.005890130691547
33.935546875,T6,1.182798088059787e-12,-11.92708938616296
34.1796875,T6,8.825716845335597e-13,-12.054250010095366
34.423828125,T6,9.348066074955957e-13,-12.029278226544323
34.66796875,T6,1.1093842670124664e-12,-11.954917997460356
34.912109375,T6,8.70886829318344e-13,-12.060038277364175
35.15625,T6,9.187093672177471e-13,-12.036821855508672
35.400390625,T6,1.225404551500015e-12,-11.911720510908202
35.64453125,T6,9.352073125393212e-13,-12.029092106013175
35.888671875,T6,8.11566284443814e-13,-12.090676003511724
36.1328125,T6,1.1310243365378696e-12,-11.94652805014935
36.376953125,T6,9.733312067393013e-13,-12.011739352143568
36.62109375,T6,8.967415093244877e-13,-12.047332726691003
36.865234375,T6,1.1493668537098572e-12,-11.939541331526728
37.109375,T6,1.1035192647568604e-12,-11.957220080712956
37.353515625,T6,7.565093755618661e-13,-12.121185685314883
37.59765625,T6,8.959327110401898e-13,-12.047724606767915
37.841796875,T6,9.275425374906132e-13,-12.032666164328731
38.0859375,T6,6.58637177541616e-13,-12.181353758675012
38.330078125,T6,8.466216687668792e-13,-12.07231062021654
38.57421875,T6,8.875790531334219e-13,-12.051792955669313
38.818359375,T6,6.529544459089043e-13,-12.185117116704248
39.0625,T6,7.597943112041712e-13,-12.119303962455273
39.306640625,T6,7.919446598338548e-13,-12.101305165340426
39.55078125,T6,5.976406501462459e-13,-12.22355987047346
39.794921875,T6,5.653017201373164e-13,-12.24771969303801
0.0,Fz,4.866412736817861e-10,-9.312791059868642
0.244140625,Fz,4.735086991293604e-09,-8.324672037887371
0.48828125,Fz,2.0308169376748807e-09,-8.692329223094859
0.732421875,Fz,9.864895905914112e-10,-9.005907493049966
0.9765625,Fz,6.018011115393756e-10,-9.220547014444108
1.220703125,Fz,4.394029071898952e-10,-9.357137074014615
1.46484375,Fz,3.5555756615032805e-10,-9.449090075278884
1.708984375,Fz,2.476032781026896e-10,-9.606243609843823
1.953125,Fz,1.5370424514344267e-10,-9.813314137595166
2.197265625,Fz,1.3930040731184175e-10,-9.856047613705062
2.44140625,Fz,1.2896820861972438e-10,-9.889517332511721
2.685546875,Fz,1.3057617470166467e-10,-9.884136058432526
2.9296875,Fz,1.1528238551778111e-10,-9.93823704532306
3.173828125,Fz,8.6544890549102e-11,-10.062758566977868
3.41796875,Fz,6.319401906039072e-11,-10.19932402317305
3.662109375,Fz,6.319091001351927e-11,-10.19934539030773
3.90625,Fz,4.9501640279679007e-11,-10.305380410104597
4.150390625,Fz,4.4962898521515816e-11,-10.347145699856153
4.39453125,Fz,3.4609376426306424e-11,-10.460806225526845
4.638671875,Fz,2.819766586414604e-11,-10.549786840059227
4.8828125,Fz,2.556540435457505e-11,-10.59234733387537
5.126953125,Fz,2.6102306374413154e-11,-10.583321117128106
5.37109375,Fz,2.4216542805344184e-11,-10.615887857383342
5.615234375,Fz,1.903915289632247e-11,-10.720352378463987
5.859375,Fz,1.3031353346617684e-11,-10.885010479111113
6.103515625,Fz,1.4896818480513793e-11,-10.8269064741309
6.34765625,Fz,1.5013532211293654e-11,-10.823517119921531
6.591796875,Fz,1.1108764174538663e-11,-10.954334252673117
6.8359375,Fz,8.986744331765749e-12,-11.04639761358729
7.080078125,Fz,8.791800570271046e-12,-11.055922171837198
7.32421875,Fz,9.52796955312988e-12,-11.020999639322174
7.568359375,Fz,8.425451774432781e-12,-11.074406802874083
7.8125,Fz,6.86810014225393e-12,-11.163163381112867
8.056640625,Fz,6.321997202052197e-12,-11.199145700703582
8.30078125,Fz,6.492335616265783e-12,-11.187599037748328
8.544921875,Fz,6.939593061496218e-12,-11.158665995874877
8.7890625,Fz,7.969718082761719e-12,-11.098557040870688
9.033203125,Fz,7.47359143396563e-12,-11.126470647832946
9.27734375,Fz,7.316253473838312e-12,-11.135711256669877
9.521484375,Fz,7.915008780568669e-12,-11.10154859901383
9.765625,Fz,6.936959949981017e-12,-11.158830812859911
10.009765625,Fz,5.965668726156866e-12,-11.224340866695806
10.25390625,Fz,4.5090342894583706e-12,-11.345916462039641
10.498046875,Fz,3.769663733282166e-12,-11.423697388598818
10.7421875,Fz,3.6136983172327656e-12,-11.442048106514957
10.986328125,Fz,3.0206444297759693e-12,-11.519900393983471
11.23046875,Fz,2.7150802308246298e-12,-11.566217332450975
11.474609375,Fz,2.250268697182064e-12,-11.647765621116998
11.71875,Fz,2.0190661714190002e-12,-11.694849447568886
11.962890625,Fz,1.8781999894704725e-12,-11.726258166223685
12.20703125,Fz,1.6425077040080745e-12,-11.784492584751227
12.451171875,Fz,1.7546272658382505e-12,-11.755815126253477
12.6953125,Fz,1.600503252251978e-12,-11.795743439024596
12.939453125,Fz,1.5388343537114739e-12,-11.812808126848724
13.18359375,Fz,1.511801219921339e-12,-11.820505308548134
13.427734375,Fz,1.4864685981166142e-12,-11.827844260901507
13.671875,Fz,1.2580951148620729e-12,-11.900286523995502
13.916015625,Fz,1.224994157852978e-12,-11.911865982498032
14.16015625,Fz,1.2471271507983177e-12,-11.904089265787727
14.404296875,Fz,1.2270774051367912e-12,-11.911128040725748
14.6484375,Fz,1.0917075237055686e-12,-11.961893696662543
14.892578125,Fz,1.104964929302218e-12,-11.956651505917542
15.13671875,Fz,1.1119181950721544e-12,-11.953927163055775
15.380859375,Fz,1.1400800068605253e-12,-11.943064670313689
15.625,Fz,1.0478189937092645e-12,-11.979713733404429
15.869140625,Fz,1.1112212722046565e-12,-11.95419945345414
16.11328125,Fz,9.74031973919946e-13,-12.011426786582287
16.357421875,Fz,9.284062042137969e-13,-12.032261965968367
16.6015625,Fz,9.086152992763689e-13,-12.041619954803624
16.845703125,Fz,9.409043166173864e-13,-12.026454539035997
17.08984375,Fz,9.041436063086857e-13,-12.043762584486787
17.333984375,Fz,8.689593257806768e-13,-12.061000551517298
17.578125,Fz,9.251600815485832e-13,-12.033783114268456
17.822265625,Fz,8.063240177056949e-13,-12.093490403822498
18.06640625,Fz,9.03376978008752e-13,-12.044130981353948
18.310546875,Fz,8.499449015176362e-13,-12.070609226923876
18.5546875,Fz,8.055838833961098e-13,-12.093889230912918
18.798828125,Fz,8.283730406964396e-13,-12.081774043611627
19.04296875,Fz,8.53677056773508e-13,-12.068706390419205
19.287109375,Fz,9.073825223374268e-13,-12.042209590207223
19.53125,Fz,8.18771506189059e-13,-12.086837279492899
19.775390625,Fz,7.836346036220023e-13,-12.105886394741775
20.01953125,Fz,7.371924167986116e-13,-12.132419140842352
20.263671875,Fz,7.367946500550993e-13,-12.132653536258527
20.5078125,Fz,6.680910597671418e-13,-12.175164339831056
20.751953125,Fz,6.907356705959908e-13,-12.160688115815201
20.99609375,Fz,7.277051975976915e-13,-12.138044523141026
21.240234375,Fz,7.118149548621387e-13,-12.147632891935043
21.484375,Fz,6.144541886072543e-13,-12.211510490933314
21.728515625,Fz,6.039305396315078e-13,-12.219013008381268
21.97265625,Fz,5.465366876079096e-13,-12.262380679659605
22.216796875,Fz,5.253355418199735e-13,-12.279563215808109
22.4609375,Fz,5.464181296140671e-13,-12.262474899625339
22.705078125,Fz,4.811363871750352e-13,-12.317731797219754
22.94921875,Fz,4.821487025900255e-13,-12.316818997540421
23.193359375,Fz,4.3125492466563467e-13,-12.365265932514847
23.4375,Fz,4.86813135631787e-13,-12.31263771175784
23.681640625,Fz,4.567501445697554e-13,-12.340321306513275
23.92578125,Fz,4.540958189999026e-13,-12.342852496763712
24.169921875,Fz,4.034530234378183e-13,-12.394207025624524
24.4140625,Fz,4.575882303032539e-13,-12.339525154626061
24.658203125,Fz,4.1328351339650893e-13,-12.383751919140582
24.90234375,Fz,4.037888865165999e-13,-12.393845638316934
25.146484375,Fz,3.88657698499926e-13,-12.410432725403693
25.390625,Fz,3.7491574133633443e-13,-12.426066324763863
25.634765625,Fz,3.9396990268225943e-13,-12.40453695481982
25.87890625,Fz,3.628383043464781e-13,-12.440286871313731
26.123046875,Fz,3.624786715656762e-13,-12.440717542455316
26.3671875,Fz,3.9391480331990906e-13,-12.404597698095788
26.611328125,Fz,3.640884034823248e-13,-12.438793153485282
26.85546875,Fz,3.4653857948104745e-13,-12.460248409181883
27.099609375,Fz,3.2283002575765833e-13,-12.491026079233627
27.34375,Fz,2.674271177173856e-13,-12.572794556393813
27.587890625,Fz,2.9024053883623297e-13,-12.537241928344553
27.83203125,Fz,3.0248237406085773e-13,-12.519299927031781
28.076171875,Fz,3.1338658959770377e-13,-12.503919591748497
28.3203125,Fz,2.9850190324380374e-13,-12.52505289547047
28.564453125,Fz,2.8782911764064664e-13,-12.540865273669036
28.80859375,Fz,2.8465536183943057e-13,-12.54568063129615
29.052734375,Fz,2.8557721482872263e-13,-12.544276446296797
29.296875,Fz,3.1706904530810266e-13,-12.498846155034043
29.541015625,Fz,2.861363367558412e-13,-12.543426987177275
29.78515625,Fz,2.7115347092420773e-13,-12.566784831967665
30.029296875,Fz,2.75693515033284e-13,-12.559573449412484
30.2734375,Fz,2.5794187265847426e-13,-12.58847815150916
30.517578125,Fz,2.1149734958276992e-13,-12.674695070694566
30.76171875,Fz,2.38693264356944e-13,-12.62215983609959
31.005859375,Fz,2.734211752553998e-13,-12.563167854287371
31.25,Fz,2.753124539242013e-13,-12.560174142590597
31.494140625,Fz,2.376405758994213e-13,-12.624079403822543
31.73828125,Fz,2.195492165795037e-13,-12.658468108255816
31.982421875,Fz,2.5292766644539856e-13,-12.597003662836709
32.2265625,Fz,2.432222598485152e-13,-12.613996680686371
32.470703125,Fz,2.33284674936236e-13,-12.632113790178533
32.71484375,Fz,2.5622529739379817e-13,-12.591377994122324
32.958984375,Fz,2.170497521571387e-13,-12.66344070573336
33.203125,Fz,1.9777269396524173e-13,-12.703833670670305
33.447265625,Fz,2.1385399809850605e-13,-12.669882625996891
33.69140625,Fz,2.382074843299032e-13,-12.62304459737837
33.935546875,Fz,2.2504690323506181e-13,-12.647726958807162
34.1796875,Fz,2.2288524575905101e-13,-12.65191867937758
34.423828125,Fz,2.044673049000293e-13,-12.68937612744492
34.66796875,Fz,1.88735423667145e-13,-12.72414657964777
34.912109375,Fz,2.017548118416782e-13,-12.695176098581763
35.15625,Fz,2.0699049381192721e-13,-12.684049599373152
35.400390625,Fz,2.0548425015980358e-13,-12.687221460069267
35.64453125,Fz,1.8583889681563918e-13,-12.730863381276603
35.888671875,Fz,1.7597484580940833e-13,-12.754549406656906
36.1328125,Fz,2.216680381896729e-13,-12.654296922305141
36.376953125,Fz,2.3630338691277386e-13,-12.626530053623716
36.62109375,Fz,2.084478792823717e-13,-12.68100251896248
36.865234375,Fz,1.923928578713899e-13,-12.715811054151724
37.109375,Fz,2.2393090102517478e-13,-12.649885972438259
37.353515625,Fz,1.9583674976746306e-13,-12.708105807305005
37.59765625,Fz,1.8233907428476494e-13,-12.739120254395681
37.841796875,Fz,1.9001651420887271e-13,-12.721208653162334
38.0859375,Fz,1.7654653300341285e-13,-12.75314080663258
38.330078125,Fz,1.7926678207857048e-13,-12.746500177233624
38.57421875,Fz,1.8952273838889533e-13,-12.722338677176623
38.818359375,Fz,1.835763043397437e-13,-12.73618337737568
39.0625,Fz,1.866153423503029e-13,-12.729052654136307
39.306640625,Fz,1.5606636576283468e-13,-12.806690682699935
39.55078125,Fz,1.556550547001958e-13,-12.80783677159079
39.794921875,Fz,1.804446951334378e-13,-12.743655881175217
0.0,Cz,4.6190114303381966e-10,-9.335450963034539
0.244140625,Cz,4.819512445302625e-09,-8.31699689392392
0.48828125,Cz,2.081174995211392e-09,-8.681691400682473
0.732421875,Cz,1.0046696200516475e-09,-8.99797673006197
0.9765625,Cz,6.165345962896522e-10,-9.210042548336496
1.220703125,Cz,4.513926085343044e-10,-9.345445556687249
1.46484375,Cz,3.6963905801500303e-10,-9.432222145178729
1.708984375,Cz,2.5214049427802725e-10,-9.598357400141836
1.953125,Cz,1.5775327719197918e-10,-9.802021609886623
2.197265625,Cz,1.4459662524560947e-10,-9.83984184296343
2.44140625,Cz,1.3197984611908764e-10,-9.879492382335997
2.685546875,Cz,1.3422314010729668e-10,-9.872172605220818
2.9296875,Cz,1.1808371278039188e-10,-9.927810000247598
3.173828125,Cz,8.667568101981002e-11,-10.0621027373614
3.41796875,Cz,6.575734041008902e-11,-10.182055760379507
3.662109375,Cz,6.49353991847883e-11,-10.187518485334936
3.90625,Cz,5.1905183250115807e-11,-10.284789271351453
4.150390625,Cz,4.788646969595865e-11,-10.319787178995782
4.39453125,Cz,3.557841903559481e-11,-10.448813354154623
4.638671875,Cz,2.753920656780552e-11,-10.560048576358968
4.8828125,Cz,2.612666907063855e-11,-10.582915955617192
5.126953125,Cz,2.7018904207020332e-11,-10.5683322684337
5.37109375,Cz,2.4557046863190468e-11,-10.609823860989085
5.615234375,Cz,1.9210839578699056e-11,-10.716453654585035
5.859375,Cz,1.3044621333035989e-11,-10.884568523337226
6.103515625,Cz,1.4891320206417386e-11,-10.827066797684665
6.34765625,Cz,1.4693893480593336e-11,-10.832863112780618
6.591796875,Cz,1.0937612493726759e-11,-10.961077467212736
6.8359375,Cz,8.314006799312905e-12,-11.08018962465746
7.080078125,Cz,8.67931299129601e-12,-11.061514649926885
7.32421875,Cz,9.17071237595542e-12,-11.037596927260198
7.568359375,Cz,7.922745094819505e-12,-11.101124316772411
7.8125,Cz,6.9579976931204805e-12,-11.157515719575956
8.056640625,Cz,5.625422911171006e-12,-11.249844822357261
8.30078125,Cz,5.356384520537548e-12,-11.271128253700091
8.544921875,Cz,5.439666315186307e-12,-11.26442774036028
8.7890625,Cz,5.792076972875524e-12,-11.23716567528588
9.033203125,Cz,5.273256113544211e-12,-11.27792113517378
9.27734375,Cz,4.550062656625225e-12,-11.341982622850749
9.521484375,Cz,4.981968826564403e-12,-11.30259899428113
9.765625,Cz,4.785810222595531e-12,-11.320044526974915
10.009765625,Cz,3.871146362655189e-12,-11.41216040830082
10.25390625,Cz,3.29523308239097e-12,-11.482113860943686
10.498046875,Cz,2.369394767813996e-12,-11.625362574904045
10.7421875,Cz,2.4871695850905856e-12,-11.604294601799575
10.986328125,Cz,2.245722713448352e-12,-11.648643868490211
11.23046875,Cz,2.1988401607429985e-12,-11.657806339456993
11.474609375,Cz,1.908022070535173e-12,-11.719416606017562
11.71875,Cz,1.7132090511518605e-12,-11.76618963982361
11.962890625,Cz,1.6872800383876002e-12,-11.772812831439733
12.20703125,Cz,1.5782621956886137e-12,-11.80182084606853
12.451171875,Cz,1.6062219489704408e-12,-11.794194443768973
12.6953125,Cz,1.415369891987405e-12,-11.849130047025804
12.939453125,Cz,1.4193253527822522e-12,-11.847918039551864
13.18359375,Cz,1.433718712785608e-12,-11.843536046344607
13.427734375,Cz,1.3387569541670894e-12,-11.87329826021346
13.671875,Cz,1.1761856765883196e-12,-11.929524113674443
13.916015625,Cz,1.237779171209189e-12,-11.907356829693796
14.16015625,Cz,1.2174302444209765e-12,-11.914555913342019
14.404296875,Cz,1.1459679126311986e-12,-11.94082754254516
14.6484375,Cz,1.051022470285249e-12,-11.978387998894144
14.892578125,Cz,1.041565188330259e-12,-11.982313543722812
15.13671875,Cz,1.031563309755213e-12,-11.986504113077547
15.380859375,Cz,1.0889483731074624e-12,-11.96299270959779
15.625,Cz,9.431378402369344e-13,-12.025424830189984
15.869140625,Cz,9.981312116690896e-13,-12.000812363764565
16.11328125,Cz,8.528931676023675e-13,-12.069105364643097
16.357421875,Cz,8.48065876245597e-13,-12.071570411211745
16.6015625,Cz,8.76903779128702e-13,-12.057048058271397
16.845703125,Cz,8.999964787507686e-13,-12.045759189740789
17.08984375,Cz,8.724558153711328e-13,-12.05925655820993
17.333984375,Cz,8.859689487720572e-13,-12.052581498895416
17.578125,Cz,7.958239155985348e-13,-12.099183013849583
17.822265625,Cz,7.505330431444298e-13,-12.124630182648708
18.06640625,Cz,7.967630106011976e-13,-12.098670836061105
18.310546875,Cz,7.558031814748417e-13,-12.121591284297729
18.5546875,Cz,7.266413322125165e-13,-12.138679902590436
18.798828125,Cz,7.901690507906354e-13,-12.102279984695159
19.04296875,Cz,7.632540987155876e-13,-12.117330854838297
19.287109375,Cz,8.089469146865404e-13,-12.092079977046744
19.53125,Cz,7.035552005061747e-13,-12.152701822415816
19.775390625,Cz,6.709284491488014e-13,-12.173323792493804
20.01953125,Cz,6.302632516965816e-13,-12.200478014230338
20.263671875,Cz,6.477011663162953e-13,-12.18862532091079
20.5078125,Cz,6.310840996560936e-13,-12.199912761860734
20.751953125,Cz,6.161159818024925e-13,-12.210337525635074
20.99609375,Cz,6.440583683530561e-13,-12.191074772539295
21.240234375,Cz,6.04599164960537e-13,-12.218532456981691
21.484375,Cz,5.669980623418275e-13,-12.24641842526175
21.728515625,Cz,5.66168368902664e-13,-12.247054397766329
21.97265625,Cz,5.302931394858458e-13,-12.275483991404373
22.216796875,Cz,5.101697922468386e-13,-12.292285260051784
22.4609375,Cz,5.119710961945225e-13,-12.290754556831898
22.705078125,Cz,4.855086077196738e-13,-12.313803065957794
22.94921875,Cz,4.662568493834621e-13,-12.331374775284933
23.193359375,Cz,4.726492494365345e-13,-12.325461027426154
23.4375,Cz,4.741014677888351e-13,-12.324128700130094
23.681640625,Cz,4.789742013895992e-13,-12.319687878017323
23.92578125,Cz,4.926254705724282e-13,-12.307483137273438
24.169921875,Cz,4.561927203619686e-13,-12.340851649203719
24.4140625,Cz,4.862020275447737e-13,-12.313183234407386
24.658203125,Cz,4.4508772246388724e-13,-12.351554385361885
24.90234375,Cz,4.617030216848222e-13,-12.335637283134044
25.146484375,Cz,4.316748103857708e-13,-12.364843293084846
25.390625,Cz,4.311916709659942e-13,-12.365329636709175
25.634765625,Cz,4.860025371643296e-13,-12.313361463508095
25.87890625,Cz,4.4894258844289733e-13,-12.347809193777636
26.123046875,Cz,4.647835089566599e-13,-12.33274928960262
26.3671875,Cz,4.860713582185404e-13,-12.313299968997699
26.611328125,Cz,4.697134206444223e-13,-12.328167030984412
26.85546875,Cz,5.329478445800628e-13,-12.27331528988407
27.099609375,Cz,4.707385478417056e-13,-12.327220236727445
27.34375,Cz,3.993712829325654e-13,-12.39862316658676
27.587890625,Cz,3.9541059668974044e-13,-12.402951696119429
27.83203125,Cz,4.224238351050026e-13,-12.374251584881124
28.076171875,Cz,3.9000968154028884e-13,-12.408924611980332
28.3203125,Cz,3.798133573897493e-13,-12.420429765932194
28.564453125,Cz,3.981482781735505e-13,-12.39995515807748
28.80859375,Cz,3.725014312797722e-13,-12.428872054202365
29.052734375,Cz,3.483200396421414e-13,-12.458021538876125
29.296875,Cz,3.690480228167375e-13,-12.432917117073197
29.541015625,Cz,3.555612519244664e-13,-12.449085573326947
29.78515625,Cz,3.327871534007724e-13,-12.477833447149468
30.029296875,Cz,3.5277077275263097e-13,-12.45250740358007
30.2734375,Cz,3.1358050099382464e-13,-12.503650950369188
30.517578125,Cz,2.5110921061440385e-13,-12.600137357196882
30.76171875,Cz,2.836875060084121e-13,-12.547159790714854
31.005859375,Cz,3.05731523918901e-13,-12.514659778944237
31.25,Cz,3.0838165806357066e-13,-12.510911460837258
31.494140625,Cz,2.640043802439259e-13,-12.578388867448407
31.73828125,Cz,2.385003009360333e-13,-12.622511068637385
31.982421875,Cz,2.7209899512802494e-13,-12.56527306208338
32.2265625,Cz,2.374962005445588e-13,-12.624343333810614
32.470703125,Cz,2.4395281581658985e-13,-12.61269416469437
32.71484375,Cz,2.574242088782992e-13,-12.589350613267412
32.958984375,Cz,2.2267037665341105e-13,-12.652337556256025
33.203125,Cz,2.086788810726724e-13,-12.680521500612048
33.447265625,Cz,2.0843100285561162e-13,-12.6810376818807
33.69140625,Cz,2.3057846717800054e-13,-12.637181252212242
33.935546875,Cz,2.1665025626935714e-13,-12.66424079291485
34.1796875,Cz,2.0309921971847155e-13,-12.692291745096488
34.423828125,Cz,1.932665058273415e-13,-12.713843405127006
34.66796875,Cz,1.870534360732861e-13,-12.728034309631179
34.912109375,Cz,1.986720074120449e-13,-12.701863320021017
35.15625,Cz,1.9661213563164714e-13,-12.706389679407241
35.400390625,Cz,2.0118684732216602e-13,-12.696400414879124
35.64453125,Cz,1.6921403897607654e-13,-12.771563608218322
35.888671875,Cz,1.6705129794062186e-13,-12.77715014566931
36.1328125,Cz,2.0008870021253707e-13,-12.698777436970536
36.376953125,Cz,2.305250150792332e-13,-12.637281940897267
36.62109375,Cz,1.9368377912445546e-13,-12.71290674960471
36.865234375,Cz,1.8347954899536005e-13,-12.736412336062767
37.109375,Cz,2.049160056003679e-13,-12.688424118356043
37.353515625,Cz,1.7850377104828395e-13,-12.748352604604106
37.59765625,Cz,1.7841746876968238e-13,-12.74856262631154
37.841796875,Cz,1.7964057212780001e-13,-12.74559557044549
38.0859375,Cz,1.6640201060789922e-13,-12.778841430505388
38.330078125,Cz,1.803635700636374e-13,-12.743851176982716
38.57421875,Cz,1.812519230208138e-13,-12.741717377016844
38.818359375,Cz,1.6247677239461168e-13,-12.78920871678895
39.0625,Cz,1.6460400696347853e-13,-12.783559596943027
39.306640625,Cz,1.584230397699247e-13,-12.80018165786453
39.55078125,Cz,1.47994362686705e-13,-12.829754827177238
39.794921875,Cz,1.642862676482093e-13,-12.78439873683185
0.0,Pz,4.842775572648495e-10,-9.314905656871026
0.244140625,Pz,4.6562804525186604e-09,-8.331960869570974
0.48828125,Pz,1.984126762883381e-09,-8.702430584872305
0.732421875,Pz,9.262518638605919e-10,-9.033270905097845
0.9765625,Pz,5.822875956806605e-10,-9.234862461454435
1.220703125,Pz,4.853578829162156e-10,-9.313937912410083
1.46484375,Pz,3.999416624447111e-10,-9.398003352487178
1.708984375,Pz,2.359961828556457e-10,-9.627095021513522
1.953125,Pz,1.2704434075118358e-10,-9.896044676030954
2.197265625,Pz,1.1772964894431292e-10,-9.929114150993563
2.44140625,Pz,1.2813647331787288e-10,-9.892327233205593
2.685546875,Pz,1.3935258132863071e-10,-9.855884982125437
2.9296875,Pz,1.0784587582712083e-10,-9.967196458255183
3.173828125,Pz,6.965127234408331e-11,-10.157070945758791
3.41796875,Pz,5.3987074981304255e-11,-10.26771020195812
3.662109375,Pz,5.7619842953251904e-11,-10.239427929752743
3.90625,Pz,4.691202930063144e-11,-10.328715780120326
4.150390625,Pz,4.139352891155743e-11,-10.383067547228473
4.39453125,Pz,2.671245885574125e-11,-10.57328613375584
4.638671875,Pz,2.2239910976089222e-11,-10.652866955519412
4.8828125,Pz,2.3631230673264727e-11,-10.626513660479759
5.126953125,Pz,2.460225630473308e-11,-10.609025061361674
5.37109375,Pz,2.198750152822125e-11,-10.65782411734924
5.615234375,Pz,1.570016597973449e-11,-10.804095756272183
5.859375,Pz,1.0804450713010446e-11,-10.966397307297381
6.103515625,Pz,1.3096781352467629e-11,-10.882835422864403
6.34765625,Pz,1.3014915959301174e-11,-10.885558631898164
6.591796875,Pz,1.0318598135970338e-11,-10.986379301077726
6.8359375,Pz,7.655890521132946e-12,-11.116004285577059
7.080078125,Pz,8.737692865687092e-12,-11.058603225028325
7.32421875,Pz,9.527615420378388e-12,-11.021015781350883
7.568359375,Pz,8.171616455462312e-12,-11.087692025689288
7.8125,Pz,8.012019813510256e-12,-11.09625798537852
8.056640625,Pz,7.38661878224531e-12,-11.131554314007229
8.30078125,Pz,8.124849090487692e-12,-11.090184696783194
8.544921875,Pz,9.920433753737468e-12,-11.003469338658684
8.7890625,Pz,1.6465683088022585e-11,-10.783420247630167
9.033203125,Pz,1.6948093782883476e-11,-10.770879141480341
9.27734375,Pz,2.0910399946759654e-11,-10.679637660486504
9.521484375,Pz,2.5618670875905007e-11,-10.59144340566993
9.765625,Pz,2.132755770686136e-11,-10.671058874281549
10.009765625,Pz,1.4589650496614256e-11,-10.83595511175356
10.25390625,Pz,7.901909090648402e-12,-11.102267971067741
10.498046875,Pz,5.189611432364624e-12,-11.284865158355268
10.7421875,Pz,4.695997187904496e-12,-11.328272171828143
10.986328125,Pz,4.103054798111487e-12,-11.386892682799473
11.23046875,Pz,3.6887486386691625e-12,-11.433120937768116
11.474609375,Pz,3.2773732461691025e-12,-11.484474095840415
11.71875,Pz,2.748494417456592e-12,-11.560905140804948
11.962890625,Pz,2.6836389132779155e-12,-11.571275919397396
12.20703125,Pz,2.336639035601696e-12,-11.631408372312203
12.451171875,Pz,2.2597511255688864e-12,-11.645939388615334
12.6953125,Pz,2.079826012728895e-12,-11.681972994302729
12.939453125,Pz,2.0154873292175657e-12,-11.695619927785398
13.18359375,Pz,1.957131621927668e-12,-11.708379965984985
13.427734375,Pz,1.839354886083898e-12,-11.735334469675191
13.671875,Pz,1.7762412284791158e-12,-11.750498053713326
13.916015625,Pz,1.7659575654957266e-12,-11.753019736371398
14.16015625,Pz,1.6518846456570046e-12,-11.782020283591786
14.404296875,Pz,1.6046523297432996e-12,-11.794619049009892
14.6484375,Pz,1.44596843822627e-12,-11.839841186470094
14.892578125,Pz,1.3658068374865937e-12,-11.864610717452095
15.13671875,Pz,1.3666302047300862e-12,-11.864348984899268
15.380859375,Pz,1.333714485669191e-12,-11.874937131866067
15.625,Pz,1.3163901831378226e-12,-11.880615365077885
15.869140625,Pz,1.3020430059620901e-12,-11.885374670957097
16.11328125,Pz,1.1869583820778292e-12,-11.925564508299674
16.357421875,Pz,1.1630305158220054e-12,-11.93440889001855
16.6015625,Pz,1.38798823514382e-12,-11.857614215029416
16.845703125,Pz,1.3483364345248828e-12,-11.870201729887198
17.08984375,Pz,1.3257944081148852e-12,-11.877523817065336
17.333984375,Pz,1.3964683815882885e-12,-11.854968893015025
17.578125,Pz,1.2280700594039258e-12,-11.910776856692713
17.822265625,Pz,1.350683682216287e-12,-11.869446346871923
18.06640625,Pz,1.3394898263311984e-12,-11.873060580588808
18.310546875,Pz,1.2104918888033369e-12,-11.917038116308786
18.5546875,Pz,1.2090078909650569e-12,-11.917570864572316
18.798828125,Pz,1.1980678355744876e-12,-11.92151859114402
19.04296875,Pz,1.2198150227360082e-12,-11.913706022354628
19.287109375,Pz,1.2069520001949072e-12,-11.918310001207535
19.53125,Pz,1.0438005063789949e-12,-11.981382496791202
19.775390625,Pz,9.601776127643025e-13,-12.017648424138851
20.01953125,Pz,9.109995859634345e-13,-12.040481820407722
20.263671875,Pz,8.52376675521242e-13,-12.06936844285156
20.5078125,Pz,7.75312603514774e-13,-12.110523156063476
20.751953125,Pz,8.15765910203266e-13,-12.088434447241463
20.99609375,Pz,7.425261881930301e-13,-12.129288224586968
21.240234375,Pz,6.737001770406877e-13,-12.171533338519692
21.484375,Pz,6.670438296403855e-13,-12.175845628833704
21.728515625,Pz,7.006642706438948e-13,-12.154490028157669
21.97265625,Pz,6.030285696862593e-13,-12.219662111801526
22.216796875,Pz,6.531579524109133e-13,-12.184981781105746
22.4609375,Pz,6.871831048517888e-13,-12.162927526650385
22.705078125,Pz,6.025151537898348e-13,-12.220032025724807
22.94921875,Pz,5.404549247870037e-13,-12.267240521382439
23.193359375,Pz,5.689886437193859e-13,-12.244896401477027
23.4375,Pz,5.18992881798264e-13,-12.284838598638892
23.681640625,Pz,5.504670599980733e-13,-12.259268664138348
23.92578125,Pz,5.47500044890668e-13,-12.261615840879134
24.169921875,Pz,5.006878715526529e-13,-12.300432928636148
24.4140625,Pz,5.225693447962341e-13,-12.281856070644528
24.658203125,Pz,4.218364763073816e-13,-12.374855869418512
24.90234375,Pz,4.594279173161447e-13,-12.337782618265996
25.146484375,Pz,4.786391316957693e-13,-12.319991798023436
25.390625,Pz,4.776071466834384e-13,-12.320929183256494
25.634765625,Pz,4.549436762860582e-13,-12.342042367281984
25.87890625,Pz,4.634200043338541e-13,-12.334025223061596
26.123046875,Pz,4.8303225836243e-13,-12.316023864774397
26.3671875,Pz,4.511198157817662e-13,-12.345708095767147
26.611328125,Pz,4.208738138726794e-13,-12.37584809455224
26.85546875,Pz,4.453590358622956e-13,-12.35128973188465
27.099609375,Pz,4.1408270000449414e-13,-12.382912913543823
27.34375,Pz,3.7218069179270264e-13,-12.429246161203622
27.587890625,Pz,3.72038870397882e-13,-12.429411682920763
27.83203125,Pz,3.649605599976056e-13,-12.437754065682936
28.076171875,Pz,3.449613525331145e-13,-12.46222955803335
28.3203125,Pz,3.391878232749382e-13,-12.469559747156552
28.564453125,Pz,3.208382111467281e-13,-12.49371391376093
28.80859375,Pz,3.247986091865373e-13,-12.488385839110373
29.052734375,Pz,3.376467754345338e-13,-12.471537393486152
29.296875,Pz,3.441894178869242e-13,-12.463202486198938
29.541015625,Pz,3.059847256731411e-13,-12.514300252346642
29.78515625,Pz,3.075545176951324e-13,-12.51207788920386
30.029296875,Pz,3.1597925010792653e-13,-12.500341435924346
30.2734375,Pz,3.161507761060938e-13,-12.500105747717027
30.517578125,Pz,2.772329400931668e-13,-12.55715516925944
30.76171875,Pz,2.818836260711858e-13,-12.549930150497538
31.005859375,Pz,3.167812384500719e-13,-12.49924054765984
31.25,Pz,3.4151017964888023e-13,-12.466596346449663
31.494140625,Pz,2.930493224110094e-13,-12.533059278457417
31.73828125,Pz,2.6970025496806094e-13,-12.569118642975475
31.982421875,Pz,3.0210372704431294e-13,-12.519843916816113
32.2265625,Pz,2.576289954039603e-13,-12.589005259964063
32.470703125,Pz,2.936962967307013e-13,-12.532101529539716
32.71484375,Pz,3.1340877073640934e-13,-12.503888853977429
32.958984375,Pz,2.7719209780784673e-13,-12.55721915475058
33.203125,Pz,2.607347289078361e-13,-12.583801118549664
33.447265625,Pz,2.5814037600362016e-13,-12.588144061693395
33.69140625,Pz,2.847108625645838e-13,-12.54559596291324
33.935546875,Pz,2.751006748637352e-13,-12.56050834421869
34.1796875,Pz,2.641405283597745e-13,-12.578164957775963
34.423828125,Pz,2.571853504425092e-13,-12.589753772929685
34.66796875,Pz,2.377476536804232e-13,-12.62388376039969
34.912109375,Pz,2.414648596410721e-13,-12.617146063150175
35.15625,Pz,2.354604027492643e-13,-12.628082117466745
35.400390625,Pz,2.761012782266731e-13,-12.558931582764917
35.64453125,Pz,2.2870197428091944e-13,-12.640730086308826
35.888671875,Pz,2.335080649981377e-13,-12.63169811499637
36.1328125,Pz,2.805766485169285e-13,-12.551948476722659
36.376953125,Pz,2.9626027039503363e-13,-12.528326585121668
36.62109375,Pz,2.56637036906772e-13,-12.590680667666765
36.865234375,Pz,2.46254762470915e-13,-12.608615361663494
37.109375,Pz,2.7955312904944945e-13,-12.55353564230245
37.353515625,Pz,2.4445050310142744e-13,-12.611809064581578
37.59765625,Pz,2.294895263290537e-13,-12.639237130437367
37.841796875,Pz,2.285592030083996e-13,-12.641001287018286
38.0859375,Pz,2.1421506750440625e-13,-12.66914998493331
38.330078125,Pz,2.422674712397702e-13,-12.61570489378422
38.57421875,Pz,2.454819446486752e-13,-12.609980444998486
38.818359375,Pz,2.285796461384337e-13,-12.640962443946474
39.0625,Pz,2.274070583162632e-13,-12.643196059700035
39.306640625,Pz,1.9531230202839026e-13,-12.7092704011833
39.55078125,Pz,2.0431539861445773e-13,-12.689698900713259
39.794921875,Pz,2.0243921758252026e-13,-12.69370534988652
