frequency,channel,power,log_power
0.0,Fp1,8.213279326243291e-10,-9.085483406956776
0.244140625,Fp1,6.427943599321457e-09,-8.191927942520225
0.48828125,Fp1,2.700715482031533e-09,-8.568521165939238
0.732421875,Fp1,1.272966758566831e-09,-8.895182937084355
0.9765625,Fp1,8.289495792009507e-10,-9.081471884577281
1.220703125,Fp1,4.689270083280504e-10,-9.328894752908319
1.46484375,Fp1,3.9282067011336793e-10,-9.405805667830123
1.708984375,Fp1,2.1954574317313923e-10,-9.658474979121372
1.953125,Fp1,1.7788158717974555e-10,-9.74986900413692
2.197265625,Fp1,1.3698218686234872e-10,-9.863335904744098
2.44140625,Fp1,9.946798834273466e-11,-10.00231666521384
2.685546875,Fp1,8.952251957746729e-11,-10.048067703253698
2.9296875,Fp1,6.793461515399753e-11,-10.167908880509668
3.173828125,Fp1,5.990268565731626e-11,-10.222553706158166
3.41796875,Fp1,5.2991185995611305e-11,-10.275796360433102
3.662109375,Fp1,4.208945011732722e-11,-10.375826748107299
3.90625,Fp1,3.3901700301155645e-11,-10.469778519705722
4.150390625,Fp1,2.994637625160029e-11,-10.5236557231628
4.39453125,Fp1,2.481755695372989e-11,-10.605240972786325
4.638671875,Fp1,1.8914879389152526e-11,-10.723196423643905
4.8828125,Fp1,1.7237099633188234e-11,-10.763535808074478
5.126953125,Fp1,1.665536013024039e-11,-10.778445972346251
5.37109375,Fp1,1.448350781136548e-11,-10.839126242101365
5.615234375,Fp1,1.247140506276111e-11,-10.904084614955414
5.859375,Fp1,1.0875928963126214e-11,-10.963533637699381
6.103515625,Fp1,1.0475672867241272e-11,-10.979818072118727
6.34765625,Fp1,9.419231325901804e-12,-11.025984537179555
6.591796875,Fp1,7.561102866942219e-12,-11.121414853428128
6.8359375,Fp1,6.854876410667569e-12,-11.164000370874316
7.080078125,Fp1,6.529362790814746e-12,-11.185129200032135
7.32421875,Fp1,5.736645006919758e-12,-11.241342024146835
7.568359375,Fp1,6.149492991060454e-12,-11.21116068914516
7.8125,Fp1,5.34523166813933e-12,-11.272033467253296
8.056640625,Fp1,5.5039487262654905e-12,-11.259325620558098
8.30078125,Fp1,4.825907387167037e-12,-11.31642101678866
8.544921875,Fp1,4.0150743227260185e-12,-11.396306411119786
8.7890625,Fp1,4.18608459507087e-12,-11.378191999408406
9.033203125,Fp1,4.158131614085821e-12,-11.381101768403637
9.27734375,Fp1,3.994267350615134e-12,-11.398562869607778
9.521484375,Fp1,3.508971043407077e-12,-11.45482021563766
9.765625,Fp1,3.393663630366039e-12,-11.469331205835475
10.009765625,Fp1,2.8000735509681158e-12,-11.552830560672046
10.25390625,Fp1,2.671327378108144e-12,-11.573272884800291
10.498046875,Fp1,2.9077095287625567e-12,-11.536448980328943
10.7421875,Fp1,2.6135022142347284e-12,-11.582777127619218
10.986328125,Fp1,2.472137898393059e-12,-11.60692730751493
11.23046875,Fp1,2.2721034115620228e-12,-11.64357190621423
11.474609375,Fp1,2.3107458955075987e-12,-11.636247809711886
11.71875,Fp1,1.949123727114111e-12,-11.710160591720033
11.962890625,Fp1,1.70408600302025e-12,-11.768508490734467
12.20703125,Fp1,1.833287340914904e-12,-11.736769460409464
12.451171875,Fp1,1.8341442262967083e-12,-11.736566516963679
12.6953125,Fp1,1.8403836685426032e-12,-11.73509162929406
12.939453125,Fp1,1.8023255177436648e-12,-11.744166768411002
13.18359375,Fp1,1.690336229127869e-12,-11.772026900160839
13.427734375,Fp1,1.6111137376365322e-12,-11.79287379919324
13.671875,Fp1,1.6612354895659366e-12,-11.779568799475225
13.916015625,Fp1,1.354816952587851e-12,-11.868119377742424
14.16015625,Fp1,1.2909605947825136e-12,-11.8890870139146
14.404296875,Fp1,1.3369935163265813e-12,-11.873870698819104
14.6484375,Fp1,1.1731539994965301e-12,-11.93064497446449
14.892578125,Fp1,1.2802074152964508e-12,-11.892719661585625
15.13671875,Fp1,1.2557558884638081e-12,-11.901094776679189
15.380859375,Fp1,1.1515904078367582e-12,-11.93870196123136
15.625,Fp1,1.1688673932727117e-12,-11.932234756277495
15.869140625,Fp1,1.1521370203672062e-12,-11.93849586843821
16.11328125,Fp1,1.1331019692782922e-12,-11.945731005668634
16.357421875,Fp1,1.1054664949858908e-12,-11.956454415693365
16.6015625,Fp1,1.0597576178832322e-12,-11.974793452898208
16.845703125,Fp1,1.0092244161908503e-12,-11.996012251130399
17.08984375,Fp1,8.80790295543982e-13,-12.05512747902145
17.333984375,Fp1,9.115884546045464e-13,-12.04020118385727
17.578125,Fp1,1.0532623877236525e-12,-11.977463424308032
17.822265625,Fp1,9.426899762813602e-13,-12.025631110791535
18.06640625,Fp1,9.08829074890712e-13,-12.0415177876381
18.310546875,Fp1,9.45676634121881e-13,-12.02425734142506
18.5546875,Fp1,8.532867205065342e-13,-12.068905013134046
18.798828125,Fp1,8.501951337024078e-13,-12.070481385151346
19.04296875,Fp1,8.147757898620347e-13,-12.088961884047835
19.287109375,Fp1,6.449919792231891e-13,-12.190445685986079
19.53125,Fp1,6.947935619665245e-13,-12.158144214426676
19.775390625,Fp1,7.789007189627193e-13,-12.10851789528566
20.01953125,Fp1,6.820481562684056e-13,-12.166184960734578
20.263671875,Fp1,6.935774119501653e-13,-12.158905059166708
20.5078125,Fp1,6.949542739519955e-13,-12.158043769832378
20.751953125,Fp1,6.802079467866239e-13,-12.167358298564103
20.99609375,Fp1,7.038138842659358e-13,-12.152542170009204
21.240234375,Fp1,6.941982597158557e-13,-12.158516479395157
21.484375,Fp1,6.7649350397209e-13,-12.16973636935848
21.728515625,Fp1,6.390134334357005e-13,-12.194490011942264
21.97265625,Fp1,6.584040413916059e-13,-12.1815075120171
22.216796875,Fp1,6.348959534309276e-13,-12.197297440933554
22.4609375,Fp1,6.970603600730745e-13,-12.156729613707352
22.705078125,Fp1,6.728740282938304e-13,-12.172066234346135
22.94921875,Fp1,5.599081471879269e-13,-12.251883213067586
23.193359375,Fp1,5.420552480192274e-13,-12.265956446511288
23.4375,Fp1,5.10046542361912e-13,-12.292390192198749
23.681640625,Fp1,5.140903307771253e-13,-12.288960564445803
23.92578125,Fp1,5.485467619987327e-13,-12.260786344183401
24.169921875,Fp1,5.171587741329544e-13,-12.286376102662826
24.4140625,Fp1,4.941518377246556e-13,-12.306139585177766
24.658203125,Fp1,5.449679193528068e-13,-12.263629062600652
24.90234375,Fp1,5.672878427577531e-13,-12.246196523468257
25.146484375,Fp1,5.188289246445724e-13,-12.284975820052564
25.390625,Fp1,6.092216100170809e-13,-12.21522469997697
25.634765625,Fp1,5.736614381967728e-13,-12.241344342624476
25.87890625,Fp1,5.738059130335673e-13,-12.24123498068985
26.123046875,Fp1,6.184909290349407e-13,-12.208666665475377
26.3671875,Fp1,5.994157102031192e-13,-12.222271878732528
26.611328125,Fp1,5.110014403314053e-13,-12.291577875741805
26.85546875,Fp1,5.84340451204663e-13,-12.23333404843748
27.099609375,Fp1,5.867210426118783e-13,-12.231568335635137
27.34375,Fp1,5.198061541012935e-13,-12.284158583095085
27.587890625,Fp1,5.862683852589039e-13,-12.231903524675511
27.83203125,Fp1,6.208420966780226e-13,-12.207018843078584
28.076171875,Fp1,6.480625569761299e-13,-12.188383069996327
28.3203125,Fp1,6.480488508782729e-13,-12.18839225513679
28.564453125,Fp1,6.521455350161566e-13,-12.185655474818098
28.80859375,Fp1,6.875591781961905e-13,-12.162689916176985
29.052734375,Fp1,5.705916386574737e-13,-12.243674596701947
29.296875,Fp1,6.141463929561223e-13,-12.21172809453475
29.541015625,Fp1,5.42514830522745e-13,-12.265588385173155
29.78515625,Fp1,5.205652596458359e-13,-12.283524818262014
30.029296875,Fp1,5.15542181456427e-13,-12.28773579512477
30.2734375,Fp1,5.589822499541339e-13,-12.252601982577556
30.517578125,Fp1,5.83387451755765e-13,-12.234042916475577
30.76171875,Fp1,5.404915755287891e-13,-12.267211070868623
31.005859375,Fp1,4.990865553768648e-13,-12.301824129200766
31.25,Fp1,5.355944541087844e-13,-12.271163928602563
31.494140625,Fp1,4.3959934225098494e-13,-12.356942966059696
31.73828125,Fp1,5.115673774206176e-13,-12.291097158208125
31.982421875,Fp1,5.223204887221725e-13,-12.282062938044955
32.2265625,Fp1,5.005741469426892e-13,-12.300531584072715
32.470703125,Fp1,5.803893300906965e-13,-12.236280580254508
32.71484375,Fp1,5.465748960163816e-13,-12.262350319170855
32.958984375,Fp1,5.724574581126722e-13,-12.242256782164329
33.203125,Fp1,5.44288446539263e-13,-12.264170884234273
33.447265625,Fp1,4.71345352394516e-13,-12.326660770834318
33.69140625,Fp1,5.060105386325672e-13,-12.295840438056823
33.935546875,Fp1,5.756561638753162e-13,-12.23983684074098
34.1796875,Fp1,5.34124465481324e-13,-12.272357528789543
34.423828125,Fp1,4.516087904738162e-13,-12.345237613210497
34.66796875,Fp1,4.564007440167208e-13,-12.340653656273776
34.912109375,Fp1,4.28048308123488e-13,-12.368507215174787
35.15625,Fp1,4.547087707466291e-13,-12.342266668732814
35.400390625,Fp1,4.3128982019015524e-13,-12.365230792462482
35.64453125,Fp1,5.10471066400076e-13,-12.29202886877569
35.888671875,Fp1,5.347489833471989e-13,-12.2718500324266
36.1328125,Fp1,4.73101037653913e-13,-12.325046099411011
36.376953125,Fp1,4.3173931431294094e-13,-12.364778402555766
36.62109375,Fp1,4.429046287569581e-13,-12.353689780918446
36.865234375,Fp1,4.13004501565278e-13,-12.384045214701212
37.109375,Fp1,3.9646431713759414e-13,-12.401795894267186
37.353515625,Fp1,4.328884243858983e-13,-12.363624027244231
37.59765625,Fp1,4.0994735807842e-13,-12.387271908070199
37.841796875,Fp1,4.1301593366834746e-13,-12.384033193450724
38.0859375,Fp1,3.6994068575424585e-13,-12.43186790272926
38.330078125,Fp1,3.9564788410707853e-13,-12.402691152502065
38.57421875,Fp1,4.335227737132222e-13,-12.362988083336104
38.818359375,Fp1,4.4472633154230264e-13,-12.351907155900802
39.0625,Fp1,3.688546226273525e-13,-12.433144769426772
39.306640625,Fp1,4.0583360054869414e-13,-12.391651998877872
39.55078125,Fp1,3.934505283395413e-13,-12.405109867167301
39.794921875,Fp1,4.151640468701637e-13,-12.38178026335317
0.0,Fp2,7.644798552500974e-10,-9.116633954161392
0.244140625,Fp2,6.713514276831505e-09,-8.173050083183723
0.48828125,Fp2,2.92717276190008e-09,-8.533551644725168
0.732421875,Fp2,1.2809999058351579e-09,-8.892450902179805
0.9765625,Fp2,9.164883393775373e-10,-9.037873056262274
1.220703125,Fp2,4.922616517609828e-10,-9.307803995381596
1.46484375,Fp2,3.906320892342607e-10,-9.40823208361615
1.708984375,Fp2,2.3298761224017647e-10,-9.632667169440742
1.953125,Fp2,1.8866373618891436e-10,-9.724311569292176
2.197265625,Fp2,1.4968755134385184e-10,-9.824814315939346
2.44140625,Fp2,1.0230316645311291e-10,-9.99011092394344
2.685546875,Fp2,9.066720616425011e-11,-10.042549766492893
2.9296875,Fp2,7.362593732815802e-11,-10.132969163188129
3.173828125,Fp2,6.263934885448975e-11,-10.203152765483507
3.41796875,Fp2,5.3245398356495777e-11,-10.273717919433567
3.662109375,Fp2,4.2448695420540616e-11,-10.372135652425131
3.90625,Fp2,3.5034045128181875e-11,-10.455509714939717
4.150390625,Fp2,3.3638539089330636e-11,-10.473162873730825
4.39453125,Fp2,2.5488444390416367e-11,-10.593656669563064
4.638671875,Fp2,2.0299413393100384e-11,-10.692516512028684
4.8828125,Fp2,1.7385883364167117e-11,-10.759803238231406
5.126953125,Fp2,1.7726435350085457e-11,-10.751378588901826
5.37109375,Fp2,1.63207023630401e-11,-10.78726115527401
5.615234375,Fp2,1.4067082810247655e-11,-10.851795955924743
5.859375,Fp2,1.151402878135829e-11,-10.938772689283399
6.103515625,Fp2,1.1503243064387248e-11,-10.93917970343678
6.34765625,Fp2,1.0452525572922688e-11,-10.980778761240774
6.591796875,Fp2,8.293004170478268e-12,-11.081288116214779
6.8359375,Fp2,6.853538544812399e-12,-11.164085140377159
7.080078125,Fp2,6.544179108073354e-12,-11.184144822939507
7.32421875,Fp2,6.231937864699709e-12,-11.205376885430578
7.568359375,Fp2,6.574548902864899e-12,-11.182134039905481
7.8125,Fp2,5.4506092955324726e-12,-11.263554947467
8.056640625,Fp2,5.835558803821612e-12,-11.233917550279067
8.30078125,Fp2,5.486742297169653e-12,-11.260685437388297
8.544921875,Fp2,4.446375003924059e-12,-11.351993912022344
8.7890625,Fp2,4.505618203041619e-12,-11.346245612287584
9.033203125,Fp2,4.196119423098342e-12,-11.377152160122291
9.27734375,Fp2,4.107580151901151e-12,-11.386413953349075
9.521484375,Fp2,4.036770110351777e-12,-11.393965982481808
9.765625,Fp2,3.517645309487351e-12,-11.453747953365834
10.009765625,Fp2,2.8919122225966146e-12,-11.538814893196477
10.25390625,Fp2,2.7766832535481134e-12,-11.5564736589901
10.498046875,Fp2,2.9741594348326467e-12,-11.526635754101859
10.7421875,Fp2,2.689383557398236e-12,-11.570347254681696
10.986328125,Fp2,2.5645609859304776e-12,-11.590986968839148
11.23046875,Fp2,2.3039144674586967e-12,-11.637533648078787
11.474609375,Fp2,2.253987603575285e-12,-11.647048476805287
11.71875,Fp2,2.1251904112627438e-12,-11.672602152269675
11.962890625,Fp2,1.7913961120948762e-12,-11.746808372679094
12.20703125,Fp2,2.0597879433631552e-12,-11.686177488255941
12.451171875,Fp2,1.8963267125901853e-12,-11.722086837223943
12.6953125,Fp2,1.8150852751322772e-12,-11.741102966413317
12.939453125,Fp2,1.78388297765322e-12,-11.74863363865182
13.18359375,Fp2,1.5286115764537984e-12,-11.815702855747404
13.427734375,Fp2,1.5030325606368465e-12,-11.823031611061968
13.671875,Fp2,1.6548033676872174e-12,-11.781253603943744
13.916015625,Fp2,1.5473711281624314e-12,-11.810405510746298
14.16015625,Fp2,1.468019877787226e-12,-11.833268063796748
14.404296875,Fp2,1.3573339398553625e-12,-11.867313291327273
14.6484375,Fp2,1.1346669155330688e-12,-11.945131608053329
14.892578125,Fp2,1.185667364733984e-12,-11.92603713384086
15.13671875,Fp2,1.173519005291784e-12,-11.930509872553236
15.380859375,Fp2,1.1869168498584444e-12,-11.925579704729088
15.625,Fp2,1.1677862187210029e-12,-11.932636654250631
15.869140625,Fp2,1.1371536325037117e-12,-11.944180856999814
16.11328125,Fp2,1.1254400445739564e-12,-11.94867763616257
16.357421875,Fp2,9.478800746703078e-13,-12.023246605914611
16.6015625,Fp2,9.008335967348049e-13,-12.045355425107685
16.845703125,Fp2,9.688606626283878e-13,-12.01373867682209
17.08984375,Fp2,9.475425386073449e-13,-12.023401283874145
17.333984375,Fp2,9.12231851931763e-13,-12.039894767792628
17.578125,Fp2,9.652225335730938e-13,-12.015372547836376
17.822265625,Fp2,8.876541656346678e-13,-12.051756204503903
18.06640625,Fp2,8.776096268146563e-13,-12.056698621475332
18.310546875,Fp2,8.604103669577367e-13,-12.065294365502828
18.5546875,Fp2,7.522973719340117e-13,-12.123610455336934
18.798828125,Fp2,8.057073975110242e-13,-12.093822648912152
19.04296875,Fp2,8.149604809315329e-13,-12.088863450560012
19.287109375,Fp2,7.672232954747227e-13,-12.115078218998852
19.53125,Fp2,8.401111188372004e-13,-12.075663267383113
19.775390625,Fp2,7.820207714036949e-13,-12.106781711407924
20.01953125,Fp2,7.292630230292384e-13,-12.137115806595348
20.263671875,Fp2,8.078122204019785e-13,-12.09268958120688
20.5078125,Fp2,8.104328210713705e-13,-12.091282979146355
20.751953125,Fp2,7.569390719379419e-13,-12.120939076624186
20.99609375,Fp2,8.330172008044368e-13,-12.079346030841322
21.240234375,Fp2,8.16001353516143e-13,-12.088309120873461
21.484375,Fp2,7.068118437931265e-13,-12.150696181787085
21.728515625,Fp2,7.225673730217059e-13,-12.14112165256116
21.97265625,Fp2,7.26764271830712e-13,-12.138606431017505
22.216796875,Fp2,7.366183557198854e-13,-12.132757463205063
22.4609375,Fp2,7.686159377362997e-13,-12.114290614408274
22.705078125,Fp2,6.865958698807026e-13,-12.163298813338779
22.94921875,Fp2,5.89555813856385e-13,-12.22947507351646
23.193359375,Fp2,5.822284232375153e-13,-12.234906596983949
23.4375,Fp2,5.681249650918998e-13,-12.245556126118922
23.681640625,Fp2,5.913397003306036e-13,-12.228162963118722
23.92578125,Fp2,6.396923356672621e-13,-12.194028852654887
24.169921875,Fp2,6.583238932644534e-13,-12.1815603823003
24.4140625,Fp2,5.993867678746074e-13,-12.222292848815254
24.658203125,Fp2,6.026412267368721e-13,-12.219941161524442
24.90234375,Fp2,6.584805620196486e-13,-12.1814570406448
25.146484375,Fp2,6.186331452948561e-13,-12.208566814961639
25.390625,Fp2,6.284395234603329e-13,-12.201736509372108
25.634765625,Fp2,6.289007619441696e-13,-12.201417879102033
25.87890625,Fp2,6.72117115784676e-13,-12.172555044941147
26.123046875,Fp2,7.535400901218772e-13,-12.122893637237139
26.3671875,Fp2,7.243134672894966e-13,-12.140073439809445
26.611328125,Fp2,7.340356722268129e-13,-12.134282833987452
26.85546875,Fp2,8.395994178183624e-13,-12.075927871231086
27.099609375,Fp2,7.112623842198705e-13,-12.147970158766954
27.34375,Fp2,6.394027432324471e-13,-12.194225504804777
27.587890625,Fp2,7.346117566419998e-13,-12.133942125536207
27.83203125,Fp2,6.857001270033013e-13,-12.163865770095908
28.076171875,Fp2,7.600142672242732e-13,-12.119178254931557
28.3203125,Fp2,7.544776538860359e-13,-12.122353618628887
28.564453125,Fp2,7.571698425483469e-13,-12.12080669195555
28.80859375,Fp2,7.03814558317269e-13,-12.152541754080161
29.052734375,Fp2,6.77048381827423e-13,-12.169380295554294
29.296875,Fp2,6.539451502547833e-13,-12.18445867666143
29.541015625,Fp2,6.119833743701489e-13,-12.21326037608545
29.78515625,Fp2,5.713534472593782e-13,-12.243095147960963
30.029296875,Fp2,6.170539870079501e-13,-12.209676837208342
30.2734375,Fp2,6.19066370133959e-13,-12.208262787752474
30.517578125,Fp2,5.949147150487628e-13,-12.225545288789874
30.76171875,Fp2,5.2079530439669e-13,-12.283332940115363
31.005859375,Fp2,5.747936972303578e-13,-12.240488002669133
31.25,Fp2,5.721346189346339e-13,-12.242501772986987
31.494140625,Fp2,5.195692525356836e-13,-12.284356557847659
31.73828125,Fp2,5.633612624025717e-13,-12.24921301908826
31.982421875,Fp2,5.458503701659437e-13,-12.262926390843157
32.2265625,Fp2,4.555753630690901e-13,-12.341439770046081
32.470703125,Fp2,4.2445248161531963e-13,-12.372170922916824
32.71484375,Fp2,4.683834515943869e-13,-12.329398457340494
32.958984375,Fp2,4.800795811896049e-13,-12.318686765110321
33.203125,Fp2,4.881234921129265e-13,-12.311470290377697
33.447265625,Fp2,4.691852433622773e-13,-12.328655655608332
33.69140625,Fp2,6.606374989680248e-13,-12.180036778612086
33.935546875,Fp2,6.260101920435104e-13,-12.20341859600327
34.1796875,Fp2,5.393325027356214e-13,-12.268143406277057
34.423828125,Fp2,4.4075072821382693e-13,-12.355806961481312
34.66796875,Fp2,5.492844430916129e-13,-12.260202700951595
34.912109375,Fp2,4.512202130117725e-13,-12.345611453787896
35.15625,Fp2,5.11325582684322e-13,-12.291302478072035
35.400390625,Fp2,5.043462971592759e-13,-12.29727116335402
35.64453125,Fp2,4.705953322785376e-13,-12.327352384800728
35.888671875,Fp2,4.862086279192131e-13,-12.313177338737319
36.1328125,Fp2,5.099535178594516e-13,-12.292469407935664
36.376953125,Fp2,5.65977851814244e-13,-12.247200563552118
36.62109375,Fp2,5.251365162750858e-13,-12.279727781245658
36.865234375,Fp2,4.338310737487882e-13,-12.362679344266697
37.109375,Fp2,4.952353751698445e-13,-12.305188340780465
37.353515625,Fp2,5.233206688953617e-13,-12.281232112174273
37.59765625,Fp2,5.232964462911332e-13,-12.281252214546388
37.841796875,Fp2,6.288472647359367e-13,-12.201454823771162
38.0859375,Fp2,5.510674459419279e-13,-12.258795243965231
38.330078125,Fp2,4.938490839953408e-13,-12.3064057474358
38.57421875,Fp2,4.943702604129815e-13,-12.30594766277161
38.818359375,Fp2,5.124508274642856e-13,-12.290347801268252
39.0625,Fp2,4.639519888085053e-13,-12.333526959260553
39.306640625,Fp2,4.853906977392909e-13,-12.313908550952593
39.55078125,Fp2,4.930999381399476e-13,-12.307065051951687
39.794921875,Fp2,4.822188545740328e-13,-12.31675581287732
0.0,F3,9.445141755752675e-10,-9.02479151966071
0.244140625,F3,8.642718854029083e-09,-8.063349614285555
0.48828125,F3,2.3045256241832013e-09,-8.637418458561593
0.732421875,F3,8.880263517049754e-10,-9.051574146574715
0.9765625,F3,5.078442869275488e-10,-9.294269428847109
1.220703125,F3,3.2698518238494675e-10,-9.485471927322157
1.46484375,F3,2.2866114899598267e-10,-9.640807618558869
1.708984375,F3,1.5835366186037283e-10,-9.800371889302708
1.953125,F3,1.3323012443991428e-10,-9.875397566465718
2.197265625,F3,9.682294004108398e-11,-10.014021734086851
2.44140625,F3,7.479457365373904e-11,-10.126129909056967
2.685546875,F3,6.264911705506482e-11,-10.203085045353236
2.9296875,F3,4.8171857433324974e-11,-10.31720660763011
3.173828125,F3,4.1865240621481246e-11,-10.378146408330494
3.41796875,F3,3.689475611304005e-11,-10.433035356144643
3.662109375,F3,3.078120259898076e-11,-10.511714416606601
3.90625,F3,2.4345833646306463e-11,-10.61357534981835
4.150390625,F3,2.1611785715532365e-11,-10.665309347213872
4.39453125,F3,1.7908707503905252e-11,-10.746935756651085
4.638671875,F3,1.5212607601418257e-11,-10.817796336910643
4.8828125,F3,1.4087484611631872e-11,-10.851166545344205
5.126953125,F3,1.2005411813106724e-11,-10.920622938056571
5.37109375,F3,1.0894424795665015e-11,-10.962795694712193
5.615234375,F3,9.321200593424502e-12,-11.030528145852207
5.859375,F3,8.973754508744587e-12,-11.047025815453255
6.103515625,F3,8.11029839404143e-12,-11.090963166935374
6.34765625,F3,7.412161599995306e-12,-11.13005512075881
6.591796875,F3,6.098018764038274e-12,-11.214811243613514
6.8359375,F3,5.444517815940812e-12,-11.264040576725268
7.080078125,F3,5.587976534802518e-12,-11.252745426256348
7.32421875,F3,5.017305812988911e-12,-11.299529427207068
7.568359375,F3,4.957139006245646e-12,-11.304768902599994
7.8125,F3,4.377669611653412e-12,-11.358757018293486
8.056640625,F3,4.623597345868247e-12,-11.335019994241888
8.30078125,F3,4.1167795991168004e-12,-11.38544238329389
8.544921875,F3,3.4036786986711266e-12,-11.468051443293703
8.7890625,F3,3.406010344832056e-12,-11.467754037319791
9.033203125,F3,3.229688837491077e-12,-11.490839317504872
9.27734375,F3,3.107486096726934e-12,-11.50759080576863
9.521484375,F3,2.93245846546408e-12,-11.532768130396578
9.765625,F3,2.691871341384295e-12,-11.569945701157616
10.009765625,F3,2.236300181147768e-12,-11.650469901024435
10.25390625,F3,2.2531200158643087e-12,-11.647215674303954
10.498046875,F3,2.380766696643499e-12,-11.623283161220371
10.7421875,F3,2.148797595133325e-12,-11.66780449072381
10.986328125,F3,2.083042318615602e-12,-11.681301906934372
11.23046875,F3,1.948159103838168e-12,-11.71037557769492
11.474609375,F3,2.0889375630576037e-12,-11.68007454059642
11.71875,F3,1.6833278821978929e-12,-11.773831282978353
11.962890625,F3,1.5713489393584236e-12,-11.80372736326645
12.20703125,F3,1.654459742829074e-12,-11.781343795853719
12.451171875,F3,1.5570968392309664e-12,-11.807684376875802
12.6953125,F3,1.6195277743253205e-12,-11.790611599594037
12.939453125,F3,1.579723370202426e-12,-11.801418956914516
13.18359375,F3,1.457605613793484e-12,-11.836359967734662
13.427734375,F3,1.4350059996430904e-12,-11.843146283176372
13.671875,F3,1.29543777078349e-12,-11.88758344447241
13.916015625,F3,1.191736923834687e-12,-11.923819604609728
14.16015625,F3,1.0644674503884501e-12,-11.972867614012236
14.404296875,F3,1.128727093967438e-12,-11.947411050024602
14.6484375,F3,9.593111869525716e-13,-12.018040491000221
14.892578125,F3,1.0720796636680392e-12,-11.969772942063045
15.13671875,F3,1.0554003570359495e-12,-11.976582763239513
15.380859375,F3,9.367020105424789e-13,-12.028398547596815
15.625,F3,9.756316508738518e-13,-12.010714119001099
15.869140625,F3,9.465570380860973e-13,-12.023853210987355
16.11328125,F3,9.810934140797366e-13,-12.008289639625234
16.357421875,F3,8.903830457414573e-13,-12.050423118227517
16.6015625,F3,8.478397612610148e-13,-12.071686220120553
16.845703125,F3,9.134945838682013e-13,-12.039294023246448
17.08984375,F3,7.072102403106729e-13,-12.15045145942284
17.333984375,F3,8.406529268220938e-13,-12.075383270643714
17.578125,F3,8.433186645583254e-13,-12.074008287642794
17.822265625,F3,7.874930699480122e-13,-12.103753259375289
18.06640625,F3,7.403461721838359e-13,-12.130565164707551
18.310546875,F3,7.448486271038812e-13,-12.127931978383431
18.5546875,F3,7.309581980139222e-13,-12.136107458734317
18.798828125,F3,6.83180617417989e-13,-12.165464463554153
19.04296875,F3,6.818840880751854e-13,-12.166289443800522
19.287109375,F3,5.951689409428289e-13,-12.2253597406495
19.53125,F3,6.09816716848985e-13,-12.214800674533185
19.775390625,F3,6.555469696120833e-13,-12.183396185876946
20.01953125,F3,5.958474360838909e-13,-12.224864925072954
20.263671875,F3,5.531660911643956e-13,-12.257144449805574
20.5078125,F3,5.791498884163193e-13,-12.237209022994934
20.751953125,F3,5.749830487680524e-13,-12.24034495867561
20.99609375,F3,5.612491817700865e-13,-12.250844279134268
21.240234375,F3,5.85915969231534e-13,-12.23216466506703
21.484375,F3,5.656780193547717e-13,-12.247430696384914
21.728515625,F3,6.000820203636191e-13,-12.221789385354956
21.97265625,F3,5.444341297336053e-13,-12.264054657365895
22.216796875,F3,5.382401827038465e-13,-12.269023882798352
22.4609375,F3,5.315729059466504e-13,-12.274437162977108
22.705078125,F3,5.170761257085683e-13,-12.286445513886003
22.94921875,F3,4.2563064383594453e-13,-12.37096711198706
23.193359375,F3,4.243847927693801e-13,-12.372240186822232
23.4375,F3,4.330256945982923e-13,-12.363486332997274
23.681640625,F3,3.894505953960629e-13,-12.409547627870097
23.92578125,F3,4.362952070572648e-13,-12.360219557950643
24.169921875,F3,4.135008516494703e-13,-12.383523591634326
24.4140625,F3,3.990403762908773e-13,-12.39898315866623
24.658203125,F3,4.2512714452184685e-13,-12.371481164287907
24.90234375,F3,4.0534106255667997e-13,-12.392179398383988
25.146484375,F3,3.902879860761489e-13,-12.408614817053719
25.390625,F3,4.033159085635327e-13,-12.39435464715902
25.634765625,F3,4.0325531570789437e-13,-12.394419899035368
25.87890625,F3,4.1774513488946134e-13,-12.37908859925136
26.123046875,F3,4.3863464752149676e-13,-12.357897066609485
26.3671875,F3,4.0544590407386645e-13,-12.392067082585841
26.611328125,F3,3.509063240841688e-13,-12.454808804796539
26.85546875,F3,3.707710075707949e-13,-12.430894232845485
27.099609375,F3,3.868794877066939e-13,-12.41242429589765
27.34375,F3,3.3008315214719304e-13,-12.48137664203211
27.587890625,F3,3.99154533293444e-13,-12.39885893397868
27.83203125,F3,4.019893968465712e-13,-12.3957854020194
28.076171875,F3,3.9831682783011147e-13,-12.399771345412463
28.3203125,F3,4.08782106912361e-13,-12.388508122264966
28.564453125,F3,3.8159389164105993e-13,-12.418398585875211
28.80859375,F3,3.82564296056013e-13,-12.417295564233987
29.052734375,F3,3.3488506442601774e-13,-12.475104221173202
29.296875,F3,3.450521139142133e-13,-12.462115307604552
29.541015625,F3,3.5453574670108693e-13,-12.45033996975495
29.78515625,F3,3.319472471755008e-13,-12.478930928587921
30.029296875,F3,3.275202407189939e-13,-12.484761855486123
30.2734375,F3,3.9359225051993005e-13,-12.40495346102719
30.517578125,F3,4.145386520040305e-13,-12.382434969168104
30.76171875,F3,3.699534628032003e-13,-12.431852903281388
31.005859375,F3,3.344589505458079e-13,-12.475657177284555
31.25,F3,3.286108398874449e-13,-12.483318114590384
31.494140625,F3,3.139109222128806e-13,-12.503193573200049
31.73828125,F3,3.3931537324450223e-13,-12.469396463478935
31.982421875,F3,3.1823262704044106e-13,-12.497255296036961
32.2265625,F3,3.226299509812635e-13,-12.491295317845688
32.470703125,F3,3.36945137887074e-13,-12.47244080610946
32.71484375,F3,3.243103455399232e-13,-12.489039197058645
32.958984375,F3,3.081385385813109e-13,-12.511253981506123
33.203125,F3,3.060855275222287e-13,-12.514157204430191
33.447265625,F3,3.0772581791465133e-13,-12.511836065314155
33.69140625,F3,3.20153438862281e-13,-12.494641828929954
33.935546875,F3,3.4979624286943533e-13,-12.456184859550982
34.1796875,F3,3.2167703506377705e-13,-12.49257994283158
34.423828125,F3,3.0171939041595045e-13,-12.520396778389662
34.66796875,F3,3.41955005924167e-13,-12.466031034190552
34.912109375,F3,2.963365933523768e-13,-12.528214716019999
35.15625,F3,2.8726353164246125e-13,-12.541719504574447
35.400390625,F3,2.597168637431589e-13,-12.585499850167308
35.64453125,F3,2.740372028104679e-13,-12.562190474119296
35.888671875,F3,3.1052891581017493e-13,-12.507897953000786
36.1328125,F3,2.763627161387964e-13,-12.558520547648678
36.376953125,F3,2.810644666888494e-13,-12.551194056194047
36.62109375,F3,2.7919200074457144e-13,-12.554097029036912
36.865234375,F3,2.752760802603551e-13,-12.560231524394021
37.109375,F3,2.7910069520898124e-13,-12.554239081730472
37.353515625,F3,3.0325833024851375e-13,-12.518187260597339
37.59765625,F3,2.863927721261757e-13,-12.543037946787814
37.841796875,F3,2.8460641698255493e-13,-12.545755312162148
38.0859375,F3,2.680796608520309e-13,-12.571736134599018
38.330078125,F3,2.820570632718863e-13,-12.549663020201677
38.57421875,F3,2.8060789952879493e-13,-12.551900107101405
38.818359375,F3,2.916265007338721e-13,-12.535173013277445
39.0625,F3,2.532694309085707e-13,-12.596417225483373
39.306640625,F3,3.060617869627897e-13,-12.51419089041957
39.55078125,F3,2.789748581423813e-13,-12.55443493458316
39.794921875,F3,2.764000904104925e-13,-12.558461819240055
0.0,F4,8.238654722698185e-10,-9.084143697793973
0.244140625,F4,7.6249283128872e-09,-8.117764235058404
0.48828125,F4,2.5011901864018284e-09,-8.601853283973416
0.732421875,F4,9.065159291495527e-10,-9.04262456014986
0.9765625,F4,5.292082080389868e-10,-9.276373428508734
1.220703125,F4,3.2906588895311926e-10,-9.48271713443984
1.46484375,F4,2.26354549524238e-10,-9.645210772149884
1.708984375,F4,1.5972803907508888e-10,-9.796618839987277
1.953125,F4,1.3558444365817378e-10,-9.867790136582355
2.197265625,F4,9.661560112005583e-11,-10.01495273969959
2.44140625,F4,7.493669186852265e-11,-10.125305483045766
2.685546875,F4,6.410286807174709e-11,-10.193122538969979
2.9296875,F4,5.1821619401603476e-11,-10.285489019636735
3.173828125,F4,4.24028756050795e-11,-10.372604690174468
3.41796875,F4,3.6765318868947525e-11,-10.434561663000446
3.662109375,F4,3.0756482131402413e-11,-10.512063339816303
3.90625,F4,2.4882710888671703e-11,-10.604102306462888
4.150390625,F4,2.2663597479150058e-11,-10.644671151783434
4.39453125,F4,1.8436217985338128e-11,-10.73432816552529
4.638671875,F4,1.5888237564494494e-11,-10.798924275131567
4.8828125,F4,1.3727186073290635e-11,-10.862418479375753
5.126953125,F4,1.179595875484252e-11,-10.928266754649878
5.37109375,F4,1.0985361631562283e-11,-10.959185641792457
5.615234375,F4,1.0277392477151151e-11,-10.9881170581452
5.859375,F4,9.316174203371814e-12,-11.030762399178172
6.103515625,F4,8.630107835603977e-12,-11.063983777620228
6.34765625,F4,7.710722926212613e-12,-11.112904902345079
6.591796875,F4,6.317254696870886e-12,-11.199471613019243
6.8359375,F4,5.222247516388536e-12,-11.282142547975686
7.080078125,F4,5.3460272953532536e-12,-11.271968828184974
7.32421875,F4,4.950412274724411e-12,-11.30535863113068
7.568359375,F4,5.1380265082986015e-12,-11.289203659435552
7.8125,F4,4.489735772759474e-12,-11.347779217083344
8.056640625,F4,4.8048598350647044e-12,-11.318319276829113
8.30078125,F4,4.504917138816289e-12,-11.346313192806074
8.544921875,F4,3.614465657267261e-12,-11.441955897332887
8.7890625,F4,3.65656736771612e-12,-11.436926420829135
9.033203125,F4,3.354470251709635e-12,-11.47437605520431
9.27734375,F4,3.175445053987345e-12,-11.498195397633316
9.521484375,F4,3.287395813642946e-12,-11.483148002236621
9.765625,F4,2.817945915629731e-12,-11.550067346488895
10.009765625,F4,2.306587244425654e-12,-11.637030113977433
10.25390625,F4,2.2941927312725157e-12,-11.639370100553231
10.498046875,F4,2.4226869142262495e-12,-11.615702706460667
10.7421875,F4,2.16906037583543e-12,-11.663728359222674
10.986328125,F4,2.1001958981299546e-12,-11.677740194071374
11.23046875,F4,1.9467086559321507e-12,-11.710699040050946
11.474609375,F4,1.9878057769719026e-12,-11.70162605158359
11.71875,F4,1.7341560198779897e-12,-11.760911832163206
11.962890625,F4,1.4658473784513341e-12,-11.833911245347624
12.20703125,F4,1.7029308603230218e-12,-11.76880298420988
12.451171875,F4,1.6017992766262418e-12,-11.795391906800635
12.6953125,F4,1.5122274048167648e-12,-11.820382895851333
12.939453125,F4,1.4983078206192317e-12,-11.824398953617235
13.18359375,F4,1.3223504855866236e-12,-11.878653420960427
13.427734375,F4,1.281964548392638e-12,-11.89212398468486
13.671875,F4,1.3076989265486802e-12,-11.883492232761986
13.916015625,F4,1.2610933749543738e-12,-11.89925275583287
14.16015625,F4,1.2399589263755136e-12,-11.90659270059898
14.404296875,F4,1.1509752962223325e-12,-11.93893399768164
14.6484375,F4,9.713101770313206e-13,-12.012642060862282
14.892578125,F4,1.0260987733125814e-12,-11.988810831582967
15.13671875,F4,1.028098302566373e-12,-11.987965357888372
15.380859375,F4,9.404934247478878e-13,-12.026644236376963
15.625,F4,9.408149369023858e-13,-12.026495796111913
15.869140625,F4,9.304136515207398e-13,-12.031323926034734
16.11328125,F4,1.004843033970448e-12,-11.997901773869923
16.357421875,F4,8.173995858121725e-13,-12.087565586687472
16.6015625,F4,7.73802759567384e-13,-12.11136972581308
16.845703125,F4,8.473272499093832e-13,-12.07194882652717
17.08984375,F4,7.844358335760932e-13,-12.10544257567622
17.333984375,F4,7.496788129443738e-13,-12.125124762798503
17.578125,F4,7.844301454453802e-13,-12.10544572486017
17.822265625,F4,7.69284993613046e-13,-12.113912739230798
18.06640625,F4,7.874087805317866e-13,-12.103799746625747
18.310546875,F4,7.41749992988627e-13,-12.129742449116279
18.5546875,F4,6.354074170208198e-13,-12.196947720021283
18.798828125,F4,7.008785792026456e-13,-12.154357213060042
19.04296875,F4,7.228937783088075e-13,-12.14092551305602
19.287109375,F4,6.379775571789555e-13,-12.195194598653089
19.53125,F4,6.128610025451858e-13,-12.212638012712613
19.775390625,F4,6.242340848476682e-13,-12.204652521385018
20.01953125,F4,5.622793935257491e-13,-12.250047832268729
20.263671875,F4,5.923516521871425e-13,-12.22742039587198
20.5078125,F4,5.719395962955368e-13,-12.24264983550898
20.751953125,F4,5.59140931718316e-13,-12.252478714200413
20.99609375,F4,5.843209055955563e-13,-12.233348575400543
21.240234375,F4,5.685136438077696e-13,-12.245259108180603
21.484375,F4,5.446824270928056e-13,-12.263856635998643
21.728515625,F4,5.682911041146898e-13,-12.245429142238114
21.97265625,F4,5.959877397418061e-13,-12.224762674181319
22.216796875,F4,5.088746782978218e-13,-12.293389159166265
22.4609375,F4,5.317554872328616e-13,-12.274288019878158
22.705078125,F4,5.191359553619971e-13,-12.28471889083885
22.94921875,F4,4.691692943429298e-13,-12.32867041883655
23.193359375,F4,4.648497924715175e-13,-12.3326873585923
23.4375,F4,4.654497413093216e-13,-12.332127206735093
23.681640625,F4,4.217342653151983e-13,-12.374961111736487
23.92578125,F4,4.749711317993087e-13,-12.323332785493568
24.169921875,F4,4.617181754664698e-13,-12.33562302917546
24.4140625,F4,4.0694739016204564e-13,-12.390461732394312
24.658203125,F4,4.1930377218127523e-13,-12.377471230536704
24.90234375,F4,4.4599835178935996e-13,-12.350666746243258
25.146484375,F4,4.2531525030651574e-13,-12.37128904473666
25.390625,F4,3.987682452620169e-13,-12.39927943274896
25.634765625,F4,3.711486760587234e-13,-12.430452084300079
25.87890625,F4,3.849462590759952e-13,-12.414599896506655
26.123046875,F4,4.363343250315331e-13,-12.360180621105728
26.3671875,F4,4.2151053995135413e-13,-12.375191561287204
26.611328125,F4,3.996912551711676e-13,-12.398275353547383
26.85546875,F4,4.491016284090307e-13,-12.347655370215008
27.099609375,F4,4.04150299293399e-13,-12.393457095248646
27.34375,F4,3.8968739670625005e-13,-12.40928363995902
27.587890625,F4,4.564583091340364e-13,-12.340598882839155
27.83203125,F4,4.297825108476032e-13,-12.366751261243174
28.076171875,F4,3.785788794284822e-13,-12.421843618590723
28.3203125,F4,3.749544464869742e-13,-12.426021491848427
28.564453125,F4,3.8355023565002445e-13,-12.41617774609104
28.80859375,F4,3.525345473770724e-13,-12.452798316970338
29.052734375,F4,3.57200916266265e-13,-12.447087435760892
29.296875,F4,3.564837535672561e-13,-12.447960257949195
29.541015625,F4,3.255600693105312e-13,-12.487368867731085
29.78515625,F4,3.4632503420586177e-13,-12.46051611421287
30.029296875,F4,3.487194302686664e-13,-12.457523853532058
30.2734375,F4,3.63641971652905e-13,-12.439325996172652
30.517578125,F4,3.471874723088564e-13,-12.459435954017703
30.76171875,F4,3.195174881565693e-13,-12.495505366607166
31.005859375,F4,3.6457420105778314e-13,-12.438214067262692
31.25,F4,3.0646789432209814e-13,-12.513615015596066
31.494140625,F4,2.905042596000799e-13,-12.536847495262473
31.73828125,F4,3.326410664219136e-13,-12.478024135695357
31.982421875,F4,3.3566540057270534e-13,-12.474093422275255
32.2265625,F4,3.327301437294394e-13,-12.477907852385341
32.470703125,F4,3.016631258239079e-13,-12.520477773119419
32.71484375,F4,3.4230621534004624e-13,-12.465585215196393
32.958984375,F4,3.1947864753399173e-13,-12.495558162757682
33.203125,F4,2.8746249358648274e-13,-12.541418811464839
33.447265625,F4,2.877093079647313e-13,-12.541046087597577
33.69140625,F4,3.017444305953617e-13,-12.520360737084875
33.935546875,F4,2.902820877404519e-13,-12.537179762085957
34.1796875,F4,2.8721224285225804e-13,-12.541797051582055
34.423828125,F4,2.520181773427399e-13,-12.598568133682965
34.66796875,F4,3.035978166284379e-13,-12.517701356062561
34.912109375,F4,2.704976115463355e-13,-12.56783656529614
35.15625,F4,2.700891865829871e-13,-12.568492803081515
35.400390625,F4,2.3596411390966666e-13,-12.62715404074203
35.64453125,F4,2.401078272042436e-13,-12.619593682274482
35.888671875,F4,2.492945788697175e-13,-12.603287165509728
36.1328125,F4,2.3009833077549e-13,-12.63808653186427
36.376953125,F4,2.523114613088746e-13,-12.598063021102941
36.62109375,F4,3.043979764660042e-13,-12.516558238933559
36.865234375,F4,2.7374328517846085e-13,-12.562656525104183
37.109375,F4,2.659887563934418e-13,-12.575136721036184
37.353515625,F4,2.461292267881284e-13,-12.608836812631385
37.59765625,F4,2.137849126282132e-13,-12.670022947366329
37.841796875,F4,2.409106581198729e-13,-12.618143985969875
38.0859375,F4,2.554259173222503e-13,-12.592735038243411
38.330078125,F4,2.977801999430295e-13,-12.526104182814072
38.57421875,F4,3.4634502121583397e-13,-12.460491051058849
38.818359375,F4,3.217446889742876e-13,-12.492488613244701
39.0625,F4,2.6542318860038666e-13,-12.576061137834554
39.306640625,F4,2.648818431380756e-13,-12.576947810276561
39.55078125,F4,2.674584770307235e-13,-12.57274363269391
39.794921875,F4,2.547009933148684e-13,-12.59396936131701
0.0,C3,4.6053268480649514e-10,-9.336739541737762
0.244140625,C3,3.350094453410562e-09,-8.474942948182042
0.48828125,C3,1.6359528052227332e-09,-8.786229229226421
0.732421875,C3,8.05390265531934e-10,-9.093993623861085
0.9765625,C3,4.680813994974539e-10,-9.329678616416068
1.220703125,C3,3.038273991684515e-10,-9.517373064011379
1.46484375,C3,2.1084891120331616e-10,-9.676028637284226
1.708984375,C3,1.5221477061136248e-10,-9.817543202468471
1.953125,C3,1.2765653906440612e-10,-9.893956934037544
2.197265625,C3,9.30455717575702e-11,-10.03130429106642
2.44140625,C3,7.045365726823659e-11,-10.152096457626477
2.685546875,C3,5.7475289019078616e-11,-10.240518836168723
2.9296875,C3,4.6267517872066464e-11,-10.334723798606428
3.173828125,C3,3.8707459020034077e-11,-10.412205337329926
3.41796875,C3,3.3759435585441375e-11,-10.471604822833626
3.662109375,C3,2.867717940383397e-11,-10.542463566727761
3.90625,C3,2.2182704459325825e-11,-10.653985506872122
4.150390625,C3,2.0162525233660527e-11,-10.695455076077494
4.39453125,C3,1.6824955284810755e-11,-10.774046081314134
4.638671875,C3,1.4615285944237674e-11,-10.835192683365749
4.8828125,C3,1.322741502129394e-11,-10.878525019884862
5.126953125,C3,1.0481290118209618e-11,-10.979585257740123
5.37109375,C3,9.69584246233443e-12,-11.013414449520061
5.615234375,C3,8.17055299955069e-12,-11.08774854854399
5.859375,C3,7.786859157533106e-12,-11.108637680403294
6.103515625,C3,7.358415673655134e-12,-11.133215682708245
6.34765625,C3,7.1260839290763954e-12,-11.147149066952712
6.591796875,C3,5.657325538566976e-12,-11.247388830003533
6.8359375,C3,4.930188391657828e-12,-11.307136485206703
7.080078125,C3,5.259297870389469e-12,-11.27907223139171
7.32421875,C3,4.93242626702622e-12,-11.306939398131115
7.568359375,C3,4.433718986072776e-12,-11.35323183640544
7.8125,C3,3.918461406999493e-12,-11.406884426249562
8.056640625,C3,3.87347000316954e-12,-11.411899802936805
8.30078125,C3,3.5597175897194148e-12,-11.448584455423628
8.544921875,C3,2.885047076338377e-12,-11.53984709591304
8.7890625,C3,2.8733179676866088e-12,-11.54161631136598
9.033203125,C3,2.6841552356942375e-12,-11.571192370747518
9.27734375,C3,2.566124761509887e-12,-11.590722232638363
9.521484375,C3,2.622683966057793e-12,-11.581254038828746
9.765625,C3,2.2684836487872245e-12,-11.644264346777984
10.009765625,C3,1.9142912488886213e-12,-11.717991986014509
10.25390625,C3,2.0044115184733677e-12,-11.698013110222591
10.498046875,C3,2.114900202111381e-12,-11.674710121288902
10.7421875,C3,1.8496403710960504e-12,-11.732912704046274
10.986328125,C3,1.8151734751227978e-12,-11.741081863361535
11.23046875,C3,1.6546122978812129e-12,-11.781303752109393
11.474609375,C3,1.7270142401426257e-12,-11.762704081430881
11.71875,C3,1.4087784612628412e-12,-11.8511572968947
11.962890625,C3,1.2659024343226612e-12,-11.897599764988573
12.20703125,C3,1.3770272041857044e-12,-11.86105747985126
12.451171875,C3,1.3427340640722112e-12,-11.872009993245198
12.6953125,C3,1.3957537680226277e-12,-11.85519119104033
12.939453125,C3,1.3546573588142776e-12,-11.868170539471471
13.18359375,C3,1.1953794055958085e-12,-11.922494230611374
13.427734375,C3,1.1935162404386758e-12,-11.923171667076234
13.671875,C3,1.0858616194248476e-12,-11.964225517057875
13.916015625,C3,9.755507501234057e-13,-12.010750132804322
14.16015625,C3,8.94703252127185e-13,-12.048320984051218
14.404296875,C3,9.726022258266992e-13,-12.012064740871947
14.6484375,C3,8.469490887554318e-13,-12.072142694907917
14.892578125,C3,8.310668944114716e-13,-12.080364017486026
15.13671875,C3,8.51989922052719e-13,-12.069565542349238
15.380859375,C3,8.947964000943445e-13,-12.048275771806416
15.625,C3,8.543049208259835e-13,-12.06838709207855
15.869140625,C3,8.002338373828686e-13,-12.09678308870063
16.11328125,C3,7.708077542365254e-13,-12.113053925042538
16.357421875,C3,7.543496952702933e-13,-12.122427280762453
16.6015625,C3,6.981302094225589e-13,-12.156063568838393
16.845703125,C3,7.087411637703304e-13,-12.149512342631253
17.08984375,C3,6.084552914924138e-13,-12.2157713276582
17.333984375,C3,6.637027125955951e-13,-12.178026407364902
17.578125,C3,6.698062212864625e-13,-12.174050822968393
17.822265625,C3,6.601961582039552e-13,-12.18032700723333
18.06640625,C3,6.042844733808931e-13,-12.2187585644668
18.310546875,C3,5.99528211939398e-13,-12.222190375532067
18.5546875,C3,5.313537596394946e-13,-12.274616242186157
18.798828125,C3,5.458461011202077e-13,-12.262929787433794
19.04296875,C3,5.498840746221249e-13,-12.259728857884742
19.287109375,C3,5.164262131845982e-13,-12.286991721571198
19.53125,C3,4.832222806574371e-13,-12.315853049255523
19.775390625,C3,5.128368180484996e-13,-12.29002080310448
20.01953125,C3,4.5027724873255685e-13,-12.346519996185027
20.263671875,C3,4.0523841952476313e-13,-12.392289387110797
20.5078125,C3,4.084509460880407e-13,-12.388860093654202
20.751953125,C3,4.3167388963861973e-13,-12.364844219420652
20.99609375,C3,4.505211857260498e-13,-12.346284781538236
21.240234375,C3,4.903832466835665e-13,-12.309464375351723
21.484375,C3,4.697987428396117e-13,-12.328088149709435
21.728515625,C3,4.386623570827768e-13,-12.35786963209301
21.97265625,C3,4.124663760047268e-13,-12.384611449079614
22.216796875,C3,4.051281712243192e-13,-12.392407556416797
22.4609375,C3,4.1604353359769083e-13,-12.380861223671179
22.705078125,C3,4.087804541751758e-13,-12.388509878154176
22.94921875,C3,3.515891871231316e-13,-12.453964489812622
23.193359375,C3,3.33514684025486e-13,-12.476885040155675
23.4375,C3,3.333581966348369e-13,-12.4770888619438
23.681640625,C3,3.1871353932891666e-13,-12.496599486790029
23.92578125,C3,3.145167355496424e-13,-12.502356240636876
24.169921875,C3,3.175847495735507e-13,-12.498140360574519
24.4140625,C3,2.846853291707216e-13,-12.545634912987817
24.658203125,C3,2.9278860645788336e-13,-12.53344582737029
24.90234375,C3,2.738088101645621e-13,-12.56255258197158
25.146484375,C3,2.9867114061478185e-13,-12.524806739489147
25.390625,C3,3.114861472158382e-13,-12.506561263038513
25.634765625,C3,2.6835905325577334e-13,-12.571283748941491
25.87890625,C3,2.7238858448488654e-13,-12.5648110971965
26.123046875,C3,3.093095336326318e-13,-12.509606693833758
26.3671875,C3,2.917138340753038e-13,-12.535042974648912
26.611328125,C3,2.62563614039548e-13,-12.580765458432088
26.85546875,C3,2.579073101178441e-13,-12.588536348056522
27.099609375,C3,2.583875739992924e-13,-12.58772837563554
27.34375,C3,2.370677153641475e-13,-12.625127585599511
27.587890625,C3,2.6034532590060084e-13,-12.584450215006914
27.83203125,C3,2.499691467516131e-13,-12.602113592217647
28.076171875,C3,2.658598140767222e-13,-12.575347303299036
28.3203125,C3,2.848868118831736e-13,-12.545327654863483
28.564453125,C3,2.7732494600996295e-13,-12.557011062888096
28.80859375,C3,2.540601455955129e-13,-12.595063457363928
29.052734375,C3,2.2955541132477215e-13,-12.639112465124976
29.296875,C3,2.3309260306876223e-13,-12.632471508107011
29.541015625,C3,2.355737693234936e-13,-12.627873069030391
29.78515625,C3,2.340532531561603e-13,-12.630685318142817
30.029296875,C3,2.594086063289529e-13,-12.58601561954272
30.2734375,C3,2.833226426326452e-13,-12.547718716063882
30.517578125,C3,2.721066189343392e-13,-12.565260893972916
30.76171875,C3,2.4128906075598095e-13,-12.617462367113204
31.005859375,C3,2.397066063115009e-13,-12.620319996650142
31.25,C3,2.2599247747318425e-13,-12.645906016809498
31.494140625,C3,2.077119098958136e-13,-12.682538600943282
31.73828125,C3,2.2850040596492245e-13,-12.64111302400477
31.982421875,C3,2.0033990585554698e-13,-12.698232534647172
32.2265625,C3,1.9529675021600385e-13,-12.709304983414652
32.470703125,C3,2.1745521142392494e-13,-12.662630179787412
32.71484375,C3,2.213225944276873e-13,-12.654974247462837
32.958984375,C3,2.0789536898549975e-13,-12.682155184773599
33.203125,C3,2.147588861148722e-13,-12.668048857248467
33.447265625,C3,1.8716479691193452e-13,-12.727775832652295
33.69140625,C3,1.9857974700030747e-13,-12.702065046951061
33.935546875,C3,1.8888440744114974e-13,-12.723803891955175
34.1796875,C3,1.992220964865373e-13,-12.700662493974734
34.423828125,C3,1.8508115537363932e-13,-12.732637798069753
34.66796875,C3,2.037668843845166e-13,-12.69086639490104
34.912109375,C3,1.840379237012289e-13,-12.735092675049632
35.15625,C3,1.7668178138684432e-13,-12.752808230635196
35.400390625,C3,1.6059888745885413e-13,-12.79425746760126
35.64453125,C3,1.479448905410409e-13,-12.82990002913903
35.888671875,C3,1.570230658182819e-13,-12.804036547451803
36.1328125,C3,1.5039935638541576e-13,-12.822754022247437
36.376953125,C3,1.5602615209838477e-13,-12.806802601901229
36.62109375,C3,1.684745631058712e-13,-12.773465661182438
36.865234375,C3,1.559692675205313e-13,-12.806960967421922
37.109375,C3,1.494321888444585e-13,-12.82555584206694
37.353515625,C3,1.4918695898352264e-13,-12.826269138586056
37.59765625,C3,1.535666559895067e-13,-12.813703072662545
37.841796875,C3,1.407551371754772e-13,-12.851535745632933
38.0859375,C3,1.471837869352181e-13,-12.832140027174948
38.330078125,C3,1.4891308930141394e-13,-12.827067126549146
38.57421875,C3,1.426450648349158e-13,-12.845743249257795
38.818359375,C3,1.4972286445602305e-13,-12.82471187267741
39.0625,C3,1.5442075306452374e-13,-12.811294333950153
39.306640625,C3,1.5336407667399888e-13,-12.81427635570191
39.55078125,C3,1.3850948267243214e-13,-12.858520492799283
39.794921875,C3,1.466047911984071e-13,-12.833851836263593
0.0,C4,4.5057800128700064e-10,-9.346230015792143
0.244140625,C4,3.404352535308084e-09,-8.467965473202195
0.48828125,C4,1.6666679560391832e-09,-8.778150914403351
0.732421875,C4,8.061246968754652e-10,-9.09359777336096
0.9765625,C4,4.67025150900224e-10,-9.33065973056224
1.220703125,C4,3.0316902154975046e-10,-9.518315177899302
1.46484375,C4,2.0779197190447084e-10,-9.68237123553216
1.708984375,C4,1.534275924050554e-10,-9.814096529880768
1.953125,C4,1.285953292133747e-10,-9.890774805390771
2.197265625,C4,9.271342878091089e-11,-10.032857357300315
2.44140625,C4,6.99191088572768e-11,-10.155404115568642
2.685546875,C4,5.863213300290285e-11,-10.23186430614711
2.9296875,C4,4.7956569215762216e-11,-10.31915189362902
3.173828125,C4,3.895664137274367e-11,-10.409418492659952
3.41796875,C4,3.3118668434716006e-11,-10.479927132728955
3.662109375,C4,2.869650518388641e-11,-10.542170990784173
3.90625,C4,2.2790461008971737e-11,-10.64224688975479
4.150390625,C4,2.0917052233846223e-11,-10.679499519077098
4.39453125,C4,1.6997210054827384e-11,-10.76962235845875
4.638671875,C4,1.4532095007366649e-11,-10.837671771486436
4.8828125,C4,1.2608635465532524e-11,-10.899331911194976
5.126953125,C4,1.0205153512590938e-11,-10.991180457957249
5.37109375,C4,9.283512469592564e-12,-11.032287674907765
5.615234375,C4,8.608797203350096e-12,-11.06505752269711
5.859375,C4,7.883620790208274e-12,-11.103274273875194
6.103515625,C4,7.545531618490186e-12,-11.122310156704387
6.34765625,C4,6.830647615866288e-12,-11.165538118768875
6.591796875,C4,5.592441474877673e-12,-11.252398552116567
6.8359375,C4,4.577871242754287e-12,-11.339336426460012
7.080078125,C4,4.969877153362884e-12,-11.303654346131053
7.32421875,C4,4.615012367446053e-12,-11.335827130801368
7.568359375,C4,4.338068986479354e-12,-11.362703545865145
7.8125,C4,3.735301669658692e-12,-11.427674318031302
8.056640625,C4,3.753176324051395e-12,-11.425601031972812
8.30078125,C4,3.602792143580084e-12,-11.443360792970452
8.544921875,C4,2.912737442658228e-12,-11.535698661388066
8.7890625,C4,2.8470464656004317e-12,-11.545605444834361
9.033203125,C4,2.7294548890194967e-12,-11.563924079087203
9.27734375,C4,2.6444774294580877e-12,-11.5776601353206
9.521484375,C4,2.6912371474330818e-12,-11.570048031227804
9.765625,C4,2.387222152119398e-12,-11.622107164172832
10.009765625,C4,1.90224704880716e-12,-11.720733081002026
10.25390625,C4,2.0235131158985987e-12,-11.693893976276652
10.498046875,C4,2.2157461819038525e-12,-11.654479990384022
10.7421875,C4,1.8628996794950928e-12,-11.72981053201455
10.986328125,C4,1.808384155586701e-12,-11.742709306753541
11.23046875,C4,1.620249918806624e-12,-11.790417991638018
11.474609375,C4,1.5809705611302394e-12,-11.801076216884821
11.71875,C4,1.4150384958064965e-12,-11.849231745094515
11.962890625,C4,1.2690411095826237e-12,-11.89652430905131
12.20703125,C4,1.4598003827813952e-12,-11.835706526807044
12.451171875,C4,1.4376405833103e-12,-11.842349675980504
12.6953125,C4,1.2739438371506674e-12,-11.894849717803806
12.939453125,C4,1.2736509124487605e-12,-11.894949588933022
13.18359375,C4,1.0991916098112254e-12,-11.95892659526505
13.427734375,C4,1.1038046283131221e-12,-11.957107789246443
13.671875,C4,1.1048548978960906e-12,-11.95669475472178
13.916015625,C4,1.060783830238675e-12,-11.974373108935191
14.16015625,C4,1.043895027023078e-12,-11.981343171330643
14.404296875,C4,9.391322394532373e-13,-12.027273250309806
14.6484375,C4,8.274858077730551e-13,-12.082239446082399
14.892578125,C4,8.084787876491568e-13,-12.092331370349754
15.13671875,C4,8.105384522327014e-13,-12.091226377241924
15.380859375,C4,8.822373671332562e-13,-12.05441455164025
15.625,C4,8.094330015572914e-13,-12.091819092874958
15.869140625,C4,7.571985818083276e-13,-12.120790208117372
16.11328125,C4,8.454887273522212e-13,-12.072892178345793
16.357421875,C4,7.412412634967085e-13,-12.13004041232924
16.6015625,C4,6.458231039989974e-13,-12.189886422372755
16.845703125,C4,7.244286435153397e-13,-12.140004386250412
17.08984375,C4,6.865967903401764e-13,-12.163298231118262
17.333984375,C4,6.527704393568332e-13,-12.185239520790484
17.578125,C4,6.203255465296658e-13,-12.207380333153253
17.822265625,C4,6.463334165051811e-13,-12.18954338975482
18.06640625,C4,6.52463594316122e-13,-12.185443715757819
18.310546875,C4,6.544573560935626e-13,-12.184118646464812
18.5546875,C4,5.260992068026115e-13,-12.278932352986168
18.798828125,C4,5.641954860693452e-13,-12.248570392804929
19.04296875,C4,5.968934320141623e-13,-12.22410319989154
19.287109375,C4,5.13852212979503e-13,-12.2891617687797
19.53125,C4,4.737757266727068e-13,-12.324427193596673
19.775390625,C4,4.948686636525696e-13,-12.30551004595374
20.01953125,C4,4.4020503863252013e-13,-12.356344990774547
20.263671875,C4,4.5041671548656184e-13,-12.346385500685859
20.5078125,C4,4.3177115384549814e-13,-12.364746375767876
20.751953125,C4,4.227679024652432e-13,-12.373897992772806
20.99609375,C4,4.337061538502531e-13,-12.362804415609489
21.240234375,C4,4.3029403823925924e-13,-12.36623467106299
21.484375,C4,4.3143058817292334e-13,-12.365089066920591
21.728515625,C4,3.966939653343506e-13,-12.401544406135192
21.97265625,C4,4.254978762911017e-13,-12.371102603187754
22.216796875,C4,4.3376948305632283e-13,-12.36274100512597
22.4609375,C4,4.594549180495425e-13,-12.337757095383047
22.705078125,C4,4.192278544909883e-13,-12.377549869512295
22.94921875,C4,3.605748113776449e-13,-12.44300461500069
23.193359375,C4,3.335838640607666e-13,-12.4767949649853
23.4375,C4,3.3022335070575106e-13,-12.481192220218894
23.681640625,C4,2.957161567662511e-13,-12.52912494668545
23.92578125,C4,3.353944638848605e-13,-12.47444411025736
24.169921875,C4,3.455111924569027e-13,-12.461537879567524
24.4140625,C4,3.02135842360134e-13,-12.519797751337501
24.658203125,C4,3.225011077067775e-13,-12.491468789338434
24.90234375,C4,3.0644278152810015e-13,-12.513650604298611
25.146484375,C4,2.8079651159015543e-13,-12.551608291864728
25.390625,C4,2.836882053454668e-13,-12.547158720107786
25.634765625,C4,2.5839051117425613e-13,-12.587723438898028
25.87890625,C4,2.861570522742992e-13,-12.543395546536749
26.123046875,C4,3.011504652030528e-13,-12.521216461615225
26.3671875,C4,2.9920121591837525e-13,-12.52403664588255
26.611328125,C4,2.593538384714455e-13,-12.5861073200065
26.85546875,C4,2.6844197688728693e-13,-12.571149571569057
27.099609375,C4,2.732725410280642e-13,-12.563404004893904
27.34375,C4,2.682274032403157e-13,-12.571496854865842
27.587890625,C4,3.0056945402972484e-13,-12.522055157549513
27.83203125,C4,2.807082417186516e-13,-12.551744836099491
28.076171875,C4,2.268394657733559e-13,-12.64428138418606
28.3203125,C4,2.456359165961841e-13,-12.609708130857062
28.564453125,C4,2.306351301128416e-13,-12.637074540700707
28.80859375,C4,2.2008521995343497e-13,-12.657409121954577
29.052734375,C4,2.0587450051621402e-13,-12.686397441487351
29.296875,C4,2.386157937203963e-13,-12.622300814233938
29.541015625,C4,2.470590805082484e-13,-12.607199179248147
29.78515625,C4,2.2223877955166065e-13,-12.653180156575118
30.029296875,C4,2.2038364467128717e-13,-12.656820638915406
30.2734375,C4,2.2849286322734173e-13,-12.641127360186639
30.517578125,C4,2.541112961584596e-13,-12.594976028573234
30.76171875,C4,2.3688825474736297e-13,-12.625456471674287
31.005859375,C4,2.308726439705018e-13,-12.636627523455681
31.25,C4,2.363547772159352e-13,-12.626435615288074
31.494140625,C4,2.1311695510838162e-13,-12.671381997413484
31.73828125,C4,2.116971158339251e-13,-12.674285058777677
31.982421875,C4,2.0186242268429735e-13,-12.6949445187965
32.2265625,C4,2.1385757016161958e-13,-12.669875371915335
32.470703125,C4,1.9947220351542687e-13,-12.700117614768889
32.71484375,C4,2.097289772334872e-13,-12.678341561031155
32.958984375,C4,2.0682015634363338e-13,-12.684407137907705
33.203125,C4,2.0871254884961453e-13,-12.680451438177952
33.447265625,C4,1.8588702674267813e-13,-12.730750919053662
33.69140625,C4,1.7045898699380665e-13,-12.768380096817433
33.935546875,C4,1.852478890230276e-13,-12.732246732287226
34.1796875,C4,2.0391765068699746e-13,-12.690545180969304
34.423828125,C4,2.0079240247816646e-13,-12.69725272391861
34.66796875,C4,1.838801165753966e-13,-12.735465229589797
34.912109375,C4,1.8143716233880402e-13,-12.741273755061416
35.15625,C4,1.754359238415776e-13,-12.75588147180976
35.400390625,C4,1.5088175863540253e-13,-12.82136326256274
35.64453125,C4,1.4174186005909985e-13,-12.848501872349846
35.888671875,C4,1.4699617241100922e-13,-12.832693973567604
36.1328125,C4,1.599850315254689e-13,-12.795920648781522
36.376953125,C4,1.977910382382162e-13,-12.703793389846334
36.62109375,C4,1.6161378327508313e-13,-12.791521603059916
36.865234375,C4,1.6454706134347494e-13,-12.783709869393364
37.109375,C4,1.625204135998529e-13,-12.789092081103778
37.353515625,C4,1.3969184051494134e-13,-12.854828960548858
37.59765625,C4,1.681659541041665e-13,-12.774261924360514
37.841796875,C4,1.555285890870093e-13,-12.808189767785016
38.0859375,C4,1.5111025667668878e-13,-12.820706056727074
38.330078125,C4,1.5731588247502836e-13,-12.80322742916908
38.57421875,C4,1.4148190473259445e-13,-12.849299102028851
38.818359375,C4,1.7952670771646487e-13,-12.745870933430705
39.0625,C4,1.609786324915365e-13,-12.793231766246828
39.306640625,C4,1.397988682532748e-13,-12.854496344422577
39.55078125,C4,1.4682241892632352e-13,-12.833207625124256
39.794921875,C4,1.5922102725758225e-13,-12.797999578439377
0.0,P3,4.532684646952482e-10,-9.343644495115702
0.244140625,P3,3.5401749527505357e-09,-8.450975274941257
0.48828125,P3,1.6839584085618195e-09,-8.773668639175538
0.732421875,P3,8.003168979790624e-10,-9.096738013267748
0.9765625,P3,4.673260033150498e-10,-9.33038005295377
1.220703125,P3,3.0237228660536893e-10,-9.51945801583586
1.46484375,P3,2.1050689333098256e-10,-9.676733678039286
1.708984375,P3,1.5357088002366906e-10,-9.813691127038757
1.953125,P3,1.2840095964787842e-10,-9.89143173040875
2.197265625,P3,9.25386222970827e-11,-10.033676970507491
2.44140625,P3,7.023575076776428e-11,-10.153441770933597
2.685546875,P3,5.767028414086253e-11,-10.239047908819645
2.9296875,P3,4.6902380901860784e-11,-10.32880511066882
3.173828125,P3,3.901755580900246e-11,-10.408739939757242
3.41796875,P3,3.34339570770867e-11,-10.475812219427759
3.662109375,P3,2.888476355261907e-11,-10.539331183193127
3.90625,P3,2.2586551948553298e-11,-10.64615006319262
4.150390625,P3,2.111739233043449e-11,-10.67535971144234
4.39453125,P3,1.753169294612936e-11,-10.756176144279168
4.638671875,P3,1.5304816729279063e-11,-10.81517186658539
4.8828125,P3,1.3398890639571294e-11,-10.872931157534964
5.126953125,P3,1.0757434966354751e-11,-10.968291270747489
5.37109375,P3,9.92400820426084e-12,-11.003312885364789
5.615234375,P3,8.224273892163871e-12,-11.084902434842634
5.859375,P3,7.882361836251214e-12,-11.103343632921266
6.103515625,P3,7.71463048776166e-12,-11.11268487076341
6.34765625,P3,7.406512248919387e-12,-11.130386254589338
6.591796875,P3,6.0406565799237186e-12,-11.21891585383908
6.8359375,P3,5.347791614433601e-12,-11.271825524084853
7.080078125,P3,5.608941570206947e-12,-11.25111908412471
7.32421875,P3,5.398381629090816e-12,-11.267736417009994
7.568359375,P3,4.659716410304778e-12,-11.331640513607741
7.8125,P3,4.177063106024505e-12,-11.379128963472922
8.056640625,P3,3.93362333279942e-12,-11.40520722863594
8.30078125,P3,3.8471937986405824e-12,-11.414855935980606
8.544921875,P3,3.1107420196487066e-12,-11.507136004348935
8.7890625,P3,3.142001578698747e-12,-11.50279360108472
9.033203125,P3,2.973264031641496e-12,-11.526766522886064
9.27734375,P3,2.8688890141375217e-12,-11.542286252548696
9.521484375,P3,2.969777343024056e-12,-11.527276110386786
9.765625,P3,2.612744964899217e-12,-11.582902980530061
10.009765625,P3,2.2406357071218962e-12,-11.64962874732364
10.25390625,P3,2.3455924349510123e-12,-11.629747447731466
10.498046875,P3,2.379040627947653e-12,-11.623598141257053
10.7421875,P3,2.1341777291151706e-12,-11.67076941642048
10.986328125,P3,2.0558803476021336e-12,-11.68700216491425
11.23046875,P3,1.881282744847972e-12,-11.72554592784187
11.474609375,P3,1.845910170646319e-12,-11.733789437298109
11.71875,P3,1.6045051269628705e-12,-11.794658890841381
11.962890625,P3,1.486355595754007e-12,-11.827877277520955
12.20703125,P3,1.7019667569689325e-12,-11.769048926863622
12.451171875,P3,1.581545997714583e-12,-11.80091817253541
12.6953125,P3,1.463279918716049e-12,-11.834672587391161
12.939453125,P3,1.4707501780688345e-12,-11.83246109035897
13.18359375,P3,1.33584117201506e-12,-11.874245175257125
13.427734375,P3,1.320894677387198e-12,-11.87913180982916
13.671875,P3,1.1899241574277612e-12,-11.924480718490061
13.916015625,P3,1.0868904270066082e-12,-11.9638142363599
14.16015625,P3,9.968682554159222e-13,-12.001362233590555
14.404296875,P3,9.937937439430866e-13,-12.0027037415204
14.6484375,P3,9.058717232977379e-13,-12.042933296592706
14.892578125,P3,8.833764882362993e-13,-12.053854164014826
15.13671875,P3,8.927248716015131e-13,-12.0492823654739
15.380859375,P3,1.0244492898532597e-12,-11.989509534268123
15.625,P3,9.085362777944218e-13,-12.04165772665933
15.869140625,P3,8.428836978325894e-13,-12.074232345747802
16.11328125,P3,8.195579894981414e-13,-12.086420311613873
16.357421875,P3,7.603779729176235e-13,-12.118970472525804
16.6015625,P3,6.976696953585577e-13,-12.156350141037468
16.845703125,P3,7.138424104530133e-13,-12.14639765352442
17.08984375,P3,6.423727309217468e-13,-12.1922129033794
17.333984375,P3,6.972488112588447e-13,-12.156612217490975
17.578125,P3,6.638574561548682e-13,-12.177925162576472
17.822265625,P3,6.865628875945411e-13,-12.163319676221247
18.06640625,P3,6.362293319426237e-13,-12.196386312582984
18.310546875,P3,6.387118385815921e-13,-12.194695034079983
18.5546875,P3,5.476428227229772e-13,-12.26150259971783
18.798828125,P3,5.897679096785447e-13,-12.229318861876935
19.04296875,P3,5.735250402327438e-13,-12.24144761595364
19.287109375,P3,5.068041441077517e-13,-12.295159842573579
19.53125,P3,4.838381133104752e-13,-12.315299924009548
19.775390625,P3,5.11318177873414e-13,-12.291308767395142
20.01953125,P3,4.524383576780998e-13,-12.34444058274357
20.263671875,P3,4.0511404077283363e-13,-12.392422704423199
20.5078125,P3,4.09774722760106e-13,-12.387454834866944
20.751953125,P3,4.322907318404121e-13,-12.364224075485813
20.99609375,P3,4.481980138462046e-13,-12.348530072338095
21.240234375,P3,4.950551854190211e-13,-12.30534638614302
21.484375,P3,4.809642595191496e-13,-12.317887194874226
21.728515625,P3,4.2959485285462414e-13,-12.366940930730815
21.97265625,P3,4.1546558068944763e-13,-12.3814649495834
22.216796875,P3,4.098263387260239e-13,-12.387400133792825
22.4609375,P3,4.3251202508540377e-13,-12.36400181338845
22.705078125,P3,4.0998347870058475e-13,-12.387233643899137
22.94921875,P3,3.553689866246856e-13,-12.449320476152186
23.193359375,P3,3.2954520743590473e-13,-12.482084999906908
23.4375,P3,3.1053786445484214e-13,-12.507885437931156
23.681640625,P3,3.164248035402737e-13,-12.499729480868202
23.92578125,P3,3.1131543325984994e-13,-12.50679934891771
24.169921875,P3,3.1752508282234685e-13,-12.49822196202219
24.4140625,P3,3.025716391498206e-13,-12.519171781990188
24.658203125,P3,3.009375571863349e-13,-12.52152360866758
24.90234375,P3,2.652241798183456e-13,-12.576386884931729
25.146484375,P3,2.7416875017293994e-13,-12.5619820477262
25.390625,P3,2.9996050845039984e-13,-12.522935918917122
25.634765625,P3,2.583754869996372e-13,-12.58774869178292
25.87890625,P3,2.6755321436748493e-13,-12.572589827071802
26.123046875,P3,3.097820436087741e-13,-12.508943759551746
26.3671875,P3,2.94715866897752e-13,-12.530596481996566
26.611328125,P3,2.4906058630916656e-13,-12.603694993871596
26.85546875,P3,2.571423826333092e-13,-12.589826336321773
27.099609375,P3,2.343857685553234e-13,-12.630068761363532
27.34375,P3,2.2413131706326133e-13,-12.649497456818253
27.587890625,P3,2.5610622142230814e-13,-12.59157987136929
27.83203125,P3,2.47973694185528e-13,-12.605594388028692
28.076171875,P3,2.549462237046355e-13,-12.59355141647307
28.3203125,P3,2.6812700841162214e-13,-12.571659437366051
28.564453125,P3,2.4701060301454985e-13,-12.607284404101156
28.80859375,P3,2.3082959533862673e-13,-12.636708509778636
29.052734375,P3,2.373016643261828e-13,-12.624699215827572
29.296875,P3,2.3163584918435053e-13,-12.635194226040872
29.541015625,P3,2.183190400980768e-13,-12.66090838683351
29.78515625,P3,2.046291848204703e-13,-12.68903242584095
30.029296875,P3,2.313018014132929e-13,-12.635820984865324
30.2734375,P3,2.516550557196108e-13,-12.599194340255622
30.517578125,P3,2.538107642298986e-13,-12.595489963224315
30.76171875,P3,2.30047862427457e-13,-12.638181797783984
31.005859375,P3,2.337912977563212e-13,-12.63117165830141
31.25,P3,2.118444079692361e-13,-12.673982995529673
31.494140625,P3,1.9554675767735834e-13,-12.708749380604234
31.73828125,P3,2.1173762900252865e-13,-12.674201954375702
31.982421875,P3,1.9655932602478892e-13,-12.706506345662168
32.2265625,P3,1.8112116311631762e-13,-12.74203080154871
32.470703125,P3,2.0972675823253398e-13,-12.678346156032667
32.71484375,P3,2.1773680666240867e-13,-12.662068150751082
32.958984375,P3,2.016904139720365e-13,-12.695314742629973
33.203125,P3,2.013610817946219e-13,-12.696024464244692
33.447265625,P3,1.5781162735785917e-13,-12.801861001688543
33.69140625,P3,1.6626535795395556e-13,-12.779198228331035
33.935546875,P3,1.666601379806309e-13,-12.778168262950771
34.1796875,P3,1.91436091656474e-13,-12.717976180824587
34.423828125,P3,1.640460302756991e-13,-12.78503427457521
34.66796875,P3,1.847664606211393e-13,-12.733376860437964
34.912109375,P3,1.7181755299120676e-13,-12.764932470436005
35.15625,P3,1.511734488606212e-13,-12.820524478847233
35.400390625,P3,1.46926636853272e-13,-12.832899462278467
35.64453125,P3,1.5379598199224666e-13,-12.813055010577434
35.888671875,P3,1.5851244790976445e-13,-12.799936627160749
36.1328125,P3,1.4084453820532061e-13,-12.851259989809073
36.376953125,P3,1.5338443731078984e-13,-12.81421870253121
36.62109375,P3,1.61091546212468e-13,-12.792927249957005
36.865234375,P3,1.5757294477321145e-13,-12.802518348676244
37.109375,P3,1.4008507200582658e-13,-12.853608142308211
37.353515625,P3,1.409913879277001e-13,-12.850807414221956
37.59765625,P3,1.3767488987346774e-13,-12.861145262239921
37.841796875,P3,1.2974235912944942e-13,-12.886918209476649
38.0859375,P3,1.3144503394199354e-13,-12.881255817106723
38.330078125,P3,1.3557292993809798e-13,-12.867827018080593
38.57421875,P3,1.501816942557111e-13,-12.823383000542453
38.818359375,P3,1.4671503619049124e-13,-12.833525374909785
39.0625,P3,1.443329246972519e-13,-12.840634587941215
39.306640625,P3,1.404120303775741e-13,-12.852595680648063
39.55078125,P3,1.3029867544742457e-13,-12.885059999090165
39.794921875,P3,1.5348064619105897e-13,-12.813946380983882
0.0,P4,4.716752840788651e-10,-9.326356880314382
0.244140625,P4,3.7629747043176914e-09,-8.424468701109358
0.48828125,P4,1.640530347980384e-09,-8.785015731240438
0.732421875,P4,8.01671360800182e-10,-9.096003631019814
0.9765625,P4,4.700825818858207e-10,-9.32782584056035
1.220703125,P4,3.044468978233436e-10,-9.516488446851922
1.46484375,P4,2.0752346940068828e-10,-9.682932780615337
1.708984375,P4,1.5469827112453084e-10,-9.810514539857657
1.953125,P4,1.2852410501232943e-10,-9.891015411694035
2.197265625,P4,9.384263152599544e-11,-10.02759982227792
2.44140625,P4,6.963203815529415e-11,-10.157190892679614
2.685546875,P4,5.845605324519369e-11,-10.233170510081834
2.9296875,P4,4.8038529846877205e-11,-10.31841029205095
3.173828125,P4,3.96426445440033e-11,-10.401837381619695
3.41796875,P4,3.346236661037403e-11,-10.475443347011405
3.662109375,P4,2.910265862238889e-11,-10.536067334990314
3.90625,P4,2.3270414282284755e-11,-10.633195884916594
4.150390625,P4,2.155849894830527e-11,-10.666381481016021
4.39453125,P4,1.779367598811655e-11,-10.749734321930855
4.638671875,P4,1.5255873826495775e-11,-10.81656291177401
4.8828125,P4,1.3066743086997666e-11,-10.883832647737648
5.126953125,P4,1.0789739824446505e-11,-10.966989027436599
5.37109375,P4,9.924207695478318e-12,-11.003304155317172
5.615234375,P4,8.506059296126869e-12,-11.070271594124824
5.859375,P4,8.031521798340564e-12,-11.095202157585076
6.103515625,P4,7.950592064024288e-12,-11.099600529134163
6.34765625,P4,7.258566431094652e-12,-11.139149144112844
6.591796875,P4,5.91223440071313e-12,-11.228248355919346
6.8359375,P4,5.167831841892207e-12,-11.286691626461591
7.080078125,P4,5.489236979133341e-12,-11.26048801962678
7.32421875,P4,5.143681380625023e-12,-11.288725941118441
7.568359375,P4,4.641353477960465e-12,-11.33335535515738
7.8125,P4,3.954344649398269e-12,-11.40292548150468
8.056640625,P4,3.838695986895641e-12,-11.41581628132926
8.30078125,P4,3.823467015647296e-12,-11.41754265203819
8.544921875,P4,3.0844940198633294e-12,-11.510816067418016
8.7890625,P4,3.1348316864683338e-12,-11.503785772090156
9.033203125,P4,3.08353440813836e-12,-11.51095120106247
9.27734375,P4,3.097388679487643e-12,-11.509004293266026
9.521484375,P4,3.036662000563639e-12,-11.517603545078504
9.765625,P4,2.703976586785599e-12,-11.567997073186703
10.009765625,P4,2.277423799375333e-12,-11.642556145228486
10.25390625,P4,2.545239934838224e-12,-11.5942712712979
10.498046875,P4,2.776502246638422e-12,-11.556501970776946
10.7421875,P4,2.4163172797542266e-12,-11.616846040332574
10.986328125,P4,2.246040795548233e-12,-11.648582359775103
11.23046875,P4,1.994410526419098e-12,-11.700185442309305
11.474609375,P4,1.8825675948888162e-12,-11.725249421204188
11.71875,P4,1.8219248343239e-12,-11.739469544328847
11.962890625,P4,1.7485865079466958e-12,-11.757312876940938
12.20703125,P4,1.942965081724017e-12,-11.711535004315731
12.451171875,P4,1.784744906325018e-12,-11.748423848847219
12.6953125,P4,1.5458006868665833e-12,-11.810846504062111
12.939453125,P4,1.5604145363726589e-12,-11.80676001257902
13.18359375,P4,1.364348706342358e-12,-11.86507461656691
13.427734375,P4,1.386063285509963e-12,-11.858216940055886
13.671875,P4,1.28654705741889e-12,-11.890574324180724
13.916015625,P4,1.209491861747923e-12,-11.91739704950951
14.16015625,P4,1.082837463579417e-12,-11.965436727094037
14.404296875,P4,9.66454633231092e-13,-12.014818527563854
14.6484375,P4,8.788807377211642e-13,-12.056070053781372
14.892578125,P4,8.70777607257957e-13,-12.06009274771701
15.13671875,P4,8.756398273975857e-13,-12.057674493305989
15.380859375,P4,1.0370140331303657e-12,-11.984215366590858
15.625,P4,9.55327560191572e-13,-12.019847693136201
15.869140625,P4,8.833000047720395e-13,-12.053891767216813
16.11328125,P4,8.569923698849479e-13,-12.067023044741463
16.357421875,P4,7.228383693165411e-13,-12.140958802513738
16.6015625,P4,6.619436874416358e-13,-12.179178955082346
16.845703125,P4,7.243150673026148e-13,-12.140072480451195
17.08984375,P4,6.885626838884878e-13,-12.162056517240478
17.333984375,P4,6.977741960627042e-13,-12.156285094954956
17.578125,P4,6.814287527246743e-13,-12.166579545428817
17.822265625,P4,7.148553369390168e-13,-12.145781836136933
18.06640625,P4,6.84587037396462e-13,-12.164571328453306
18.310546875,P4,6.623397098567597e-13,-12.178919206519348
18.5546875,P4,5.753723657904283e-13,-12.24005100041046
18.798828125,P4,6.187979602993237e-13,-12.208451126505004
19.04296875,P4,6.161082846422293e-13,-12.210342951326354
19.287109375,P4,5.31316033618447e-13,-12.274647078110686
19.53125,P4,4.939022442056418e-13,-12.3063590004756
19.775390625,P4,5.060343621077986e-13,-12.295819991525592
20.01953125,P4,4.558136483982577e-13,-12.341212674909686
20.263671875,P4,4.842802782029127e-13,-12.314903216772267
20.5078125,P4,4.422810154007313e-13,-12.354301702013291
20.751953125,P4,4.332772245192578e-13,-12.363234139319133
20.99609375,P4,4.4734422083346344e-13,-12.349358168863542
21.240234375,P4,4.5382958228705846e-13,-12.343107198611284
21.484375,P4,4.507562908730347e-13,-12.346058203435554
21.728515625,P4,4.3608663729432393e-13,-12.360427220912566
21.97265625,P4,4.199584164584651e-13,-12.37679371054664
22.216796875,P4,4.301914912154944e-13,-12.366338183801423
22.4609375,P4,4.49461148193618e-13,-12.347307843095082
22.705078125,P4,4.220752150140099e-13,-12.374610149619302
22.94921875,P4,3.708692179056811e-13,-12.430779211558098
23.193359375,P4,3.381222164628041e-13,-12.470926292794665
23.4375,P4,3.213519610990714e-13,-12.493019045397563
23.681640625,P4,3.0308289671762724e-13,-12.51843857062919
23.92578125,P4,3.404660098379864e-13,-12.467926239042358
24.169921875,P4,3.345647200978591e-13,-12.47551985738032
24.4140625,P4,3.137877144868701e-13,-12.503364064047386
24.658203125,P4,3.112696365732633e-13,-12.506863241385659
24.90234375,P4,2.86528908780442e-13,-12.542831554183675
25.146484375,P4,2.7450634309231383e-13,-12.561447615737888
25.390625,P4,2.930480296918602e-13,-12.533061194251069
25.634765625,P4,2.713165828154269e-13,-12.566523661435076
25.87890625,P4,2.960208535211983e-13,-12.528677693501274
26.123046875,P4,2.877316828312881e-13,-12.541012314261165
26.3671875,P4,2.882742761985435e-13,-12.540194109618238
26.611328125,P4,2.789073548015865e-13,-12.554540033214662
26.85546875,P4,2.832860582045924e-13,-12.547774798560411
27.099609375,P4,2.457674501757141e-13,-12.60947563627928
27.34375,P4,2.530684771061348e-13,-12.596761948367899
27.587890625,P4,2.8537068287420565e-13,-12.544590645516923
27.83203125,P4,2.767040099549586e-13,-12.557984547079892
28.076171875,P4,2.4618786093807733e-13,-12.608733365123552
28.3203125,P4,2.5869990597137e-13,-12.587203729134723
28.564453125,P4,2.504910872333515e-13,-12.601207722228816
28.80859375,P4,2.3155123283419164e-13,-12.63535290237615
29.052734375,P4,2.2976418004616843e-13,-12.63871767634765
29.296875,P4,2.319866546682942e-13,-12.634536997741089
29.541015625,P4,2.216709376792973e-13,-12.654291241630025
29.78515625,P4,2.089061270043363e-13,-12.68004882241724
30.029296875,P4,2.33594196421252e-13,-12.631537951343608
30.2734375,P4,2.4593220461500977e-13,-12.60918459704085
30.517578125,P4,2.7388382525121333e-13,-12.562433615104805
30.76171875,P4,2.495020162586501e-13,-12.60292594043551
31.005859375,P4,2.606265919296502e-13,-12.583981274966
31.25,P4,2.3325793205070525e-13,-12.632163578932893
31.494140625,P4,1.949109366148158e-13,-12.710163791573976
31.73828125,P4,2.1050425675206662e-13,-12.676739117570634
31.982421875,P4,2.017357506249809e-13,-12.695217131418742
32.2265625,P4,2.0636193096179112e-13,-12.685370417016372
32.470703125,P4,2.2118525893549497e-13,-12.655243820298168
32.71484375,P4,2.2091337561181e-13,-12.655777988164145
32.958984375,P4,1.999524328057434e-13,-12.699073307471032
33.203125,P4,1.94135301600805e-13,-12.711895485237989
33.447265625,P4,1.8204035209734025e-13,-12.739832333164633
33.69140625,P4,1.7955178835019364e-13,-12.74581026490854
33.935546875,P4,1.8066397277296906e-13,-12.743128443929745
34.1796875,P4,2.064996494623849e-13,-12.685080681231218
34.423828125,P4,1.7450283439034612e-13,-12.75819751454956
34.66796875,P4,1.9168800170034214e-13,-12.717405070003572
34.912109375,P4,1.7734033129445098e-13,-12.75119248455281
35.15625,P4,1.611945767408523e-13,-12.792649573766303
35.400390625,P4,1.5800838189656105e-13,-12.80131987434386
35.64453125,P4,1.5567191875862325e-13,-12.807789721587744
35.888671875,P4,1.7062070571717041e-13,-12.767968266057988
36.1328125,P4,1.5081463213270671e-13,-12.821556520891864
36.376953125,P4,1.6829312811289746e-13,-12.773933617141106
36.62109375,P4,1.6919647065448976e-13,-12.771608700347032
36.865234375,P4,1.6119501859376226e-13,-12.792648383316713
37.109375,P4,1.525703916566965e-13,-12.816529738908926
37.353515625,P4,1.6912410983994032e-13,-12.771794476233902
37.59765625,P4,1.52708371836734e-13,-12.816137153232823
37.841796875,P4,1.504773140770987e-13,-12.822528969264598
38.0859375,P4,1.5262988648254784e-13,-12.81636041878213
38.330078125,P4,1.6804412228547986e-13,-12.774576673338057
38.57421875,P4,1.6808393304787544e-13,-12.77447379829246
38.818359375,P4,1.616132420361982e-13,-12.79152305749932
39.0625,P4,1.484988888944044e-13,-12.828276795833869
39.306640625,P4,1.4685996941360274e-13,-12.833096566578327
39.55078125,P4,1.5521446327764045e-13,-12.809067812530113
39.794921875,P4,1.550942978045842e-13,-12.809404169159492
0.0,O1,4.771605077976554e-10,-9.32133550790886
0.244140625,O1,3.556968087557308e-09,-8.448920031204418
0.48828125,O1,1.7215248529460283e-09,-8.764086703183294
0.732421875,O1,8.203787740082101e-10,-9.085985584835072
0.9765625,O1,4.705680903806444e-10,-9.327377526036884
1.220703125,O1,3.102280482726775e-10,-9.50831893940645
1.46484375,O1,2.095898755281988e-10,-9.678629700259087
1.708984375,O1,1.557691449495071e-10,-9.80751856402704
1.953125,O1,1.2908097436801295e-10,-9.889137764982928
2.197265625,O1,9.382620030703964e-11,-10.027675871003455
2.44140625,O1,7.000276558499079e-11,-10.154884802063243
2.685546875,O1,5.827229791283445e-11,-10.234537855580923
2.9296875,O1,4.815728098243215e-11,-10.317338041842872
3.173828125,O1,4.047580977647685e-11,-10.392804453805287
3.41796875,O1,3.4682986298043936e-11,-10.45988351566741
3.662109375,O1,3.009547565454315e-11,-10.521498788324871
3.90625,O1,2.431999754853352e-11,-10.614036473176375
4.150390625,O1,2.2956528133675996e-11,-10.639093792510948
4.39453125,O1,1.875501454954249e-11,-10.726882594601312
4.638671875,O1,1.6576155182403147e-11,-10.780516196144205
4.8828125,O1,1.4098540184017479e-11,-10.85082585350402
5.126953125,O1,1.1783482877280175e-11,-10.928726324929137
5.37109375,O1,1.0931127523828155e-11,-10.961335039137095
5.615234375,O1,8.811289582228237e-12,-11.054960525474465
5.859375,O1,8.639463469851247e-12,-11.063513227349592
6.103515625,O1,8.675470338479749e-12,-11.061706970730842
6.34765625,O1,8.08339662355484e-12,-11.092406111391316
6.591796875,O1,6.671424247100491e-12,-11.175781440951935
6.8359375,O1,5.982689808918914e-12,-11.223103513916625
7.080078125,O1,6.004144549362415e-12,-11.221548860693462
7.32421875,O1,5.907269571797584e-12,-11.228613210135471
7.568359375,O1,5.166875099725061e-12,-11.286772036645901
7.8125,O1,4.43783686515276e-12,-11.352828666472227
8.056640625,O1,4.33676634784547e-12,-11.36283397572417
8.30078125,O1,4.246875688561924e-12,-11.37193045117361
8.544921875,O1,3.5192264207555498e-12,-11.453552790532992
8.7890625,O1,3.635693485018882e-12,-11.43941273803977
9.033203125,O1,3.5257132226906306e-12,-11.452753015595421
9.27734375,O1,3.5449079519162448e-12,-11.45039503734801
9.521484375,O1,3.770185053378259e-12,-11.423637332635415
9.765625,O1,3.3173272290193655e-12,-11.479211686530569
10.009765625,O1,2.9592756711137122e-12,-11.528814576283448
10.25390625,O1,3.26091854393635e-12,-11.486660049510753
10.498046875,O1,3.3307616830591573e-12,-11.477456440090265
10.7421875,O1,3.0846346773278816e-12,-11.510796263402343
10.986328125,O1,2.8478501313398045e-12,-11.545482869264365
11.23046875,O1,2.7841765024583008e-12,-11.555303236154186
11.474609375,O1,2.657249321802976e-12,-11.57556769511801
11.71875,O1,2.5702495172853105e-12,-11.590024713742618
11.962890625,O1,2.573241597681818e-12,-11.589519436636797
12.20703125,O1,2.896938319740529e-12,-11.538060751493338
12.451171875,O1,2.5688421827386097e-12,-11.590262575870316
12.6953125,O1,2.126642526315112e-12,-11.67230550581714
12.939453125,O1,2.131759403022588e-12,-11.671261812701731
13.18359375,O1,2.025397967747305e-12,-11.6934896301207
13.427734375,O1,1.902282349340269e-12,-11.720725021752045
13.671875,O1,1.6259664644129236e-12,-11.788888415980947
13.916015625,O1,1.540331041957386e-12,-11.812385932251166
14.16015625,O1,1.2924846547728017e-12,-11.888574604432904
14.404296875,O1,1.2476572551643416e-12,-11.90390470362363
14.6484375,O1,1.17528402729863e-12,-11.929857166088146
14.892578125,O1,1.1415303982627433e-12,-11.942512519020886
15.13671875,O1,1.0788508476009445e-12,-11.967038592890166
15.380859375,O1,1.2641843081710909e-12,-11.898189604703559
15.625,O1,1.1037363230547289e-12,-11.957134664939776
15.869140625,O1,1.020252702429583e-12,-11.99129224620066
16.11328125,O1,9.900189121172426e-13,-12.004356509089613
16.357421875,O1,8.413373441771453e-13,-12.075029833763434
16.6015625,O1,7.822817806771952e-13,-12.106636784343646
16.845703125,O1,8.241324914486547e-13,-12.08400296344903
17.08984375,O1,7.616256098444906e-13,-12.118258461121549
17.333984375,O1,8.132980191616471e-13,-12.089750285450023
17.578125,O1,7.695370456747199e-13,-12.113770468301839
17.822265625,O1,7.708928424057635e-13,-12.113005986652304
18.06640625,O1,7.284053600737279e-13,-12.137626867048072
18.310546875,O1,7.247995356346396e-13,-12.139782093575418
18.5546875,O1,6.300544494893546e-13,-12.200621917068728
18.798828125,O1,6.84472571011489e-13,-12.16464395073968
19.04296875,O1,6.629153109975921e-13,-12.17854195020109
19.287109375,O1,5.490970070706415e-13,-12.260350923466452
19.53125,O1,5.405663961999446e-13,-12.267150955304949
19.775390625,O1,5.561409972041374e-13,-12.254815088733114
20.01953125,O1,5.018310887098444e-13,-12.2994424374078
20.263671875,O1,4.871753306081793e-13,-12.312314711450705
20.5078125,O1,4.721725366171704e-13,-12.325899276771219
20.751953125,O1,4.932216219754745e-13,-12.306957892946528
20.99609375,O1,5.168503583565689e-13,-12.28663517827363
21.240234375,O1,5.444651968546787e-13,-12.264029875866035
21.484375,O1,5.34248106499698e-13,-12.272257008402432
21.728515625,O1,4.959931565556573e-13,-12.304524315627985
21.97265625,O1,4.716929467674035e-13,-12.326340617718467
22.216796875,O1,4.698475700198882e-13,-12.328043014907776
22.4609375,O1,5.10360316324896e-13,-12.29212310205951
22.705078125,O1,4.833721060356021e-13,-12.315718415046174
22.94921875,O1,4.176786020995164e-13,-12.379157773305964
23.193359375,O1,3.9142351011091314e-13,-12.40735309282007
23.4375,O1,3.757937097771298e-13,-12.425050493612677
23.681640625,O1,3.9177600478596644e-13,-12.406962166881785
23.92578125,O1,3.838184142286057e-13,-12.415874193211724
24.169921875,O1,3.718854194529898e-13,-12.429590848732296
24.4140625,O1,3.718148497958931e-13,-12.429673269067546
24.658203125,O1,3.6520417182936783e-13,-12.437464270042105
24.90234375,O1,3.1887389367067105e-13,-12.49638103515928
25.146484375,O1,3.263575851134513e-13,-12.486306289097513
25.390625,O1,3.560182204522697e-13,-12.448527774950197
25.634765625,O1,3.170519885137494e-13,-12.498869518623241
25.87890625,O1,3.392956969973436e-13,-12.4694216481125
26.123046875,O1,3.7796768197095044e-13,-12.422545332812822
26.3671875,O1,3.660246234485921e-13,-12.436489697479525
26.611328125,O1,3.052088094788923e-13,-12.515402935157342
26.85546875,O1,3.142376370940876e-13,-12.502741799552695
27.099609375,O1,2.8083142300549093e-13,-12.551554299411286
27.34375,O1,2.870520739484663e-13,-12.542039311011584
27.587890625,O1,3.192011106557427e-13,-12.495935606197182
27.83203125,O1,3.193471490797274e-13,-12.495736956582775
28.076171875,O1,3.2166762584678493e-13,-12.492592646352
28.3203125,O1,3.251532933646286e-13,-12.487911842816034
28.564453125,O1,3.2016071742086705e-13,-12.494631955533281
28.80859375,O1,2.9012024482570933e-13,-12.537421964719151
29.052734375,O1,2.962859291194455e-13,-12.528288973058876
29.296875,O1,2.9163539953697866e-13,-12.535159761250926
29.541015625,O1,2.733823524522901e-13,-12.563229523710982
29.78515625,O1,2.569964682746537e-13,-12.590072844837454
30.029296875,O1,2.8557972591013043e-13,-12.54427262756075
30.2734375,O1,3.0427125563074383e-13,-12.516739073309239
30.517578125,O1,3.2699830110302e-13,-12.485454503680694
30.76171875,O1,2.951041749335287e-13,-12.53002464635308
31.005859375,O1,3.198872149336979e-13,-12.495003117198491
31.25,O1,2.794054547153895e-13,-12.553765119590235
31.494140625,O1,2.6287149977381854e-13,-12.580256497050412
31.73828125,O1,2.7653449419717685e-13,-12.558250688210531
31.982421875,O1,2.6174198800320873e-13,-12.58212660332343
32.2265625,O1,2.4194105385455965e-13,-12.616290431970029
32.470703125,O1,2.9825061825551146e-13,-12.525418647390467
32.71484375,O1,2.971216566707208e-13,-12.527065692087916
32.958984375,O1,2.547447595831203e-13,-12.593894741207865
33.203125,O1,2.437460657214379e-13,-12.61306238547254
33.447265625,O1,2.1661244040519681e-13,-12.664316604755108
33.69140625,O1,2.1751039667960738e-13,-12.662519979570625
33.935546875,O1,2.2677452695697002e-13,-12.644405730305282
34.1796875,O1,2.6439747118300093e-13,-12.577742702955385
34.423828125,O1,2.2330100292656505e-13,-12.651109326348648
34.66796875,O1,2.419083119547392e-13,-12.616349209050028
34.912109375,O1,2.30735494986525e-13,-12.636885591040135
35.15625,O1,2.037937921470639e-13,-12.690809049364612
35.400390625,O1,2.0414656289442558e-13,-12.690057927661389
35.64453125,O1,2.166105777657609e-13,-12.664320339247482
35.888671875,O1,2.2516175485376474e-13,-12.647505375217303
36.1328125,O1,1.974989755315065e-13,-12.70443515280799
36.376953125,O1,2.1854388913259838e-13,-12.66046133263393
36.62109375,O1,2.342424776799117e-13,-12.630334346884412
36.865234375,O1,2.3699818766657725e-13,-12.625254975042278
37.109375,O1,1.9919689604959805e-13,-12.700717433176548
37.353515625,O1,2.0611779407819405e-13,-12.685884514109247
37.59765625,O1,1.9035739413108125e-13,-12.720430249041582
37.841796875,O1,1.8661343639934819e-13,-12.729057089721287
38.0859375,O1,1.921708176216463e-13,-12.716312562079201
38.330078125,O1,1.978375128205135e-13,-12.703691356488633
38.57421875,O1,2.256712329564652e-13,-12.64652379831931
38.818359375,O1,2.0788806654861562e-13,-12.68217043986927
39.0625,O1,2.0228060964073386e-13,-12.694045746144853
39.306640625,O1,2.0217392460604123e-13,-12.694274858289829
39.55078125,O1,2.0778532145506785e-13,-12.68238513549024
39.794921875,O1,2.3696557968216783e-13,-12.625314732638502
0.0,O2,4.772274058998455e-10,-9.321274623909257
0.244140625,O2,3.602117951085078e-09,-8.443442070343057
0.48828125,O2,1.734414513652074e-09,-8.760847100932393
0.732421875,O2,8.211871630329884e-10,-9.08555784822925
0.9765625,O2,4.696610559848627e-10,-9.32821544976368
1.220703125,O2,3.1042798285754193e-10,-9.508039137114693
1.46484375,O2,2.093596622326896e-10,-9.679106991030181
1.708984375,O2,1.5780870408038042e-10,-9.801869046564944
1.953125,O2,1.2957592233457855e-10,-9.887475691125188
2.197265625,O2,9.323928161525647e-11,-10.030401081266131
2.44140625,O2,6.950607923666429e-11,-10.157977208885072
2.685546875,O2,5.831852977787727e-11,-10.234193433205231
2.9296875,O2,4.870357933119121e-11,-10.312439120373401
3.173828125,O2,4.061247077480916e-11,-10.391340588170044
3.41796875,O2,3.5040637784054106e-11,-10.455427997721577
3.662109375,O2,3.0496140772429656e-11,-10.515755116301857
3.90625,O2,2.441011517387992e-11,-10.612430171452845
4.150390625,O2,2.2952829666193022e-11,-10.639163766220005
4.39453125,O2,1.8757678792526503e-11,-10.726820905294291
4.638671875,O2,1.6687182285862877e-11,-10.777616989924166
4.8828125,O2,1.4083822233127631e-11,-10.85127946525898
5.126953125,O2,1.1753926931964673e-11,-10.929817013395585
5.37109375,O2,1.0767562295610411e-11,-10.967882606952259
5.615234375,O2,9.007343781047668e-12,-11.045403261330545
5.859375,O2,8.795634565893524e-12,-11.055732822661952
6.103515625,O2,8.863259297895066e-12,-11.052406545065786
6.34765625,O2,8.121851174796892e-12,-11.090344972806664
6.591796875,O2,6.611231715901122e-12,-11.179717621061139
6.8359375,O2,5.9114653219541495e-12,-11.228304853744813
7.080078125,O2,6.046888427572544e-12,-11.2184680445802
7.32421875,O2,5.864431558444773e-12,-11.231774077835746
7.568359375,O2,5.216605820049802e-12,-11.282611978429028
7.8125,O2,4.4310970720701686e-12,-11.35348873577235
8.056640625,O2,4.308425232366307e-12,-11.365681439321051
8.30078125,O2,4.158517552511619e-12,-11.381061461081435
8.544921875,O2,3.428614358393026e-12,-11.464881360449512
8.7890625,O2,3.661021368592025e-12,-11.43639773622786
9.033203125,O2,3.660656497027403e-12,-11.436441021854504
9.27734375,O2,3.7787901882038624e-12,-11.422647220979231
9.521484375,O2,3.701312335152238e-12,-11.43164426542914
9.765625,O2,3.358762753750202e-12,-11.473820671471222
10.009765625,O2,3.01638956611428e-12,-11.520512570133794
10.25390625,O2,3.415643323146393e-12,-11.466527486600388
10.498046875,O2,3.756100025010548e-12,-11.425262850982145
10.7421875,O2,3.3972905787306244e-12,-11.468867305251798
10.986328125,O2,3.094558178172644e-12,-11.509401348090949
11.23046875,O2,2.994697913365532e-12,-11.523646980010975
11.474609375,O2,2.7931328044963416e-12,-11.553908414499944
11.71875,O2,2.8069436373067417e-12,-11.55176630779749
11.962890625,O2,2.790253879924092e-12,-11.55435627929492
12.20703125,O2,3.0784514168665856e-12,-11.51166769591471
12.451171875,O2,2.7498870920563213e-12,-11.56068513755285
12.6953125,O2,2.273705110164394e-12,-11.64326586213422
12.939453125,O2,2.2521228873374917e-12,-11.647407915847117
13.18359375,O2,2.0736378423713304e-12,-11.683267090181081
13.427734375,O2,2.0018606394390896e-12,-11.698566159438737
13.671875,O2,1.689518795185181e-12,-11.772236972518971
13.916015625,O2,1.5962354120243518e-12,-11.79690305872228
14.16015625,O2,1.3807313916740046e-12,-11.859890801117325
14.404296875,O2,1.2486148257263482e-12,-11.903571512674858
14.6484375,O2,1.1477835430709405e-12,-11.940140006461963
14.892578125,O2,1.1129195952868756e-12,-11.953536210853612
15.13671875,O2,1.0733273432513982e-12,-11.969267806750654
15.380859375,O2,1.2781795163966126e-12,-11.893408146564651
15.625,O2,1.154851945715748e-12,-11.937473689607453
15.869140625,O2,1.0789289061358312e-12,-11.967007171341304
16.11328125,O2,9.893934710338294e-13,-12.00463095985352
16.357421875,O2,7.97971805198397e-13,-12.098012453339843
16.6015625,O2,7.548961502265858e-13,-12.12211278941142
16.845703125,O2,8.217417414319176e-13,-12.085264651917552
17.08984375,O2,7.744797994834293e-13,-12.110989905325418
17.333984375,O2,8.121121944941088e-13,-12.090383968192581
17.578125,O2,7.958553517230314e-13,-12.099165858967083
17.822265625,O2,8.257776819822315e-13,-12.083136858834703
18.06640625,O2,7.682028207074225e-13,-12.114524102513958
18.310546875,O2,7.366977119369219e-13,-12.13271067899093
18.5546875,O2,6.58299970942466e-13,-12.181576164077793
18.798828125,O2,7.075554157253791e-13,-12.150239540536866
19.04296875,O2,6.892801107576666e-13,-12.161604252933081
19.287109375,O2,5.739432395855214e-13,-12.241131055256524
19.53125,O2,5.553215793890479e-13,-12.255455449834667
19.775390625,O2,5.750655982674939e-13,-12.240282612109237
20.01953125,O2,5.065499636258187e-13,-12.295377711494588
20.263671875,O2,5.373129634646752e-13,-12.269772681312455
20.5078125,O2,4.933138536445255e-13,-12.306876688152515
20.751953125,O2,4.968902768826837e-13,-12.303739501418105
20.99609375,O2,5.20391681014164e-13,-12.283669654690238
21.240234375,O2,5.167952673119275e-13,-12.286681472160275
21.484375,O2,5.078923269705028e-13,-12.294228348265204
21.728515625,O2,4.969261242334687e-13,-12.303708171070516
21.97265625,O2,4.723220832744861e-13,-12.325761748642982
22.216796875,O2,4.75854224146406e-13,-12.322526071113828
22.4609375,O2,4.95835675448225e-13,-12.30466222889352
22.705078125,O2,4.915951499623653e-13,-12.308392410478367
22.94921875,O2,4.3832474086002593e-13,-12.358204015278643
23.193359375,O2,3.9929891245221033e-13,-12.398701872667289
23.4375,O2,3.786590408957969e-13,-12.42175166946321
23.681640625,O2,3.696289617078694e-13,-12.432234007643652
23.92578125,O2,4.0179551746293893e-13,-12.395994912664847
24.169921875,O2,3.822408273833312e-13,-12.417662927536574
24.4140625,O2,3.634888536599852e-13,-12.439508902186462
24.658203125,O2,3.64037861579415e-13,-12.438853445417127
24.90234375,O2,3.185304606710437e-13,-12.49684903030258
25.146484375,O2,3.125985367800671e-13,-12.505013059169775
25.390625,O2,3.4624071454879385e-13,-12.460621864640256
25.634765625,O2,3.34493796162878e-13,-12.47561193265614
25.87890625,O2,3.539967532456544e-13,-12.451000721177497
26.123046875,O2,3.54866549709736e-13,-12.449934936017694
26.3671875,O2,3.5531347722278093e-13,-12.449388319185374
26.611328125,O2,3.3334474370999e-13,-12.477106388583248
26.85546875,O2,3.3724707753056373e-13,-12.472051805089265
27.099609375,O2,2.913419266580133e-13,-12.53559701209058
27.34375,O2,2.959962766676363e-13,-12.528713751889947
27.587890625,O2,3.2350755453635213e-13,-12.490115573248316
27.83203125,O2,3.3337827655336664e-13,-12.477062702889457
28.076171875,O2,3.2141877282235066e-13,-12.49292876137771
28.3203125,O2,3.17399137603316e-13,-12.498394257589457
28.564453125,O2,3.22850937853423e-13,-12.490997947669246
28.80859375,O2,2.8977691232188585e-13,-12.537936219453643
29.052734375,O2,2.8566774229922693e-13,-12.544138797532499
29.296875,O2,2.837950196910725e-13,-12.546995230230426
29.541015625,O2,2.670377651085905e-13,-12.573427315345283
29.78515625,O2,2.609920483458682e-13,-12.583372724125772
30.029296875,O2,2.897163876484083e-13,-12.538026938472507
30.2734375,O2,3.0489007161531776e-13,-12.515856717690657
30.517578125,O2,3.417243195428686e-13,-12.46632411260471
30.76171875,O2,3.0765349474974895e-13,-12.511938147236407
31.005859375,O2,3.3055824967623725e-13,-12.480751999767094
31.25,O2,2.945747516601824e-13,-12.530804479776371
31.494140625,O2,2.589984042839205e-13,-12.586702911643933
31.73828125,O2,2.634172649600147e-13,-12.579355763804232
31.982421875,O2,2.493698341515057e-13,-12.603156083551564
32.2265625,O2,2.6368313039226397e-13,-12.578917654096994
32.470703125,O2,3.009727205363944e-13,-12.52147286605866
32.71484375,O2,2.985756947050212e-13,-12.524945548537033
32.958984375,O2,2.582515595520411e-13,-12.587957047145029
33.203125,O2,2.470169169951564e-13,-12.607273302991095
33.447265625,O2,2.342666335574298e-13,-12.630289563275857
33.69140625,O2,2.309821685525287e-13,-12.63642154564097
33.935546875,O2,2.399905176887364e-13,-12.619805917441779
34.1796875,O2,2.771322669546833e-13,-12.557312905670182
34.423828125,O2,2.2354434391469841e-13,-12.650636314110471
34.66796875,O2,2.4621167290956225e-13,-12.608691360990257
34.912109375,O2,2.313807364444316e-13,-12.635672800976891
35.15625,O2,2.0971174023110374e-13,-12.67837725587294
35.400390625,O2,2.182736860458433e-13,-12.660998617446657
35.64453125,O2,2.1641183547638791e-13,-12.664718991525131
35.888671875,O2,2.258274295513509e-13,-12.64622330873832
36.1328125,O2,1.9876548659365498e-13,-12.701659023777673
36.376953125,O2,2.2118406005866432e-13,-12.655246174284168
36.62109375,O2,2.242122086081565e-13,-12.64934074327183
36.865234375,O2,2.2621760474110498e-13,-12.645473600363662
37.109375,O2,2.0127125040585053e-13,-12.69621825532391
37.353515625,O2,2.180865137857047e-13,-12.661371189852483
37.59765625,O2,1.995636689811979e-13,-12.699918520148566
37.841796875,O2,1.904958081641108e-13,-12.720114576477734
38.0859375,O2,2.0296929136510366e-13,-12.692569664547497
38.330078125,O2,2.135643293517697e-13,-12.6704712837566
38.57421875,O2,2.2414586706877045e-13,-12.649469264497386
38.818359375,O2,2.212419995794652e-13,-12.655132425042849
39.0625,O2,1.9946431231343062e-13,-12.700134795976158
39.306640625,O2,2.0318731635018598e-13,-12.69210340569446
39.55078125,O2,2.206338395713413e-13,-12.6563278771541
39.794921875,O2,2.308595149999601e-13,-12.636652221061642
0.0,F7,8.958491826575181e-10,-9.047765098209233
0.244140625,F7,1.00203148485543e-08,-7.9991186322770025
0.48828125,F7,2.9238355619182316e-09,-8.534047055982196
0.732421875,F7,1.0302166692946092e-09,-8.987071427349928
0.9765625,F7,5.431126381697397e-10,-9.265110091106253
1.220703125,F7,3.552207167462258e-10,-9.449501713765613
1.46484375,F7,2.4462142383317765e-10,-9.611505510320637
1.708984375,F7,1.6131642471745094e-10,-9.792321411898048
1.953125,F7,1.383932564459774e-10,-9.858885071437449
2.197265625,F7,1.037689943223124e-10,-9.983932392212557
2.44140625,F7,8.05523618876939e-11,-10.093921721045458
2.685546875,F7,6.623925329655076e-11,-10.178884571920873
2.9296875,F7,5.101411496888989e-11,-10.292309643412489
3.173828125,F7,4.4956953993938025e-11,-10.34720312155906
3.41796875,F7,4.279596687667732e-11,-10.368597157289061
3.662109375,F7,3.485889096780943e-11,-10.4576864340425
3.90625,F7,2.949918385143717e-11,-10.530189999402191
4.150390625,F7,2.755302449399385e-11,-10.559830721713944
4.39453125,F7,2.3692265178525286e-11,-10.62539341511071
4.638671875,F7,1.825232453462896e-11,-10.738681817877378
4.8828125,F7,1.7345338650272953e-11,-10.760817216576658
5.126953125,F7,1.4706129853974768e-11,-10.832501603561088
5.37109375,F7,1.2848146528830744e-11,-10.891159519053272
5.615234375,F7,1.0663314700703815e-11,-10.97210777350288
5.859375,F7,1.0159191881387846e-11,-10.993140836876147
6.103515625,F7,1.0199293805748478e-11,-10.991429897540444
6.34765625,F7,9.384433048579355e-12,-11.027591959730012
6.591796875,F7,7.724621894974801e-12,-11.112122769242262
6.8359375,F7,7.435224743444135e-12,-11.128705899588232
7.080078125,F7,7.007266100675912e-12,-11.154451389876078
7.32421875,F7,6.26658195138844e-12,-11.20296927646022
7.568359375,F7,6.7579662284088606e-12,-11.170183982855932
7.8125,F7,5.768589257752527e-12,-11.238930383115378
8.056640625,F7,6.161249142183938e-12,-11.210331229303003
8.30078125,F7,5.492035937021834e-12,-11.260266629629161
8.544921875,F7,4.83937965817161e-12,-11.31521030535964
8.7890625,F7,4.478497765264766e-12,-11.348867638159001
9.033203125,F7,4.176770072482472e-12,-11.37915943160597
9.27734375,F7,3.909018568510677e-12,-11.407932266589352
9.521484375,F7,3.5458551669475345e-12,-11.450279007449165
9.765625,F7,3.3998558346645558e-12,-11.468539498115712
10.009765625,F7,3.020752730109037e-12,-11.519884823334563
10.25390625,F7,2.797350469407337e-12,-11.553253119114862
10.498046875,F7,3.191926347233435e-12,-11.495947138423794
10.7421875,F7,2.982354977082594e-12,-11.525440665573491
10.986328125,F7,2.638220727210803e-12,-11.578688871943767
11.23046875,F7,2.548842584651926e-12,-11.59365698553037
11.474609375,F7,2.6719744963351946e-12,-11.573167691463615
11.71875,F7,2.253261530399355e-12,-11.647188397882253
11.962890625,F7,1.986875714074363e-12,-11.701829298657604
12.20703125,F7,2.207784718104111e-12,-11.656043277092156
12.451171875,F7,2.215977548618645e-12,-11.654434644016003
12.6953125,F7,2.264192298299836e-12,-11.645086691201097
12.939453125,F7,1.997106699416454e-12,-11.699598731458847
13.18359375,F7,2.068140366686245e-12,-11.684419988591388
13.427734375,F7,1.928659449523528e-12,-11.71474445055701
13.671875,F7,1.9885456800444176e-12,-11.701464428131176
13.916015625,F7,1.7555831312898192e-12,-11.755578600772465
14.16015625,F7,1.5476827756693369e-12,-11.810318050690862
14.404296875,F7,1.7630626620080045e-12,-11.753732251920368
14.6484375,F7,1.5393269273561805e-12,-11.812669133470456
14.892578125,F7,1.6066310540344292e-12,-11.794083842958663
15.13671875,F7,1.4734335918329828e-12,-11.831669433177076
15.380859375,F7,1.5097792879440173e-12,-11.821086536835328
15.625,F7,1.5896293472580808e-12,-11.79870412801035
15.869140625,F7,1.3826765359470208e-12,-11.859279407080743
16.11328125,F7,1.4312040875580676e-12,-11.84429843208198
16.357421875,F7,1.4691319947889616e-12,-11.83293918308433
16.6015625,F7,1.345153513755142e-12,-11.871228149585521
16.845703125,F7,1.1793685119383617e-12,-11.92835047166926
17.08984375,F7,1.0946323710088502e-12,-11.960731712832796
17.333984375,F7,1.2960797978726197e-12,-11.887368258720928
17.578125,F7,1.223706223210846e-12,-11.912322831334283
17.822265625,F7,1.199396697611135e-12,-11.921037151272156
18.06640625,F7,1.2619834639503849e-12,-11.898946335711654
18.310546875,F7,1.5015151850087666e-12,-11.823470271368985
18.5546875,F7,1.3549876562959089e-12,-11.868064661119458
18.798828125,F7,1.1941450154251833e-12,-11.922942929844234
19.04296875,F7,1.0566354095575199e-12,-11.976074839496363
19.287109375,F7,9.427547104364785e-13,-12.025601288981786
19.53125,F7,1.0405044941278705e-12,-11.982756039651566
19.775390625,F7,1.1007166750134068e-12,-11.958324454246245
20.01953125,F7,1.028884853942288e-12,-11.98763322591358
20.263671875,F7,1.2558236315058133e-12,-11.90107134884893
20.5078125,F7,1.0994660041193098e-12,-11.958818194635748
20.751953125,F7,1.0925296846131894e-12,-11.961566754184942
20.99609375,F7,1.116018060009675e-12,-11.952328777352667
21.240234375,F7,1.144384115715782e-12,-11.941428178920654
21.484375,F7,1.1249211872382104e-12,-11.948877903460652
21.728515625,F7,1.1170911332345219e-12,-11.951911395329873
21.97265625,F7,1.2228654642576209e-12,-11.912621320023774
22.216796875,F7,1.1961113802588004e-12,-11.922228377555333
22.4609375,F7,1.1682185751096534e-12,-11.932475892597704
22.705078125,F7,1.2508741116733389e-12,-11.90278639562764
22.94921875,F7,1.1187060573318417e-12,-11.951284010387187
23.193359375,F7,1.1920476882568378e-12,-11.923706370155749
23.4375,F7,9.84808246458517e-13,-12.006648323423171
23.681640625,F7,9.543688929710421e-13,-12.0202837246512
23.92578125,F7,1.0434642728882577e-12,-11.98152241612714
24.169921875,F7,1.041633534908923e-12,-11.982285046641232
24.4140625,F7,1.0632210857974234e-12,-11.97337641905304
24.658203125,F7,1.0934415116108322e-12,-11.961204442497415
24.90234375,F7,1.0704421553826852e-12,-11.9704367961667
25.146484375,F7,9.669279208569276e-13,-12.01460589896852
25.390625,F7,1.233592825136058e-12,-11.908828165243897
25.634765625,F7,1.2127956566413685e-12,-11.916212367038591
25.87890625,F7,1.0577402369361745e-12,-11.975620974566096
26.123046875,F7,1.1314358313010294e-12,-11.946370071759734
26.3671875,F7,1.2196677920186849e-12,-11.913758444521976
26.611328125,F7,1.0923400160869681e-12,-11.96164215638811
26.85546875,F7,1.2242032036346789e-12,-11.912146488323971
27.099609375,F7,1.1430555244727257e-12,-11.941932673028662
27.34375,F7,1.049049874368102e-12,-11.979203863905624
27.587890625,F7,1.131016897569514e-12,-11.946530906598525
27.83203125,F7,1.213370392101234e-12,-11.916006606642618
28.076171875,F7,1.253949110966552e-12,-11.90172008812641
28.3203125,F7,1.2716230273128658e-12,-11.895641616220963
28.564453125,F7,1.2519412761740326e-12,-11.902416041757936
28.80859375,F7,1.3550467780007402e-12,-11.86804571211287
29.052734375,F7,1.302814540259665e-12,-11.885117403070552
29.296875,F7,1.2418496226519561e-12,-11.905930990315978
29.541015625,F7,1.274538781254457e-12,-11.894646945421414
29.78515625,F7,1.0860378063615808e-12,-11.964155056139044
30.029296875,F7,1.2081882355654773e-12,-11.917865397421211
30.2734375,F7,1.182588360774643e-12,-11.927166399712206
30.517578125,F7,1.2554253156947292e-12,-11.901209118033824
30.76171875,F7,1.4007908383981368e-12,-11.853626707334481
31.005859375,F7,1.3633234535664818e-12,-11.865401093957143
31.25,F7,1.2821540590916159e-12,-11.892059788394768
31.494140625,F7,1.1179022664892629e-12,-11.951596163336676
31.73828125,F7,1.0988527702048706e-12,-11.959060492627446
31.982421875,F7,1.1236661092892693e-12,-11.949362717623776
32.2265625,F7,1.163507320573959e-12,-11.934230879867691
32.470703125,F7,1.194799920722246e-12,-11.922704814884357
32.71484375,F7,1.2733594155031156e-12,-11.895048996080412
32.958984375,F7,1.1977169575282658e-12,-11.921645801568616
33.203125,F7,1.2554038017660694e-12,-11.901216560500087
33.447265625,F7,1.2038115623542534e-12,-11.919441489684983
33.69140625,F7,1.2668822374562257e-12,-11.897263752914412
33.935546875,F7,1.2800572588334328e-12,-11.892770603290241
34.1796875,F7,1.083619945481202e-12,-11.965123009791782
34.423828125,F7,1.1436310977611808e-12,-11.941714043763108
34.66796875,F7,1.133019178649091e-12,-11.945762738758866
34.912109375,F7,1.0901497028060026e-12,-11.962513859271919
35.15625,F7,1.131087740377279e-12,-11.946503704814852
35.400390625,F7,9.962964695320353e-13,-12.001611408641574
35.64453125,F7,1.063967301258266e-12,-11.973071718940703
35.888671875,F7,1.1733753637735045e-12,-11.930563034484733
36.1328125,F7,1.208008157830849e-12,-11.917930132859789
36.376953125,F7,1.1285528632471989e-12,-11.947478093051576
36.62109375,F7,1.1921672173900952e-12,-11.923662824716182
36.865234375,F7,1.1213828882785192e-12,-11.95024607529559
37.109375,F7,1.0937553803521869e-12,-11.961079797602528
37.353515625,F7,1.0835745729420754e-12,-11.965141194632327
37.59765625,F7,1.175325349410003e-12,-11.92984189688593
37.841796875,F7,1.1737311896203529e-12,-11.930431354733964
38.0859375,F7,1.1274965791520572e-12,-11.947884767106444
38.330078125,F7,1.2431809683962922e-12,-11.905465647017854
38.57421875,F7,1.3747945270338158e-12,-11.861762205429011
38.818359375,F7,1.5463853449752366e-12,-11.810682274749386
39.0625,F7,1.385570443172914e-12,-11.85837138954715
39.306640625,F7,1.332404503077333e-12,-11.875363908209671
39.55078125,F7,1.3804419989843097e-12,-11.859981836073061
39.794921875,F7,1.4374638721281816e-12,-11.842403061652275
0.0,F8,7.878093380580275e-10,-9.103578875719009
0.244140625,F8,6.8898690473950085e-09,-8.161789032451475
0.48828125,F8,2.598202353154248e-09,-8.585327028229877
0.732421875,F8,9.336313521288227e-10,-9.029824572742548
0.9765625,F8,5.341681217188183e-10,-9.27232203352676
1.220703125,F8,3.365503427420123e-10,-9.472949962822616
1.46484375,F8,2.2964370892610822e-10,-9.638945447551087
1.708984375,F8,1.62716185116052e-10,-9.788569246344077
1.953125,F8,1.4049505568285603e-10,-9.852338959228195
2.197265625,F8,9.942565392250672e-11,-10.002501543977864
2.44140625,F8,7.816642234185652e-11,-10.106979765140833
2.685546875,F8,6.834315023943481e-11,-10.165305006513682
2.9296875,F8,5.4739925400649006e-11,-10.261695798780272
3.173828125,F8,4.35992274630646e-11,-10.360521205949317
3.41796875,F8,3.922060030470588e-11,-10.406485763370274
3.662109375,F8,3.3384948735922925e-11,-10.476449286308524
3.90625,F8,2.7265310136179168e-11,-10.56438955795643
4.150390625,F8,2.671775670688628e-11,-10.57320000917253
4.39453125,F8,2.185684720109138e-11,-10.660412483828168
4.638671875,F8,1.8100090341021164e-11,-10.74231925747838
4.8828125,F8,1.564243316530419e-11,-10.805695691936288
5.126953125,F8,1.3635354438523108e-11,-10.865333568489195
5.37109375,F8,1.2270293738119344e-11,-10.911145040588611
5.615234375,F8,1.174507182616159e-11,-10.930144322980862
5.859375,F8,1.0207501101292096e-11,-10.991080564548726
6.103515625,F8,1.0037323662317317e-11,-10.998382071417396
6.34765625,F8,8.901665731951297e-12,-11.050528718017398
6.591796875,F8,7.845368751634085e-12,-11.105386638688113
6.8359375,F8,6.3190728563112226e-12,-11.199346637370379
7.080078125,F8,5.822744986433769e-12,-11.234872229883358
7.32421875,F8,5.864135504815538e-12,-11.231796002842758
7.568359375,F8,6.269791309361025e-12,-11.202746914464544
7.8125,F8,5.259388020513686e-12,-11.279064787172556
8.056640625,F8,5.714266916209876e-12,-11.243039477371251
8.30078125,F8,5.661347221176799e-12,-11.247080208193188
8.544921875,F8,4.688890755992096e-12,-11.328929885542767
8.7890625,F8,4.650097892673404e-12,-11.332537904357277
9.033203125,F8,3.839653862602148e-12,-11.415707924678678
9.27734375,F8,3.845980626691098e-12,-11.414992907758055
9.521484375,F8,4.190961281556993e-12,-11.37768635140281
9.765625,F8,3.637691602111856e-12,-11.439174122528806
10.009765625,F8,2.661432961564298e-12,-11.574884468732021
10.25390625,F8,2.705971460340116e-12,-11.567676788182656
10.498046875,F8,2.821028834283507e-12,-11.549592474813716
10.7421875,F8,2.667590599900239e-12,-11.573880821624748
10.986328125,F8,2.5924754753088176e-12,-11.586285343324043
11.23046875,F8,2.193815135714276e-12,-11.658799971529662
11.474609375,F8,2.1879445047943746e-12,-11.659963697680118
11.71875,F8,2.1048406499197244e-12,-11.676780777491077
11.962890625,F8,1.820486308183827e-12,-11.739812583031917
12.20703125,F8,2.0477860628385098e-12,-11.688715417120962
12.451171875,F8,1.86737827950899e-12,-11.728767697014787
12.6953125,F8,1.807482055322444e-12,-11.742926005686614
12.939453125,F8,1.8028302616544064e-12,-11.744045160630337
13.18359375,F8,1.5594510357353325e-12,-11.807028256843864
13.427734375,F8,1.6019428943086597e-12,-11.79535296960551
13.671875,F8,1.6882940470990273e-12,-11.77255191084367
13.916015625,F8,1.728733691814011e-12,-11.762271903824697
14.16015625,F8,1.662324989957718e-12,-11.779284066263331
14.404296875,F8,1.4474327343204758e-12,-11.839401609840408
14.6484375,F8,1.2608969637579925e-12,-11.899320401055483
14.892578125,F8,1.2773192212063993e-12,-11.893700552475508
15.13671875,F8,1.2196457422659761e-12,-11.913766295981654
15.380859375,F8,1.2017516012966065e-12,-11.92018529051505
15.625,F8,1.2110368434172224e-12,-11.916842644099397
15.869140625,F8,1.191177336822481e-12,-11.924023578004848
16.11328125,F8,1.1427711517719292e-12,-11.942040731523806
16.357421875,F8,9.640141920214505e-13,-12.015916572454811
16.6015625,F8,9.77661621484159e-13,-12.009811432892104
16.845703125,F8,1.0142736520557445e-12,-11.993844856103273
17.08984375,F8,1.0400276426780876e-12,-11.982955117525242
17.333984375,F8,9.637995958493036e-13,-12.016013260147753
17.578125,F8,9.513612527504638e-13,-12.021654540596735
17.822265625,F8,9.532842507612176e-13,-12.020777581911231
18.06640625,F8,9.524098007441904e-13,-12.021176144149958
18.310546875,F8,9.078540545873384e-13,-12.0419839624721
18.5546875,F8,8.139553975822516e-13,-12.089399392548913
18.798828125,F8,8.334011598410632e-13,-12.079145899472426
19.04296875,F8,8.903123612116118e-13,-12.050457596781417
19.287109375,F8,8.42453788159744e-13,-12.074453912530995
19.53125,F8,8.229290003566155e-13,-12.084637632689871
19.775390625,F8,8.297110143347155e-13,-12.081073144652501
20.01953125,F8,7.573489372984099e-13,-12.120703979644436
20.263671875,F8,7.837795645399085e-13,-12.105806064056756
20.5078125,F8,7.426711436132465e-13,-12.12920345020989
20.751953125,F8,7.836093143361092e-13,-12.105900410425217
20.99609375,F8,8.028526750399544e-13,-12.095364141255917
21.240234375,F8,8.185151899586695e-13,-12.086973256564786
21.484375,F8,7.869389714428379e-13,-12.104058946666752
21.728515625,F8,7.634371013886219e-13,-12.11722673810343
21.97265625,F8,7.477001113728407e-13,-12.126272554663462
22.216796875,F8,6.848285758229787e-13,-12.164418126159015
22.4609375,F8,7.113902553010834e-13,-12.147892088121216
22.705078125,F8,7.020737577636025e-13,-12.153617259797478
22.94921875,F8,5.77806934068514e-13,-12.238217250637161
23.193359375,F8,6.058356662600646e-13,-12.217645162822278
23.4375,F8,5.418811161255651e-13,-12.266095983339634
23.681640625,F8,5.13331035471302e-13,-12.289602477943655
23.92578125,F8,6.43442201650006e-13,-12.191490458288461
24.169921875,F8,5.8979167544214e-13,-12.229301361548643
24.4140625,F8,5.414760690658988e-13,-12.266420732579359
24.658203125,F8,5.852854071736669e-13,-12.232632303944863
24.90234375,F8,5.877388585914785e-13,-12.230815594781676
25.146484375,F8,5.54157032466362e-13,-12.256367151029755
25.390625,F8,6.027351293560002e-13,-12.21987349570505
25.634765625,F8,5.911718658701416e-13,-12.228286242387398
25.87890625,F8,6.274993907237413e-13,-12.20238669152891
26.123046875,F8,6.609449421707905e-13,-12.179834716470955
26.3671875,F8,6.127332785623892e-13,-12.212728531772617
26.611328125,F8,6.583095511100338e-13,-12.181569843883628
26.85546875,F8,7.031466728675012e-13,-12.152954073880787
27.099609375,F8,6.286699924068639e-13,-12.201577268842009
27.34375,F8,5.844351675501978e-13,-12.23326365890224
27.587890625,F8,6.594803440041047e-13,-12.18079814419308
27.83203125,F8,6.117359227770895e-13,-12.213436015814462
28.076171875,F8,6.484578951196803e-13,-12.188118217746178
28.3203125,F8,6.58630741261689e-13,-12.18135800267248
28.564453125,F8,7.062854379285384e-13,-12.151019747865321
28.80859375,F8,6.914927168874999e-13,-12.16021238971552
29.052734375,F8,6.299888070098855e-13,-12.200667166573442
29.296875,F8,5.963980889593262e-13,-12.22446375682828
29.541015625,F8,6.009258716582341e-13,-12.221179097906322
29.78515625,F8,5.68690008660975e-13,-12.245124401819087
30.029296875,F8,5.904936302783538e-13,-12.228784782808946
30.2734375,F8,5.980831586434194e-13,-12.223238426665318
30.517578125,F8,6.874275574383719e-13,-12.162773061952167
30.76171875,F8,6.106614936928323e-13,-12.214199464323704
31.005859375,F8,6.292615244254354e-13,-12.201168821947988
31.25,F8,5.044642122245788e-13,-12.297169638118207
31.494140625,F8,5.509641455717246e-13,-12.258876662286147
31.73828125,F8,6.375957767629104e-13,-12.195454568234652
31.982421875,F8,6.231799415125657e-13,-12.205386533882672
32.2265625,F8,5.090210730774027e-13,-12.293264237836544
32.470703125,F8,5.20720138109809e-13,-12.283395626278894
32.71484375,F8,5.52941772376675e-13,-12.25732059973858
32.958984375,F8,5.214419689124084e-13,-12.28279401702357
33.203125,F8,5.129957433010977e-13,-12.289886238530512
33.447265625,F8,4.5283816127118793e-13,-12.344056981706808
33.69140625,F8,4.710249284410576e-13,-12.326956107737548
33.935546875,F8,5.168173232040685e-13,-12.286662937648718
34.1796875,F8,5.135999107046162e-13,-12.2893750604464
34.423828125,F8,4.90392500865505e-13,-12.309456179716461
34.66796875,F8,5.406450200848224e-13,-12.2670877929689
34.912109375,F8,4.646706339557594e-13,-12.33285477299984
35.15625,F8,4.731368986383536e-13,-12.32501318120499
35.400390625,F8,4.574008592599471e-13,-12.339703023875526
35.64453125,F8,4.743420814207008e-13,-12.323908345054837
35.888671875,F8,4.337955525091881e-13,-12.362714904905088
36.1328125,F8,4.74974377385301e-13,-12.323329817870533
36.376953125,F8,5.305016728763393e-13,-12.275313242262513
36.62109375,F8,5.347919632314196e-13,-12.271815127869425
36.865234375,F8,5.162691273518257e-13,-12.287123844779673
37.109375,F8,4.859418946078274e-13,-12.313415657404022
37.353515625,F8,4.601233620041876e-13,-12.337125715589957
37.59765625,F8,4.385148240523002e-13,-12.358015720666712
37.841796875,F8,4.712962250400226e-13,-12.326706038812087
38.0859375,F8,4.257615063023113e-13,-12.370833606298829
38.330078125,F8,4.268230436772064e-13,-12.369752141563183
38.57421875,F8,4.632162010999856e-13,-12.334216259459206
38.818359375,F8,5.087278055600157e-13,-12.293514524465635
39.0625,F8,4.984329829628989e-13,-12.302393226692327
39.306640625,F8,5.311518297455553e-13,-12.274781318098418
39.55078125,F8,4.885137898651766e-13,-12.31112317242049
39.794921875,F8,4.821280400145347e-13,-12.316837609712886
0.0,T3,6.345106999014161e-10,-9.19756104989873
0.244140625,T3,5.153419408515748e-09,-8.287904511256782
0.48828125,T3,1.9652447970753607e-09,-8.706583344831895
0.732421875,T3,8.366994570927673e-10,-9.077430512813848
0.9765625,T3,4.817563970706435e-10,-9.31717250979335
1.220703125,T3,3.1743634673376513e-10,-9.498343347643658
1.46484375,T3,2.1382066123672002e-10,-9.669950331739239
1.708984375,T3,1.5690664751088317e-10,-9.80435865669261
1.953125,T3,1.312834907343225e-10,-9.881789884221119
2.197265625,T3,9.626167880561918e-11,-10.016546568488092
2.44140625,T3,7.261746961740374e-11,-10.138958888311377
2.685546875,T3,5.921453908809572e-11,-10.22757164681606
2.9296875,T3,4.7665802572914206e-11,-10.321793090147258
3.173828125,T3,3.9646979805425376e-11,-10.401789890409324
3.41796875,T3,3.672246725998766e-11,-10.435068147694068
3.662109375,T3,3.0966083534179486e-11,-10.509113718991012
3.90625,T3,2.5612697206358956e-11,-10.591544684703827
4.150390625,T3,2.433107115154132e-11,-10.613838771259744
4.39453125,T3,2.0850890495785726e-11,-10.680875392529675
4.638671875,T3,1.7336122249791975e-11,-10.76104803914654
4.8828125,T3,1.5761287037181115e-11,-10.802408321724407
5.126953125,T3,1.309793776534134e-11,-10.882797077446158
5.37109375,T3,1.1574832763507829e-11,-10.936485275075487
5.615234375,T3,9.110040284885714e-12,-11.040479702558848
5.859375,T3,8.815364715854756e-12,-11.054759715037202
6.103515625,T3,9.119489363891438e-12,-11.040029478848435
6.34765625,T3,8.818728539465572e-12,-11.05459402576372
6.591796875,T3,7.580596020205015e-12,-11.120296646860034
6.8359375,T3,7.167992886089955e-12,-11.144602434363428
7.080078125,T3,7.043151356243018e-12,-11.152232978585541
7.32421875,T3,6.587959978937776e-12,-11.181249047780861
7.568359375,T3,6.2938816658538405e-12,-11.201081426715112
7.8125,T3,5.405052018626635e-12,-11.267200122007841
8.056640625,T3,5.062318832233184e-12,-11.295650505815654
8.30078125,T3,4.830343887847744e-12,-11.316021949315106
8.544921875,T3,4.262319483585925e-12,-11.37035400071326
8.7890625,T3,3.743848047701212e-12,-11.426681786371987
9.033203125,T3,3.3835771304655438e-12,-11.47062391909073
9.27734375,T3,3.1983057529378397e-12,-11.495080020744123
9.521484375,T3,3.0771874699395428e-12,-11.511846044642972
9.765625,T3,3.010769675752284e-12,-11.52132246679738
10.009765625,T3,2.6566235982282087e-12,-11.575669973927106
10.25390625,T3,2.5987863820517608e-12,-11.585229417655196
10.498046875,T3,2.827712332235059e-12,-11.548564774110469
10.7421875,T3,2.5892815785075933e-12,-11.586820718455604
10.986328125,T3,2.34122108188492e-12,-11.630557573868865
11.23046875,T3,2.135349743802024e-12,-11.670530982763724
11.474609375,T3,2.2590424625236597e-12,-11.646075605703633
11.71875,T3,1.941331600938624e-12,-11.711900275967805
11.962890625,T3,1.6321502826507617e-12,-11.787239855434434
12.20703125,T3,1.891392441958477e-12,-11.723218350745585
12.451171875,T3,1.8458849891401867e-12,-11.733795361889634
12.6953125,T3,1.8132975418008369e-12,-11.741530927200785
12.939453125,T3,1.836313090927029e-12,-11.73605326971999
13.18359375,T3,1.7038187534792576e-12,-11.76857660590169
13.427734375,T3,1.5715817372350159e-12,-11.80366302660504
13.671875,T3,1.5131092789617365e-12,-11.820129705462444
13.916015625,T3,1.401959978672688e-12,-11.853264383865575
14.16015625,T3,1.220561781147524e-12,-11.913440233016653
14.404296875,T3,1.1879595135838748e-12,-11.925198360134903
14.6484375,T3,1.1596738207449888e-12,-11.93566414678223
14.892578125,T3,1.2010840619172782e-12,-11.920426595969927
15.13671875,T3,1.110721723402354e-12,-11.954394734154288
15.380859375,T3,1.225649715789333e-12,-11.911633631152183
15.625,T3,1.1333175754553662e-12,-11.945648376154194
15.869140625,T3,1.0547437957599317e-12,-11.976853020556321
16.11328125,T3,1.055752488108103e-12,-11.976437886393374
16.357421875,T3,1.0776585749567641e-12,-11.96751881104051
16.6015625,T3,9.562969156550417e-13,-12.019407244951747
16.845703125,T3,9.21306745477054e-13,-12.035595749077432
17.08984375,T3,8.370364673781953e-13,-12.07725562057769
17.333984375,T3,9.76080395210357e-13,-12.01051441003998
17.578125,T3,9.536623988271522e-13,-12.020605340469064
17.822265625,T3,9.823225053318562e-13,-12.007745906009754
18.06640625,T3,9.33061731136523e-13,-12.030089622485999
18.310546875,T3,1.0317348359642599e-12,-11.986431905494348
18.5546875,T3,7.978438909522819e-13,-12.098082075980473
18.798828125,T3,9.589487760075158e-13,-12.018204590839169
19.04296875,T3,9.017468823797607e-13,-12.04491535049849
19.287109375,T3,7.803963054053873e-13,-12.107684795333197
19.53125,T3,7.644470973762317e-13,-12.116652564028707
19.775390625,T3,7.332120260590863e-13,-12.1347704204034
20.01953125,T3,6.373844955112926e-13,-12.195598505022604
20.263671875,T3,6.518546205490319e-13,-12.185849251711966
20.5078125,T3,6.759612217351693e-13,-12.170078217770632
20.751953125,T3,6.772243471533138e-13,-12.16926743679426
20.99609375,T3,7.210830624381909e-13,-12.142014705487505
21.240234375,T3,6.943313228108587e-13,-12.15843324232364
21.484375,T3,7.375627602076547e-13,-12.13220101907564
21.728515625,T3,7.091983956280392e-13,-12.149232255545284
21.97265625,T3,6.721606032416078e-13,-12.17252694604117
22.216796875,T3,6.639334144272283e-13,-12.177875473639293
22.4609375,T3,7.058872959088177e-13,-12.151264634177904
22.705078125,T3,6.539215900012998e-13,-12.184474323650173
22.94921875,T3,5.823851699060703e-13,-12.234789692606356
23.193359375,T3,5.759529332605981e-13,-12.239613005570522
23.4375,T3,5.710382193467875e-13,-12.243334823635175
23.681640625,T3,5.093267271549785e-13,-12.293003533422555
23.92578125,T3,5.876589708970591e-13,-12.23087462974676
24.169921875,T3,6.066061432210417e-13,-12.217093195816503
24.4140625,T3,5.40637039052039e-13,-12.267094204096262
24.658203125,T3,5.151984181040935e-13,-12.28802547912984
24.90234375,T3,4.678365501627732e-13,-12.329905851543707
25.146484375,T3,4.374800456263959e-13,-12.35904175126334
25.390625,T3,5.064632733473424e-13,-12.295452042427877
25.634765625,T3,4.288827684730786e-13,-12.367661402367574
25.87890625,T3,4.825926690580918e-13,-12.316419279633616
26.123046875,T3,5.493688545397252e-13,-12.260135965747184
26.3671875,T3,5.23436884165265e-13,-12.281135677903526
26.611328125,T3,5.02472965882313e-13,-12.298887299248703
26.85546875,T3,5.63620699080217e-13,-12.249013065720158
27.099609375,T3,5.64078701499457e-13,-12.248660298069117
27.34375,T3,5.357228052400735e-13,-12.271059865706452
27.587890625,T3,5.603566643718543e-13,-12.251535458596651
27.83203125,T3,5.548390350491166e-13,-12.255832992245338
28.076171875,T3,5.758025997400126e-13,-12.239726378620505
28.3203125,T3,5.20748670589378e-13,-12.283371830081963
28.564453125,T3,5.484625331922803e-13,-12.26085303478683
28.80859375,T3,6.481099568257604e-13,-12.18835130648811
29.052734375,T3,6.043807231523867e-13,-12.218689396024038
29.296875,T3,5.502674303831137e-13,-12.259426191756333
29.541015625,T3,5.433198065983381e-13,-12.264944462572442
29.78515625,T3,5.760125920883999e-13,-12.23956802245399
30.029296875,T3,5.875082681523882e-13,-12.230986017077178
30.2734375,T3,6.190096167856206e-13,-12.208302603832086
30.517578125,T3,7.290418669214749e-13,-12.137247530597152
30.76171875,T3,6.719548598929502e-13,-12.172659900692997
31.005859375,T3,6.212145557448272e-13,-12.206758376823714
31.25,T3,5.878631748812922e-13,-12.230723744176894
31.494140625,T3,6.070185858048356e-13,-12.216798011414182
31.73828125,T3,6.700360128843895e-13,-12.173901854348953
31.982421875,T3,6.239197080336882e-13,-12.204871295896966
32.2265625,T3,5.489267094908591e-13,-12.260485636949701
32.470703125,T3,5.581024521097747e-13,-12.253286069338913
32.71484375,T3,5.563866889466651e-13,-12.25462326866231
32.958984375,T3,4.66531369751734e-13,-12.331119148804866
33.203125,T3,4.670924831531646e-13,-12.330597121689673
33.447265625,T3,5.26841365547633e-13,-12.278320133247469
33.69140625,T3,4.993835215018329e-13,-12.301565792459034
33.935546875,T3,6.07270528880007e-13,-12.216617794878355
34.1796875,T3,6.935237224091291e-13,-12.15893867902447
34.423828125,T3,6.143172559916224e-13,-12.211607285304423
34.66796875,T3,6.247461466464387e-13,-12.204296413865537
34.912109375,T3,5.570626591736288e-13,-12.25409595203841
35.15625,T3,5.560139372094621e-13,-12.254914322127833
35.400390625,T3,5.538927507639059e-13,-12.256574318774305
35.64453125,T3,5.809235022991415e-13,-12.235881053008438
35.888671875,T3,6.883311079544371e-13,-12.162202602801825
36.1328125,T3,6.530302175650279e-13,-12.185066722219387
36.376953125,T3,7.910498425890072e-13,-12.10179615154732
36.62109375,T3,7.805508885990279e-13,-12.107598777524945
36.865234375,T3,5.932303185332856e-13,-12.226776661360397
37.109375,T3,6.275654956709429e-13,-12.20234094247779
37.353515625,T3,6.953579701635075e-13,-12.157791563117385
37.59765625,T3,6.09161132812574e-13,-12.215267814370003
37.841796875,T3,5.417727958391511e-13,-12.266182806083142
38.0859375,T3,5.017717984477105e-13,-12.299493751396698
38.330078125,T3,5.887201247853961e-13,-12.230091118028735
38.57421875,T3,7.349316446749807e-13,-12.13375305237291
38.818359375,T3,7.343144732012444e-13,-12.134117911844628
39.0625,T3,4.819867498259303e-13,-12.316964900675215
39.306640625,T3,5.509600114704758e-13,-12.258879920981128
39.55078125,T3,5.58369608879373e-13,-12.25307822766135
39.794921875,T3,5.473996568598485e-13,-12.261695479165429
0.0,T4,6.79207245202137e-10,-9.167997690057204
0.244140625,T4,5.744317910678685e-09,-8.240761532722429
0.48828125,T4,2.161002874287861e-09,-8.665344655473756
0.732421875,T4,8.466953694845808e-10,-9.072272815346798
0.9765625,T4,4.79762945352994e-10,-9.318973297948363
1.220703125,T4,3.1239502997314937e-10,-9.50529588411742
1.46484375,T4,2.1229985954584354e-10,-9.673050293156118
1.708984375,T4,1.6010480093781398e-10,-9.795595645035483
1.953125,T4,1.3295500778113386e-10,-9.87629530022219
2.197265625,T4,9.322704725032303e-11,-10.03045807082795
2.44140625,T4,7.278012336993392e-11,-10.137987212574513
2.685546875,T4,6.162585358630925e-11,-10.210237052213593
2.9296875,T4,5.097650806164796e-11,-10.292629917424971
3.173828125,T4,3.951760186253507e-11,-10.403209418575022
3.41796875,T4,3.5724527597184235e-11,-10.44703350538633
3.662109375,T4,3.1216616536666065e-11,-10.505614170430727
3.90625,T4,2.5060962919829098e-11,-10.60100224608193
4.150390625,T4,2.345261883585829e-11,-10.62980865476301
4.39453125,T4,1.958344416011716e-11,-10.708110926006128
4.638671875,T4,1.615358584462602e-11,-10.791731056015747
4.8828125,T4,1.4202050589094809e-11,-10.84764894468505
5.126953125,T4,1.1769122272537475e-11,-10.92925592512663
5.37109375,T4,1.0222484801435329e-11,-10.990443526472593
5.615234375,T4,9.845614762196858e-12,-11.006757161243058
5.859375,T4,8.902209945826624e-12,-11.050502167721566
6.103515625,T4,9.01083814951531e-12,-11.045234810932152
6.34765625,T4,7.975318222446072e-12,-11.098251979180485
6.591796875,T4,7.276074336470624e-12,-11.138102872589027
6.8359375,T4,5.877708679671786e-12,-11.23079194292253
7.080078125,T4,5.829853508538982e-12,-11.23434235797383
7.32421875,T4,5.758942631872499e-12,-11.239657247704736
7.568359375,T4,5.746932441134128e-12,-11.24056390824565
7.8125,T4,4.851035970149228e-12,-11.314165505093705
8.056640625,T4,5.090677658233277e-12,-11.293224401623554
8.30078125,T4,5.218144294202171e-12,-11.282483915785946
8.544921875,T4,4.122569704456557e-12,-11.384831992565209
8.7890625,T4,3.928930273131247e-12,-11.4057256785598
9.033203125,T4,3.487191598131163e-12,-11.45752419035699
9.27734375,T4,3.468002519891008e-12,-11.459920595632285
9.521484375,T4,3.585666443812065e-12,-11.445430113086575
9.765625,T4,3.2467484133709965e-12,-11.488551363027188
10.009765625,T4,2.482068864853528e-12,-11.605186173195472
10.25390625,T4,2.6748670203239607e-12,-11.572697803839032
10.498046875,T4,2.746526432177953e-12,-11.56121621703447
10.7421875,T4,2.4994002141171177e-12,-11.60216419730842
10.986328125,T4,2.3332920641252488e-12,-11.632030896054482
11.23046875,T4,1.9877665567620498e-12,-11.701634620473444
11.474609375,T4,1.995849534342703e-12,-11.69987220296239
11.71875,T4,1.9087242428189026e-12,-11.719256810460523
11.962890625,T4,1.7361646789567736e-12,-11.760409083439347
12.20703125,T4,1.868049750616635e-12,-11.728611561654878
12.451171875,T4,1.7422152115190338e-12,-11.758898198695658
12.6953125,T4,1.6088712047637342e-12,-11.793478721158419
12.939453125,T4,1.5904662106450336e-12,-11.79847555301766
13.18359375,T4,1.3760097943813729e-12,-11.861378474799167
13.427734375,T4,1.5103675758776842e-12,-11.82091734625082
13.671875,T4,1.5657734821447952e-12,-11.805271066396934
13.916015625,T4,1.4922699322632036e-12,-11.82615261152216
14.16015625,T4,1.3839049614759833e-12,-11.858893733668111
14.404296875,T4,1.2734041908119389e-12,-11.895033725193471
14.6484375,T4,1.1591817208855397e-12,-11.935848475864294
14.892578125,T4,1.197492481558739e-12,-11.9217272046172
15.13671875,T4,1.1962407102253672e-12,-11.922181421849187
15.380859375,T4,1.288070081109652e-12,-11.890060507309112
15.625,T4,1.1868889733679014e-12,-11.925589904894494
15.869140625,T4,1.1109635668131972e-12,-11.954300183175631
16.11328125,T4,1.0709804032181888e-12,-11.97021847580873
16.357421875,T4,9.624508318565904e-13,-12.016621447792236
16.6015625,T4,8.576854559425162e-13,-12.066671954335854
16.845703125,T4,9.66617470695068e-13,-12.014745359664866
17.08984375,T4,9.49743342796554e-13,-12.022393741939448
17.333984375,T4,8.952319702272176e-13,-12.048064416822262
17.578125,T4,9.767632854411025e-13,-12.01021067300871
17.822265625,T4,1.0312250574874024e-12,-11.986646542710226
18.06640625,T4,9.352447674842799e-13,-12.029074712917579
18.310546875,T4,8.302512181225646e-13,-12.080790478543765
18.5546875,T4,7.567310653238252e-13,-12.121058437009324
18.798828125,T4,8.455285335325507e-13,-12.072871731949572
19.04296875,T4,8.669392929566219e-13,-12.062011312739498
19.287109375,T4,8.421853392579569e-13,-12.074592323037802
19.53125,T4,8.043336809663703e-13,-12.09456374510875
19.775390625,T4,1.0125987934514614e-12,-11.994562594426647
20.01953125,T4,7.867635855168223e-13,-12.10415574912774
20.263671875,T4,8.316250128420203e-13,-12.080072456839485
20.5078125,T4,7.916702923476795e-13,-12.101455651778165
20.751953125,T4,8.733023518828159e-13,-12.058835370245335
20.99609375,T4,8.311115007263424e-13,-12.080340707982705
21.240234375,T4,8.482739295073137e-13,-12.071463880216418
21.484375,T4,7.817398783565714e-13,-12.106937733113295
21.728515625,T4,7.170718163434627e-13,-12.144437346591923
21.97265625,T4,9.235016405003024e-13,-12.034562328746105
22.216796875,T4,7.637595007593521e-13,-12.11704337432491
22.4609375,T4,6.824063981477457e-13,-12.165956909936614
22.705078125,T4,6.296523369878231e-13,-12.20089918039433
22.94921875,T4,5.622762951571656e-13,-12.250050225399443
23.193359375,T4,5.517413430699706e-13,-12.258264472278562
23.4375,T4,5.394955343852778e-13,-12.268012145790818
23.681640625,T4,5.688917190216339e-13,-12.244970387922129
23.92578125,T4,5.761979399666129e-13,-12.239428298750385
24.169921875,T4,5.61442094521176e-13,-12.250695028942554
24.4140625,T4,6.019855303916899e-13,-12.220413947523848
24.658203125,T4,6.136353891574247e-13,-12.21208960200465
24.90234375,T4,5.589637059335908e-13,-12.252616390368473
25.146484375,T4,4.645206173568178e-13,-12.332995005447334
25.390625,T4,6.223580089984827e-13,-12.205959717232135
25.634765625,T4,6.2694356215547e-13,-12.202771552865693
25.87890625,T4,6.020708481449275e-13,-12.220352400522957
26.123046875,T4,6.57111801664337e-13,-12.182360732852594
26.3671875,T4,5.744123515093707e-13,-12.240776230091157
26.611328125,T4,5.228780306365743e-13,-12.281599605203708
26.85546875,T4,5.913728800693479e-13,-12.228138595782667
27.099609375,T4,5.182681491991226e-13,-12.285445480437156
27.34375,T4,7.28700032551582e-13,-12.137451211074943
27.587890625,T4,9.30036054683678e-13,-12.031500214836763
27.83203125,T4,6.278617381904676e-13,-12.202135981982346
28.076171875,T4,5.05880998914207e-13,-12.295951632553646
28.3203125,T4,6.574359226396193e-13,-12.182146569530435
28.564453125,T4,7.308983977585633e-13,-12.136142990155125
28.80859375,T4,6.372231298836957e-13,-12.19570846859196
29.052734375,T4,6.139668636927315e-13,-12.211855067464265
29.296875,T4,5.891850943092424e-13,-12.229748248830646
29.541015625,T4,4.968090119005252e-13,-12.303810534846026
29.78515625,T4,5.51933669813109e-13,-12.258113111700244
30.029296875,T4,6.275456384114737e-13,-12.202354684524975
30.2734375,T4,7.390724719314062e-13,-12.131312973490552
30.517578125,T4,5.852551390398868e-13,-12.232654764138188
30.76171875,T4,5.606079279407991e-13,-12.251340764876488
31.005859375,T4,6.469696691141954e-13,-12.189116079215543
31.25,T4,5.863902126463615e-13,-12.231813287052383
31.494140625,T4,5.196934738423651e-13,-12.284252736885135
31.73828125,T4,4.3794630873243743e-13,-12.358579129793908
31.982421875,T4,5.485549708879247e-13,-12.260779845104652
32.2265625,T4,5.95520384824222e-13,-12.225103367908908
32.470703125,T4,6.135203261848515e-13,-12.21217104434091
32.71484375,T4,6.496693262173662e-13,-12.187307637727496
32.958984375,T4,7.340572297391479e-13,-12.134270079605711
33.203125,T4,6.589779093959529e-13,-12.18112914381
33.447265625,T4,4.477192239070046e-13,-12.348994257732947
33.69140625,T4,4.69386676438566e-13,-12.328469242030422
33.935546875,T4,6.542295953745968e-13,-12.184269813593557
34.1796875,T4,7.488568011627968e-13,-12.125601221566976
34.423828125,T4,4.5021534465048274e-13,-12.346579707062144
34.66796875,T4,4.372134251834599e-13,-12.359306510963922
34.912109375,T4,4.157446710715385e-13,-12.381173308768833
35.15625,T4,5.279737895721198e-13,-12.277387636797132
35.400390625,T4,4.11352998300389e-13,-12.385785332828267
35.64453125,T4,4.075588313183825e-13,-12.389809691776122
35.888671875,T4,5.076135050032182e-13,-12.29446683206521
36.1328125,T4,5.158013412930562e-13,-12.287517532854507
36.376953125,T4,4.5285241978700753e-13,-12.344043307291129
36.62109375,T4,4.274304774216555e-13,-12.36913451421654
36.865234375,T4,5.706617860119409e-13,-12.243621208719322
37.109375,T4,5.862094534006961e-13,-12.23194718226972
37.353515625,T4,4.68725429366671e-13,-12.329081484427213
37.59765625,T4,4.178893432716598e-13,-12.378938703796132
37.841796875,T4,3.770168230234786e-13,-12.423639270528271
38.0859375,T4,4.094137800051141e-13,-12.3878375439904
38.330078125,T4,5.494970109277028e-13,-12.26003466564474
38.57421875,T4,7.680357596904312e-13,-12.114618558777499
38.818359375,T4,7.143116633243682e-13,-12.146112258630799
39.0625,T4,7.032557965311281e-13,-12.152886679509567
39.306640625,T4,6.155216101242468e-13,-12.210756694978055
39.55078125,T4,4.224381284272085e-13,-12.374236890147
39.794921875,T4,6.779099719921632e-13,-12.168827977612438
0.0,T5,5.011022428634173e-10,-9.300073653411932
0.244140625,T5,3.876423843704461e-09,-8.4115687437682
0.48828125,T5,1.8219769697515262e-09,-8.739457116920123
0.732421875,T5,8.305307168825854e-10,-9.08064430068891
0.9765625,T5,4.753790671955121e-10,-9.322959945875892
1.220703125,T5,3.072778139276353e-10,-9.512468795541338
1.46484375,T5,2.0732933365336716e-10,-9.683339248110967
1.708984375,T5,1.5558850230942358e-10,-9.8080224996861
1.953125,T5,1.2947524036088902e-10,-9.887813274074803
2.197265625,T5,9.355622659765304e-11,-10.028927302904624
2.44140625,T5,7.125866690894945e-11,-10.147162306592111
2.685546875,T5,5.823905458566627e-11,-10.234785683687479
2.9296875,T5,4.6873617611526817e-11,-10.329071527211715
3.173828125,T5,3.8885654810417984e-11,-10.410210583396351
3.41796875,T5,3.43445985538837e-11,-10.46414155562623
3.662109375,T5,2.9683823271774983e-11,-10.527480162729304
3.90625,T5,2.3823127944643297e-11,-10.623001216828342
4.150390625,T5,2.231028981461978e-11,-10.65149478811721
4.39453125,T5,1.8524197116127518e-11,-10.732260606322551
4.638671875,T5,1.61350336950028e-11,-10.792230123316259
4.8828125,T5,1.4614335495059587e-11,-10.835220926963387
5.126953125,T5,1.2202572710295196e-11,-10.913548595875014
5.37109375,T5,1.1139789789125578e-11,-10.953123004340402
5.615234375,T5,8.785808925831736e-12,-11.056218246023949
5.859375,T5,8.496784229682119e-12,-11.07074541023325
6.103515625,T5,8.67134582539595e-12,-11.06191349316005
6.34765625,T5,8.47071318870135e-12,-11.072080022859586
6.591796875,T5,7.0792233721967444e-12,-11.150014384071493
6.8359375,T5,6.63649957609988e-12,-11.178060929010382
7.080078125,T5,6.59438064987124e-12,-11.180825987528431
7.32421875,T5,6.404361060438855e-12,-11.193524191722135
7.568359375,T5,5.6964559685130855e-12,-11.244395255206246
7.8125,T5,4.995183411605368e-12,-11.301448560854267
8.056640625,T5,4.615781869953619e-12,-11.335754723013906
8.30078125,T5,4.380086775369644e-12,-11.358517285456884
8.544921875,T5,3.718099114371479e-12,-11.429679037304606
8.7890625,T5,3.6246993940177003e-12,-11.440728004798554
9.033203125,T5,3.3643970991884644e-12,-11.473092750148702
9.27734375,T5,3.3528045262478312e-12,-11.474591765881224
9.521484375,T5,3.481607651892929e-12,-11.458220171822521
9.765625,T5,3.215405581754967e-12,-11.492764238662414
10.009765625,T5,2.85731532772625e-12,-11.544041829083575
10.25390625,T5,2.9510963895838814e-12,-11.530016605213447
10.498046875,T5,2.997744280336372e-12,-11.523205416976573
10.7421875,T5,2.7703595513840445e-12,-11.557463862325962
10.986328125,T5,2.491495496180834e-12,-11.603539893556372
11.23046875,T5,2.341939879616349e-12,-11.630424257976722
11.474609375,T5,2.461613161755223e-12,-11.608780194668308
11.71875,T5,2.3061336626155016e-12,-11.63711552477156
11.962890625,T5,2.1293661637931317e-12,-11.671749651271245
12.20703125,T5,2.402013249904864e-12,-11.619424601285862
12.451171875,T5,2.192294596669265e-12,-11.65910108654206
12.6953125,T5,2.0063369511406453e-12,-11.697596128278573
12.939453125,T5,2.0114967091155265e-12,-11.696480673614289
13.18359375,T5,1.880603202643526e-12,-11.725702828628837
13.427734375,T5,1.777953922706567e-12,-11.75007949835657
13.671875,T5,1.569523624076095e-12,-11.804232143023082
13.916015625,T5,1.4589624734891058e-12,-11.835955878611141
14.16015625,T5,1.2733656577667277e-12,-11.895046867086851
14.404296875,T5,1.2541137410221198e-12,-11.901663073666239
14.6484375,T5,1.2022846971229149e-12,-11.919992680628386
14.892578125,T5,1.1311839568591974e-12,-11.946466762932722
15.13671875,T5,1.0938900466834984e-12,-11.961026329299175
15.380859375,T5,1.2884285197281477e-12,-11.88993967051528
15.625,T5,1.1057133968885229e-12,-11.956357428438077
15.869140625,T5,1.0182440283724677e-12,-11.992148128212246
16.11328125,T5,1.016705697296768e-12,-11.992804742787392
16.357421875,T5,8.875856380631843e-13,-12.051789733659914
16.6015625,T5,8.62692641513812e-13,-12.064143906336266
16.845703125,T5,8.553768429019739e-13,-12.067842511310937
17.08984375,T5,7.753389352444575e-13,-12.110508406489355
17.333984375,T5,8.489344318260881e-13,-12.071125851564965
17.578125,T5,7.973027270896287e-13,-12.098376750445773
17.822265625,T5,8.275847534816697e-13,-12.082187518900179
18.06640625,T5,7.773447542604384e-13,-12.109386327831851
18.310546875,T5,7.559440261675317e-13,-12.121510360618547
18.5546875,T5,6.75212237766516e-13,-12.17055969501643
18.798828125,T5,7.22661761040012e-13,-12.141064924953614
19.04296875,T5,7.022437132766338e-13,-12.153512140060153
19.287109375,T5,5.942038660109147e-13,-12.226064526915145
19.53125,T5,5.873053695385386e-13,-12.231136028528237
19.775390625,T5,6.186450376050512e-13,-12.208558466370729
20.01953125,T5,5.648115933221153e-13,-12.248096397536727
20.263671875,T5,4.780601117418416e-13,-12.3205174913452
20.5078125,T5,4.960183653994809e-13,-12.304502243179172
20.751953125,T5,5.216798607293357e-13,-12.28259592874234
20.99609375,T5,5.556682630723105e-13,-12.2551844071847
21.240234375,T5,6.065099741241039e-13,-12.217162052717537
21.484375,T5,5.886606315868945e-13,-12.230135007938948
21.728515625,T5,5.38835426847397e-13,-12.268543858423174
21.97265625,T5,5.20152674269119e-13,-12.283869164325381
22.216796875,T5,4.883293054435376e-13,-12.31128721220877
22.4609375,T5,5.28176823269574e-13,-12.277220659825366
22.705078125,T5,5.160982324586552e-13,-12.287267628306074
22.94921875,T5,4.396828025443537e-13,-12.356860520748619
23.193359375,T5,4.00006582809481e-13,-12.397932861536265
23.4375,T5,3.77841242803901e-13,-12.422690638937844
23.681640625,T5,3.96089818719714e-13,-12.402206320763279
23.92578125,T5,3.8724974569435497e-13,-12.412008858768433
24.169921875,T5,3.890455301024637e-13,-12.409999570100595
24.4140625,T5,4.059216906326345e-13,-12.391557741315449
24.658203125,T5,3.9309104267245593e-13,-12.405506852293486
24.90234375,T5,3.462261129612757e-13,-12.460640179998148
25.146484375,T5,3.6339054208098665e-13,-12.439626380207649
25.390625,T5,3.9443310868699035e-13,-12.404026637552928
25.634765625,T5,3.459317118710306e-13,-12.461009623995118
25.87890625,T5,3.558994603632136e-13,-12.448672670499825
26.123046875,T5,4.199629162930802e-13,-12.376789057126691
26.3671875,T5,4.0330960202818966e-13,-12.394361438150536
26.611328125,T5,3.2593311137815753e-13,-12.48687151753926
26.85546875,T5,3.4163318394023374e-13,-12.466439951501224
27.099609375,T5,3.099241487747518e-13,-12.508744582937814
27.34375,T5,3.1862360441719073e-13,-12.496722053743909
27.587890625,T5,3.378118430291419e-13,-12.471325128974465
27.83203125,T5,3.35962749025576e-13,-12.473708873769361
28.076171875,T5,3.516222040445762e-13,-12.453923708144453
28.3203125,T5,3.629966516766018e-13,-12.4400973809283
28.564453125,T5,3.355464528359737e-13,-12.47424734788302
28.80859375,T5,3.10382335190848e-13,-12.508103003739382
29.052734375,T5,3.262824808055641e-13,-12.486406244305076
29.296875,T5,3.436704997028792e-13,-12.463857745622782
29.541015625,T5,2.9878088916349043e-13,-12.524647184621939
29.78515625,T5,2.839566194608352e-13,-12.54674800279737
30.029296875,T5,3.2404066402885497e-13,-12.48940048653658
30.2734375,T5,3.587386296941705e-13,-12.445221855106272
30.517578125,T5,3.436819586636804e-13,-12.46384326523973
30.76171875,T5,3.217516229288534e-13,-12.492479253818237
31.005859375,T5,3.407485832697404e-13,-12.467565941155543
31.25,T5,3.152278115851178e-13,-12.501375473019053
31.494140625,T5,3.099776734021076e-13,-12.508669585738152
31.73828125,T5,3.1835209195518054e-13,-12.497092291954981
31.982421875,T5,3.116615417558895e-13,-12.506316785254963
32.2265625,T5,2.621677884422606e-13,-12.581420669477172
32.470703125,T5,3.171298867112874e-13,-12.49876282759711
32.71484375,T5,3.213115773290457e-13,-12.493073625897171
32.958984375,T5,3.019842528809732e-13,-12.520015702954122
33.203125,T5,2.8027946620152256e-13,-12.552408718301175
33.447265625,T5,2.43503377274212e-13,-12.613495010952908
33.69140625,T5,2.4241850348451073e-13,-12.615434234115801
33.935546875,T5,2.514248679352224e-13,-12.599591769319424
34.1796875,T5,2.882896600975964e-13,-12.540170933897212
34.423828125,T5,2.5625050041027177e-13,-12.59133527783782
34.66796875,T5,2.5742278098337033e-13,-12.589353022242895
34.912109375,T5,2.376213076800289e-13,-12.624114618434326
35.15625,T5,2.2073111584174298e-13,-12.656136441256793
35.400390625,T5,2.2426652477296306e-13,-12.649235546708368
35.64453125,T5,2.426563859523492e-13,-12.615008274934423
35.888671875,T5,2.426946787076332e-13,-12.614939745848728
36.1328125,T5,2.3282857007893306e-13,-12.632963729063716
36.376953125,T5,2.568450536113795e-13,-12.590328793614818
36.62109375,T5,2.530641754323078e-13,-12.59676933059545
36.865234375,T5,2.4845431446438e-13,-12.604753457232784
37.109375,T5,2.135962819279409e-13,-12.670406311344944
37.353515625,T5,2.1678060777186105e-13,-12.6639795704471
37.59765625,T5,2.0453645047649852e-13,-12.689229285064135
37.841796875,T5,2.0299740376955046e-13,-12.692509516450178
38.0859375,T5,1.9745076716769482e-13,-12.70454117453291
38.330078125,T5,2.0313255331289465e-13,-12.692220472502303
38.57421875,T5,2.40476379719936e-13,-12.61892757484553
38.818359375,T5,2.1944370475880287e-13,-12.65867687336414
39.0625,T5,2.2047398986760717e-13,-12.656642638501197
39.306640625,T5,2.1560372081174494e-13,-12.6663437485221
39.55078125,T5,2.2270832657252725e-13,-12.652263545350783
39.794921875,T5,2.7032154458159564e-13,-12.568119339724772
0.0,T6,4.5480953928973607e-10,-9.342170434887015
0.244140625,T6,3.5602615209121474e-09,-8.448518099522206
0.48828125,T6,1.6654874802911696e-09,-8.778458627614592
0.732421875,T6,7.983532903685894e-10,-9.097804880448885
0.9765625,T6,4.696413951911818e-10,-9.328233630434234
1.220703125,T6,3.1097257611266236e-10,-9.507277908619741
1.46484375,T6,2.0924339387227639e-10,-9.67934824444632
1.708984375,T6,1.5604656170401832e-10,-9.80674579604333
1.953125,T6,1.296634629189041e-10,-9.88718238388622
2.197265625,T6,9.364819198788064e-11,-10.028500602883152
2.44140625,T6,7.061155051661479e-11,-10.15112425198891
2.685546875,T6,5.960104110197242e-11,-10.224746154003174
2.9296875,T6,4.909585309335609e-11,-10.308955189236107
3.173828125,T6,3.9828537706197036e-11,-10.399805638300377
3.41796875,T6,3.4720399615885166e-11,-10.459415284936357
3.662109375,T6,3.0148062766539446e-11,-10.520740589223077
3.90625,T6,2.4715377354484788e-11,-10.607032754342619
4.150390625,T6,2.3174914196805428e-11,-10.634981865119729
4.39453125,T6,1.88705634100168e-11,-10.724215133104355
4.638671875,T6,1.6045598560825267e-11,-10.794644077458171
4.8828125,T6,1.3942849146967091e-11,-10.855648471404978
5.126953125,T6,1.1660821697448144e-11,-10.933270845280784
5.37109375,T6,1.0377494766904304e-11,-10.98390747695259
5.615234375,T6,9.3831557052581e-12,-11.027651076877563
5.859375,T6,8.643815938576257e-12,-11.063294489557393
6.103515625,T6,9.178738531322084e-12,-11.03721700142737
6.34765625,T6,8.286202198334236e-12,-11.081644473336857
6.591796875,T6,6.958548432004949e-12,-11.15748134569375
6.8359375,T6,6.069577501642614e-12,-11.216841538758569
7.080078125,T6,6.269646135696247e-12,-11.20275697043744
7.32421875,T6,6.0754720570528175e-12,-11.216419972246788
7.568359375,T6,5.581741415022014e-12,-11.253230286914086
7.8125,T6,4.742410440243914e-12,-11.324000861952243
8.056640625,T6,4.5804182183805746e-12,-11.339094866615621
8.30078125,T6,4.495229180758324e-12,-11.347248161683494
8.544921875,T6,3.741219118178309e-12,-11.426986855012455
8.7890625,T6,3.708196495592488e-12,-11.43083726085696
9.033203125,T6,3.667327609087449e-12,-11.435650291985485
9.27734375,T6,3.791558656600175e-12,-11.421182220953764
9.521484375,T6,3.6027186090496025e-12,-11.443369657197268
9.765625,T6,3.364612194281216e-12,-11.473064985404198
10.009765625,T6,2.915366926895432e-12,-11.535306777338109
10.25390625,T6,3.330548595201625e-12,-11.477484225278719
10.498046875,T6,3.666839961380278e-12,-11.43570804433614
10.7421875,T6,3.23922343996729e-12,-11.489559093546504
10.986328125,T6,2.8991757041250783e-12,-11.537725463493011
11.23046875,T6,2.6997489406291765e-12,-11.56867662057025
11.474609375,T6,2.579049588982153e-12,-11.588540307333073
11.71875,T6,2.589994009432037e-12,-11.586701240425937
11.962890625,T6,2.5608540616557736e-12,-11.591615170466955
12.20703125,T6,2.7183770578020377e-12,-11.5656903037605
12.451171875,T6,2.475497490286184e-12,-11.606337509629574
12.6953125,T6,2.144765089128588e-12,-11.668620268086258
12.939453125,T6,2.16103903902835e-12,-11.665337387544593
13.18359375,T6,1.876776638969566e-12,-11.7265874110415
13.427734375,T6,1.945749167933604e-12,-11.710913146597768
13.671875,T6,1.7216011571640393e-12,-11.764067454105138
13.916015625,T6,1.6577171991172199e-12,-11.780489556619589
14.16015625,T6,1.4675104886604972e-12,-11.833418786059157
14.404296875,T6,1.262679820573518e-12,-11.898706760122794
14.6484375,T6,1.1265387757340948e-12,-11.94825385516294
14.892578125,T6,1.1087716176100416e-12,-11.955157899681318
15.13671875,T6,1.1548415430474949e-12,-11.937477601660234
15.380859375,T6,1.2999162051541644e-12,-11.886084642163985
15.625,T6,1.2178481753812526e-12,-11.914406850212178
15.869140625,T6,1.162250159915968e-12,-11.934700385389558
16.11328125,T6,1.0586498900948669e-12,-11.975247643235027
16.357421875,T6,8.559649767076093e-13,-12.067544004871678
16.6015625,T6,7.905280734340799e-13,-12.102082702681777
16.845703125,T6,8.635269621417533e-13,-12.063724097787805
17.08984375,T6,8.307028711191835e-13,-12.080554288500618
17.333984375,T6,8.436565819716365e-13,-12.07383430089319
17.578125,T6,8.256067069495544e-13,-12.0832267876411
17.822265625,T6,8.942249359674891e-13,-12.048553223752167
18.06640625,T6,8.251183214922599e-13,-12.083483769405694
18.310546875,T6,7.746465147785867e-13,-12.11089642872206
18.5546875,T6,6.827898323578261e-13,-12.16571295472744
18.798828125,T6,7.182157770076836e-13,-12.14374505898143
19.04296875,T6,7.118636390222171e-13,-12.147603189638222
19.287109375,T6,6.243951913637591e-13,-12.204540450216005
19.53125,T6,6.008482381951241e-13,-12.221235207926352
19.775390625,T6,6.295572704256963e-13,-12.200964756265385
20.01953125,T6,5.595672169451426e-13,-12.252147737205368
20.263671875,T6,5.925591530236942e-13,-12.227268289116214
20.5078125,T6,5.367836567731491e-13,-12.270200715419705
20.751953125,T6,5.186240668111222e-13,-12.285147333612274
20.99609375,T6,5.389838200015131e-13,-12.268424271899589
21.240234375,T6,5.361970739533204e-13,-12.27067556030725
21.484375,T6,5.417165745101086e-13,-12.266227876415456
21.728515625,T6,5.294508692059594e-13,-12.276174334371822
21.97265625,T6,5.303709849879782e-13,-12.275420242906998
22.216796875,T6,5.399062302544325e-13,-12.267681660953448
22.4609375,T6,5.407535360476123e-13,-12.267000631979588
22.705078125,T6,5.23365339246675e-13,-12.281195042629173
22.94921875,T6,4.71393521499813e-13,-12.326616390407827
23.193359375,T6,4.304055491563431e-13,-12.366122138009782
23.4375,T6,4.039982172389753e-13,-12.393620551337374
23.681640625,T6,3.7621512955259353e-13,-12.424563743211257
23.92578125,T6,4.503628901806889e-13,-12.346437402467846
24.169921875,T6,4.240600667734906e-13,-12.372572622603876
24.4140625,T6,3.916156446108814e-13,-12.407139966939223
24.658203125,T6,4.046898422992117e-13,-12.392877696247831
24.90234375,T6,3.748385003862705e-13,-12.4261558082683
25.146484375,T6,3.5188298650582853e-13,-12.453601730735876
25.390625,T6,3.820611662551681e-13,-12.417867102950638
25.634765625,T6,3.656951301638466e-13,-12.436880822973553
25.87890625,T6,3.720685677165838e-13,-12.429377017545884
26.123046875,T6,3.6112772947421836e-13,-12.442339162652456
26.3671875,T6,3.677839684671898e-13,-12.434407205380642
26.611328125,T6,3.80510913315392e-13,-12.419632882849555
26.85546875,T6,3.8800540625556186e-13,-12.411162223141357
27.099609375,T6,3.523450608663396e-13,-12.453031812015524
27.34375,T6,3.6065945009379593e-13,-12.442902683826556
27.587890625,T6,3.563858282209183e-13,-12.44807957412962
27.83203125,T6,3.654408100285487e-13,-12.437182955121022
28.076171875,T6,3.2761874367918786e-13,-12.484631259403752
28.3203125,T6,3.4409138154141743e-13,-12.46332620501894
28.564453125,T6,3.6061120794531793e-13,-12.442960779351937
28.80859375,T6,3.215804814018476e-13,-12.492710318992991
29.052734375,T6,3.043071330468047e-13,-12.516687867534836
29.296875,T6,3.165663488511597e-13,-12.499535252723783
29.541015625,T6,2.9004493266179613e-13,-12.537534717633875
29.78515625,T6,2.983748610334866e-13,-12.5252377702555
30.029296875,T6,3.3514786241978975e-13,-12.474763546200885
30.2734375,T6,3.45212707109517e-13,-12.46191322649688
30.517578125,T6,3.584539684075727e-13,-12.445566607221116
30.76171875,T6,3.4559867110034405e-13,-12.461427936143657
31.005859375,T6,3.774776917025705e-13,-12.423108709350691
31.25,T6,3.3028209687486306e-13,-12.481114966845015
31.494140625,T6,2.7729887256866813e-13,-12.557051896156727
31.73828125,T6,2.850805690217369e-13,-12.545032383021029
31.982421875,T6,2.781170844465203e-13,-12.555772332052943
32.2265625,T6,2.9853677979632026e-13,-12.525002156063616
32.470703125,T6,3.1147116184076093e-13,-12.506582157137071
32.71484375,T6,3.1494079889672143e-13,-12.501771075190765
32.958984375,T6,2.848716780995777e-13,-12.545350726107959
33.203125,T6,2.767002651791744e-13,-12.557990424647278
33.447265625,T6,2.6864534079450297e-13,-12.570820687143618
33.69140625,T6,2.671218317337493e-13,-12.573290615857204
33.935546875,T6,2.644337246832548e-13,-12.57768315769687
34.1796875,T6,3.0517701897324533e-13,-12.515448173564094
34.423828125,T6,2.703395940477528e-13,-12.568090342695038
34.66796875,T6,2.971456582305865e-13,-12.52703061109069
34.912109375,T6,2.5964898422982463e-13,-12.58561337206467
35.15625,T6,2.543080262238363e-13,-12.594639932825805
35.400390625,T6,2.5978108987829724e-13,-12.585392465504741
35.64453125,T6,2.487629652424589e-13,-12.604214275058538
35.888671875,T6,2.620090954167756e-13,-12.581683632265165
36.1328125,T6,2.427570877133879e-13,-12.614828081255684
36.376953125,T6,2.628905155028094e-13,-12.580225081976923
36.62109375,T6,2.353114383682505e-13,-12.628356961478996
36.865234375,T6,2.2550890145077252e-13,-12.646836310661175
37.109375,T6,2.3876362842556243e-13,-12.622031829875747
37.353515625,T6,2.821980111936005e-13,-12.54944605128574
37.59765625,T6,2.5106853556916453e-13,-12.600207710564277
37.841796875,T6,2.46771684929602e-13,-12.607704673586515
38.0859375,T6,2.3259368658983413e-13,-12.633402077726267
38.330078125,T6,2.630663728169885e-13,-12.579934663253669
38.57421875,T6,2.520930489578379e-13,-12.598439129098933
38.818359375,T6,2.5945346991374644e-13,-12.585940516704202
39.0625,T6,2.3029954833936705e-13,-12.637706913767914
39.306640625,T6,2.2868270595433093e-13,-12.640766677512158
39.55078125,T6,2.496182107874065e-13,-12.602723734069816
39.794921875,T6,2.431197740721428e-13,-12.614179716511806
0.0,Fz,5.717065530650817e-10,-9.24282682974883
0.244140625,Fz,4.656634202450341e-09,-8.331927876324698
0.48828125,Fz,1.9638842931075363e-09,-8.706884103282883
0.732421875,Fz,8.826372424028753e-10,-9.054217751680548
0.9765625,Fz,5.186556375280763e-10,-9.285120897178379
1.220703125,Fz,3.272583107193754e-10,-9.485109315735997
1.46484375,Fz,2.3173854459909614e-10,-9.635001724887294
1.708984375,Fz,1.589322216811234e-10,-9.798788045651758
1.953125,Fz,1.3412931866760443e-10,-9.872476281478445
2.197265625,Fz,9.713880939453305e-11,-10.012607223866413
2.44140625,Fz,7.47382795488685e-11,-10.126456903690459
2.685546875,Fz,6.171664236425724e-11,-10.209597709348046
2.9296875,Fz,5.0543713383026815e-11,-10.296332854174816
3.173828125,Fz,4.145760935348284e-11,-10.382395745043054
3.41796875,Fz,3.617399861757723e-11,-10.441603482347968
3.662109375,Fz,3.075666842139569e-11,-10.5120607093311
3.90625,Fz,2.4574091793143124e-11,-10.609522523811794
4.150390625,Fz,2.1075639843267808e-11,-10.67621923159374
4.39453125,Fz,1.7306959342133868e-11,-10.761779226574559
4.638671875,Fz,1.4736546020996638e-11,-10.831604295296478
4.8828125,Fz,1.357821924795366e-11,-10.8671571830377
5.126953125,Fz,1.1259551182451847e-11,-10.948478920574312
5.37109375,Fz,1.0578957939143885e-11,-10.975557109575714
5.615234375,Fz,9.516228907140078e-12,-11.021535119817607
5.859375,Fz,8.983651013351385e-12,-11.046547127396597
6.103515625,Fz,8.124891725969823e-12,-11.090182417810892
6.34765625,Fz,7.293220445405622e-12,-11.13708065922237
6.591796875,Fz,5.9479671454496986e-12,-11.225631439038668
6.8359375,Fz,5.0781984844161885e-12,-11.294290328471735
7.080078125,Fz,5.4961972698582106e-12,-11.259937687943893
7.32421875,Fz,5.138111079868666e-12,-11.28919651103648
7.568359375,Fz,5.025297945748349e-12,-11.298838184184401
7.8125,Fz,4.321105079659128e-12,-11.364405172485059
8.056640625,Fz,4.614908722458716e-12,-11.335836884394197
8.30078125,Fz,4.304446123881853e-12,-11.366082723610381
8.544921875,Fz,3.4229620062883625e-12,-11.465597921356101
8.7890625,Fz,3.4585747234686627e-12,-11.461102836830886
9.033203125,Fz,3.3432058969521e-12,-11.475836875828447
9.27734375,Fz,3.1348242630342438e-12,-11.503786800521857
9.521484375,Fz,3.0698153476015277e-12,-11.512887746975432
9.765625,Fz,2.621539327541935e-12,-11.58144362274662
10.009765625,Fz,2.157194783047846e-12,-11.666110638678829
10.25390625,Fz,2.172540967356075e-12,-11.6630320253608
10.498046875,Fz,2.3545206992398056e-12,-11.6280974872021
10.7421875,Fz,2.0115341188580264e-12,-11.696472596696447
10.986328125,Fz,2.0377584814685127e-12,-11.690847290585301
11.23046875,Fz,1.897509058156575e-12,-11.72181614223194
11.474609375,Fz,1.9864448206571097e-12,-11.701923494246659
11.71875,Fz,1.6675635186432146e-12,-11.777917614520344
11.962890625,Fz,1.4506982573548821e-12,-11.838422910645217
12.20703125,Fz,1.6307492481855737e-12,-11.787612813025577
12.451171875,Fz,1.5349937047231585e-12,-11.813893401300541
12.6953125,Fz,1.505977484924612e-12,-11.822181520994612
12.939453125,Fz,1.4915018769439984e-12,-11.826376195774323
13.18359375,Fz,1.3463429405177869e-12,-11.870844302516021
13.427734375,Fz,1.253149905862446e-12,-11.901996974181607
13.671875,Fz,1.2093134853188772e-12,-11.917461104187634
13.916015625,Fz,1.113257023376971e-12,-11.953404556287248
14.16015625,Fz,1.0523678150308324e-12,-11.977832442578212
14.404296875,Fz,1.0599326156226545e-12,-11.97472174378567
14.6484375,Fz,8.672699223710295e-13,-12.061845715035712
14.892578125,Fz,9.25459798042734e-13,-12.033642442245942
15.13671875,Fz,9.395132460997654e-13,-12.027097092447457
15.380859375,Fz,8.801612535298954e-13,-12.055437753869576
15.625,Fz,8.569384961329689e-13,-12.067050346978299
15.869140625,Fz,8.317043197865349e-13,-12.080031042829967
16.11328125,Fz,8.78923363784176e-13,-12.056048990838194
16.357421875,Fz,7.723209352504392e-13,-12.112202192611436
16.6015625,Fz,7.412276712435358e-13,-12.130048376125865
16.845703125,Fz,8.032557664310925e-13,-12.095146148041973
17.08984375,Fz,6.695211097573136e-13,-12.174235725288888
17.333984375,Fz,6.826735895940834e-13,-12.165786898254838
17.578125,Fz,6.919794724645769e-13,-12.159906788675599
17.822265625,Fz,6.663715899938329e-13,-12.176283526865255
18.06640625,Fz,6.644747396925289e-13,-12.177521524308407
18.310546875,Fz,6.844709053543342e-13,-12.164645007592243
18.5546875,Fz,5.972523553466426e-13,-12.223842128874807
18.798828125,Fz,5.972335284781688e-13,-12.223855819124648
19.04296875,Fz,6.126225444731828e-13,-12.21280702522428
19.287109375,Fz,5.208768090447599e-13,-12.28326497819429
19.53125,Fz,5.107143142902759e-13,-12.291821969577084
19.775390625,Fz,5.386057750316372e-13,-12.268728994313058
20.01953125,Fz,4.603803268077165e-13,-12.336883243125216
20.263671875,Fz,4.552795936553596e-13,-12.341721815014637
20.5078125,Fz,4.877347164898274e-13,-12.311816330643085
20.751953125,Fz,4.561647007162578e-13,-12.34087832466498
20.99609375,Fz,4.749985946076855e-13,-12.32330767533309
21.240234375,Fz,4.857173559119218e-13,-12.31361637780737
21.484375,Fz,4.987394670220149e-13,-12.302126263159874
21.728515625,Fz,4.908316822309036e-13,-12.309067412175729
21.97265625,Fz,4.607484838903419e-13,-12.336536085168339
22.216796875,Fz,4.1975632448167433e-13,-12.37700275161207
22.4609375,Fz,4.531723944674658e-13,-12.343736553565044
22.705078125,Fz,4.286930066348146e-13,-12.367853601174888
22.94921875,Fz,3.64440507163601e-13,-12.438373357659728
23.193359375,Fz,3.6355147947015243e-13,-12.439434083658224
23.4375,Fz,3.590546319985935e-13,-12.444839466267396
23.681640625,Fz,3.1939333910487945e-13,-12.495674145242493
23.92578125,Fz,3.826449729703183e-13,-12.417203987876388
24.169921875,Fz,3.5641951165988175e-13,-12.448038529174243
24.4140625,Fz,3.146832975763852e-13,-12.502126307493233
24.658203125,Fz,3.193515688585065e-13,-12.49573094596938
24.90234375,Fz,3.401420756545079e-13,-12.468339642415035
25.146484375,Fz,3.0884280646654263e-13,-12.510262509748884
25.390625,Fz,3.096188944411669e-13,-12.509172544432444
25.634765625,Fz,2.7591962823592226e-13,-12.55921740379287
25.87890625,Fz,2.967050651277956e-13,-12.527675039668074
26.123046875,Fz,3.480948387440034e-13,-12.458302416019407
26.3671875,Fz,3.168977372890129e-13,-12.499080861745023
26.611328125,Fz,2.731424122533599e-13,-12.563610859444719
26.85546875,Fz,3.0253240074935485e-13,-12.519228106257426
27.099609375,Fz,2.9107705661048563e-13,-12.535992025341514
27.34375,Fz,2.662129584877033e-13,-12.574770808129832
27.587890625,Fz,3.194312311715052e-13,-12.49562262463346
27.83203125,Fz,2.9354872142444184e-13,-12.532319806887472
28.076171875,Fz,2.8092608529571054e-13,-12.551407932660265
28.3203125,Fz,2.6981414434027986e-13,-12.568935287251513
28.564453125,Fz,2.5295578357939453e-13,-12.59695538643568
28.80859375,Fz,2.4937763541682483e-13,-12.603142497331335
29.052734375,Fz,2.4611249371490473e-13,-12.608866339106148
29.296875,Fz,2.596519102249685e-13,-12.585608478009762
29.541015625,Fz,2.443706495145196e-13,-12.61195095685558
29.78515625,Fz,2.2979834693980024e-13,-12.638653099744797
30.029296875,Fz,2.443101404499571e-13,-12.61205850662434
30.2734375,Fz,2.6408677999085415e-13,-12.578253338742812
30.517578125,Fz,2.70901149991712e-13,-12.567189151356663
30.76171875,Fz,2.500299071430527e-13,-12.602008040406519
31.005859375,Fz,2.455619242413352e-13,-12.60983897211484
31.25,Fz,2.272868028311083e-13,-12.643425780394777
31.494140625,Fz,2.112870552253328e-13,-12.675127109745693
31.73828125,Fz,2.309321328015063e-13,-12.63651563344292
31.982421875,Fz,2.1923433905078777e-13,-12.65909142056967
32.2265625,Fz,2.042415499323422e-13,-12.689855902451214
32.470703125,Fz,2.182574656680245e-13,-12.661030891984485
32.71484375,Fz,2.276922496995424e-13,-12.642651751861829
32.958984375,Fz,2.2267019273938932e-13,-12.652337914960578
33.203125,Fz,2.136076126955349e-13,-12.670383273681173
33.447265625,Fz,1.9200059125194992e-13,-12.71669743391591
33.69140625,Fz,1.974383960942216e-13,-12.70456838565667
33.935546875,Fz,2.0555896692860617e-13,-12.687063573601835
34.1796875,Fz,2.1629107788857578e-13,-12.664961395048548
34.423828125,Fz,1.8013936798816766e-13,-12.744391365294565
34.66796875,Fz,2.149432218332459e-13,-12.667676245670645
34.912109375,Fz,1.8672699163545277e-13,-12.728792899667122
35.15625,Fz,1.771377538376569e-13,-12.751688866613712
35.400390625,Fz,1.5369263836370882e-13,-12.813346934026516
35.64453125,Fz,1.6020290700769764e-13,-12.795329607565469
35.888671875,Fz,1.793917510877515e-13,-12.746197530853998
36.1328125,Fz,1.6334842257599385e-13,-12.786885055065797
36.376953125,Fz,1.751890385075197e-13,-12.756493070911237
36.62109375,Fz,1.8683505713036957e-13,-12.728541630837267
36.865234375,Fz,1.7257763684290869e-13,-12.763015482230102
37.109375,Fz,1.774578224411619e-13,-12.750904851948091
37.353515625,Fz,1.7363546883716384e-13,-12.760361555963334
37.59765625,Fz,1.6245226881612454e-13,-12.789274218899221
37.841796875,Fz,1.5252807883472274e-13,-12.816650199855093
38.0859375,Fz,1.4591294471413733e-13,-12.835906177821823
38.330078125,Fz,1.6270491031949408e-13,-12.788599340164055
38.57421875,Fz,1.9362012340456026e-13,-12.713049507413038
38.818359375,Fz,1.892323183824573e-13,-12.723004689834113
39.0625,Fz,1.5926939428457876e-13,-12.797867671595897
39.306640625,Fz,1.754094179082951e-13,-12.755947092635887
39.55078125,Fz,1.7334069175693481e-13,-12.761099474614088
39.794921875,Fz,1.84154807576046e-13,-12.73481693889707
0.0,Cz,4.534286298936413e-10,-9.34349106159751
0.244140625,Cz,3.3983750828700467e-09,-8.468728689201274
0.48828125,Cz,1.6502927277407099e-09,-8.782439014109302
0.732421875,Cz,8.116354147169616e-10,-9.0906390113176
0.9765625,Cz,4.692989613795761e-10,-9.32855040693734
1.220703125,Cz,3.0635898840958016e-10,-9.51376937317627
1.46484375,Cz,2.1275464111078047e-10,-9.672120957274787
1.708984375,Cz,1.534039987656351e-10,-9.814163319531659
1.953125,Cz,1.2802047725804434e-10,-9.892720558095167
2.197265625,Cz,9.452669828670915e-11,-10.024445511268565
2.44140625,Cz,7.036731945367294e-11,-10.152628992508932
2.685546875,Cz,5.848405018629474e-11,-10.232962558884497
2.9296875,Cz,4.786939830247607e-11,-10.319942031376558
3.173828125,Cz,3.9370945207636627e-11,-10.404824158653174
3.41796875,Cz,3.361217229445738e-11,-10.473503418949457
3.662109375,Cz,2.952614116321147e-11,-10.529793308234066
3.90625,Cz,2.283437182753486e-11,-10.64141093131285
4.150390625,Cz,2.035891568569866e-11,-10.69124535621042
4.39453125,Cz,1.683568479071328e-11,-10.77376921400832
4.638671875,Cz,1.465383671676259e-11,-10.834048651981131
4.8828125,Cz,1.2948364887975564e-11,-10.88778507057612
5.126953125,Cz,1.0146320334842808e-11,-10.993691430461503
5.37109375,Cz,9.508835701708271e-12,-11.021872656488336
5.615234375,Cz,8.627838491377044e-12,-11.064097993258903
5.859375,Cz,8.254986850620295e-12,-11.083283614188904
6.103515625,Cz,7.62827165482176e-12,-11.117573849437077
6.34765625,Cz,7.08867527107286e-12,-11.149434918021129
6.591796875,Cz,5.636085477693162e-12,-11.249022428939373
6.8359375,Cz,4.754989257714327e-12,-11.32285045986656
7.080078125,Cz,5.352394345921653e-12,-11.27145189674461
7.32421875,Cz,4.983306591848888e-12,-11.30248239256964
7.568359375,Cz,4.4463433453093816e-12,-11.351997004251542
7.8125,Cz,4.002302574612939e-12,-11.397690081737423
8.056640625,Cz,4.129893951821973e-12,-11.384061100094167
8.30078125,Cz,3.7437144582091215e-12,-11.42669728331888
8.544921875,Cz,3.009098791741769e-12,-11.52156355370093
8.7890625,Cz,3.0161742565119225e-12,-11.520543571139335
9.033203125,Cz,2.8853778720001e-12,-11.539797303139729
9.27734375,Cz,2.704399011805541e-12,-11.567929231428229
9.521484375,Cz,2.8185040589609494e-12,-11.549981335410735
9.765625,Cz,2.3450945088901186e-12,-11.629839650235724
10.009765625,Cz,1.901188844810585e-12,-11.720974742584422
10.25390625,Cz,2.0877009046673535e-12,-11.680331720591639
10.498046875,Cz,2.1808794688857725e-12,-11.661368336000525
10.7421875,Cz,1.8430587141272877e-12,-11.73446082928699
10.986328125,Cz,1.9294610773522294e-12,-11.7145639779434
11.23046875,Cz,1.7084934474537905e-12,-11.767386682501812
11.474609375,Cz,1.7269563058835473e-12,-11.762718650477547
11.71875,Cz,1.4581458842384285e-12,-11.83619902365159
11.962890625,Cz,1.284272335702311e-12,-11.89134287241078
12.20703125,Cz,1.429606505987828e-12,-11.844783484069715
12.451171875,Cz,1.3867845586469633e-12,-11.857991002703377
12.6953125,Cz,1.3342527531239892e-12,-11.874761892391474
12.939453125,Cz,1.3314387434789098e-12,-11.875678809683967
13.18359375,Cz,1.1844180596806032e-12,-11.926494979229517
13.427734375,Cz,1.1405414304555945e-12,-11.942888934244024
13.671875,Cz,1.075957377146406e-12,-11.968204932421264
13.916015625,Cz,9.60663851149856e-13,-12.01742855107154
14.16015625,Cz,9.369140750383549e-13,-12.028300236697941
14.404296875,Cz,9.491889583748413e-13,-12.022647322440339
14.6484375,Cz,8.090476424581358e-13,-12.092025903298174
14.892578125,Cz,8.236478653091433e-13,-12.084258422817
15.13671875,Cz,8.198013563302424e-13,-12.086291367495178
15.380859375,Cz,8.589074226582537e-13,-12.066053644079567
15.625,Cz,8.338810042061736e-13,-12.07889591927089
15.869140625,Cz,7.650274282185383e-13,-12.116322993983088
16.11328125,Cz,7.53923220851323e-13,-12.122672880202433
16.357421875,Cz,7.122128297388587e-13,-12.147390207248954
16.6015625,Cz,6.717485814243269e-13,-12.172793242022054
16.845703125,Cz,7.07043347014997e-13,-12.150553959905588
17.08984375,Cz,6.240242441795337e-13,-12.20479853706621
17.333984375,Cz,6.426354244245086e-13,-12.192035338217972
17.578125,Cz,6.594136324036629e-13,-12.180842078702591
17.822265625,Cz,6.330083503575619e-13,-12.198590560930052
18.06640625,Cz,6.211746738772363e-13,-12.206786259349762
18.310546875,Cz,6.209601678437284e-13,-12.206936257215508
18.5546875,Cz,5.227540882082247e-13,-12.281702562088807
18.798828125,Cz,5.594340835845745e-13,-12.252251077718194
19.04296875,Cz,5.689685541642521e-13,-12.244911735591447
19.287109375,Cz,5.032753036695774e-13,-12.298194380437707
19.53125,Cz,4.636470153726119e-13,-12.333812531548817
19.775390625,Cz,4.856957170798452e-13,-12.313635726168288
20.01953125,Cz,4.202510612525502e-13,-12.376491181170955
20.263671875,Cz,4.2449806969925953e-13,-12.372124280263058
20.5078125,Cz,4.244407786151489e-13,-12.372182897445624
20.751953125,Cz,4.239220304779318e-13,-12.372714013329428
20.99609375,Cz,4.2513163416417326e-13,-12.371476577856253
21.240234375,Cz,4.333870819861444e-13,-12.363124037884097
21.484375,Cz,4.4239306294427954e-13,-12.354191691713849
21.728515625,Cz,4.579765526291393e-13,-12.339156756328991
21.97265625,Cz,4.2261791761957003e-13,-12.374052094225613
22.216796875,Cz,4.1406463963402744e-13,-12.382931855871742
22.4609375,Cz,4.3697818467320556e-13,-12.359540243836298
22.705078125,Cz,4.034966518639925e-13,-12.394160064617315
22.94921875,Cz,3.5365498115304853e-13,-12.45142022059568
23.193359375,Cz,3.5434016635197723e-13,-12.450579615275354
23.4375,Cz,3.3505807243679663e-13,-12.474879914297164
23.681640625,Cz,3.084962229644476e-13,-12.51075014882925
23.92578125,Cz,3.3568443788378305e-13,-12.47406879190021
24.169921875,Cz,3.2489825359253417e-13,-12.488252623087655
24.4140625,Cz,2.8825670184311945e-13,-12.540220586757806
24.658203125,Cz,2.9649765834141284e-13,-12.527978732226932
24.90234375,Cz,2.8618486161560017e-13,-12.54335334294065
25.146484375,Cz,2.914632414162455e-13,-12.535416209538644
25.390625,Cz,2.906473058910332e-13,-12.53663369831255
25.634765625,Cz,2.469509671902768e-13,-12.607389268572781
25.87890625,Cz,2.5928174815922413e-13,-12.586228053815768
26.123046875,Cz,2.938731907451197e-13,-12.531840031629079
26.3671875,Cz,2.7405911232280295e-13,-12.562155753286294
26.611328125,Cz,2.5240679601995177e-13,-12.597898955948388
26.85546875,Cz,2.660225762650151e-13,-12.575081504980732
27.099609375,Cz,2.5069408594027033e-13,-12.600855911250406
27.34375,Cz,2.3420102576728463e-13,-12.630411207111239
27.587890625,Cz,2.7518023898749605e-13,-12.560382756507838
27.83203125,Cz,2.5101323870359697e-13,-12.60030337276478
28.076171875,Cz,2.441020293332083e-13,-12.612428610076662
28.3203125,Cz,2.538707836964289e-13,-12.595387276320098
28.564453125,Cz,2.2435341660248535e-13,-12.649067312356411
28.80859375,Cz,2.1037779561606582e-13,-12.677000099833403
29.052734375,Cz,2.2320070254582345e-13,-12.651304442748375
29.296875,Cz,2.284722789176546e-13,-12.641166486375017
29.541015625,Cz,2.2386776171261002e-13,-12.65000844290323
29.78515625,Cz,2.0795180824049407e-13,-12.682037298884264
30.029296875,Cz,2.2274724551116982e-13,-12.65218765773641
30.2734375,Cz,2.2836447823912897e-13,-12.641371449044788
30.517578125,Cz,2.481270830484837e-13,-12.605325829937486
30.76171875,Cz,2.253222929405613e-13,-12.647195837916154
31.005859375,Cz,2.2135225507831727e-13,-12.654916049185108
31.25,Cz,1.945131508103394e-13,-12.71105103119539
31.494140625,Cz,1.7720287202549632e-13,-12.75152924353973
31.73828125,Cz,1.8543631533288974e-13,-12.731805210837404
31.982421875,Cz,1.8184163817026625e-13,-12.74030666480452
32.2265625,Cz,1.8158189092833456e-13,-12.740927465628003
32.470703125,Cz,1.9671746836828573e-13,-12.706157073333788
32.71484375,Cz,2.0690586725626894e-13,-12.684227193815211
32.958984375,Cz,1.8442490839584064e-13,-12.734180423584322
33.203125,Cz,1.7738383147634051e-13,-12.751085968611502
33.447265625,Cz,1.6616731752419553e-13,-12.779454390989061
33.69140625,Cz,1.6646050509335244e-13,-12.778688791915476
33.935546875,Cz,1.641113662983449e-13,-12.784861338814652
34.1796875,Cz,1.7010392946524257e-13,-12.769285653904417
34.423828125,Cz,1.4702750152059278e-13,-12.83260142279246
34.66796875,Cz,1.7772682827237833e-13,-12.750247009497974
34.912109375,Cz,1.629296015448266e-13,-12.788000004582441
35.15625,Cz,1.4034695944841494e-13,-12.852796991715536
35.400390625,Cz,1.2130942961587165e-13,-12.91610543927382
35.64453125,Cz,1.3033733565642894e-13,-12.88493116105668
35.888671875,Cz,1.452437677897602e-13,-12.83790249351653
36.1328125,Cz,1.313441204126582e-13,-12.88158936352877
36.376953125,Cz,1.365262388253607e-13,-12.864783874030088
36.62109375,Cz,1.490178741441578e-13,-12.826761636442708
36.865234375,Cz,1.4194537206045352e-13,-12.847878762499676
37.109375,Cz,1.4173090521183637e-13,-12.848535439099827
37.353515625,Cz,1.397969308634634e-13,-12.854502363094582
37.59765625,Cz,1.324387794237761e-13,-12.877984830426474
37.841796875,Cz,1.179664410720277e-13,-12.928241522609985
38.0859375,Cz,1.144302198073779e-13,-12.94145926782934
38.330078125,Cz,1.2921352320189216e-13,-12.888692031661225
38.57421875,Cz,1.4976181941193286e-13,-12.824598892459049
38.818359375,Cz,1.434371204051699e-13,-12.843338442106624
39.0625,Cz,1.2824645576113245e-13,-12.89195462827971
39.306640625,Cz,1.3279663931846744e-13,-12.876812915509515
39.55078125,Cz,1.3059021645603121e-13,-12.884089358270103
39.794921875,Cz,1.4307657742004292e-13,-12.844431457294158
0.0,Pz,4.592787431485574e-10,-9.33792365461891
0.244140625,Pz,3.426542850142796e-09,-8.465143832804939
0.48828125,Pz,1.6638893005478642e-09,-8.778875570930177
0.732421875,Pz,8.027367383940458e-10,-9.095426860460758
0.9765625,Pz,4.6458286565074847e-10,-9.332936811519321
1.220703125,Pz,3.0234710105707215e-10,-9.519494191109478
1.46484375,Pz,2.0864988973487695e-10,-9.680581840463642
1.708984375,Pz,1.540542988481869e-10,-9.812326178294803
1.953125,Pz,1.2869801999021156e-10,-9.89042813463361
2.197265625,Pz,9.329599779091311e-11,-10.030136986206369
2.44140625,Pz,6.946829959689692e-11,-10.15821333139371
2.685546875,Pz,5.747783736314055e-11,-10.24049958081136
2.9296875,Pz,4.75103380894276e-11,-10.323211879076682
3.173828125,Pz,3.9548671240845355e-11,-10.402868103379017
3.41796875,Pz,3.3548024541646744e-11,-10.47433304795165
3.662109375,Pz,2.901799636452553e-11,-10.537332578041333
3.90625,Pz,2.2650023760223768e-11,-10.644931338069311
4.150390625,Pz,2.1112993491101057e-11,-10.67545018618554
4.39453125,Pz,1.742257873056726e-11,-10.758887564278366
4.638671875,Pz,1.522508704901715e-11,-10.817440215621213
4.8828125,Pz,1.2934892176782e-11,-10.888237187142549
5.126953125,Pz,1.034592775699988e-11,-10.985230558485013
5.37109375,Pz,9.826821654431412e-12,-11.007586925824354
5.615234375,Pz,8.315766260238315e-12,-11.080097726328944
5.859375,Pz,7.90641660951177e-12,-11.102020305292173
6.103515625,Pz,7.526969429865929e-12,-11.123379847811549
6.34765625,Pz,7.068030961172987e-12,-11.150701556754813
6.591796875,Pz,5.726110261509979e-12,-11.242140293494947
6.8359375,Pz,4.997160298026461e-12,-11.301276719112193
7.080078125,Pz,5.403549919574768e-12,-11.267320832038136
7.32421875,Pz,5.114265713145418e-12,-11.291216711828845
7.568359375,Pz,4.357922104576928e-12,-11.360720536791632
7.8125,Pz,3.8561005964927886e-12,-11.413851644911363
8.056640625,Pz,3.8209639411729095e-12,-11.417827060773648
8.30078125,Pz,3.706514575829679e-12,-11.431034287680388
8.544921875,Pz,2.961951307766297e-12,-11.52842208522812
8.7890625,Pz,3.0187114117820773e-12,-11.5201784034596
9.033203125,Pz,2.923674523117415e-12,-11.534070976680601
9.27734375,Pz,2.807417831795866e-12,-11.551692945919527
9.521484375,Pz,2.9014610386722032e-12,-11.537383256842782
9.765625,Pz,2.481205072074788e-12,-11.605337339722192
10.009765625,Pz,2.062148105455506e-12,-11.685680146485966
10.25390625,Pz,2.232825300062917e-12,-11.65114525551644
10.498046875,Pz,2.3871163759939197e-12,-11.622126407880563
10.7421875,Pz,2.0476737784877098e-12,-11.688739231039719
10.986328125,Pz,2.0052182858812698e-12,-11.697838343645497
11.23046875,Pz,1.7901439022199733e-12,-11.747112056490439
11.474609375,Pz,1.703161593617746e-12,-11.768744144822403
11.71875,Pz,1.503752515863854e-12,-11.822823633052016
11.962890625,Pz,1.3812768406915485e-12,-11.85971926976649
12.20703125,Pz,1.6001729620225297e-12,-11.795833072098972
12.451171875,Pz,1.5311338251670197e-12,-11.814986849150465
12.6953125,Pz,1.3773443045312317e-12,-11.860957482497637
12.939453125,Pz,1.3977700410365245e-12,-11.854564272169503
13.18359375,Pz,1.2180970369161494e-12,-11.914318113247822
13.427734375,Pz,1.2581265323911464e-12,-11.900275678798675
13.671875,Pz,1.1378906250601116e-12,-11.943899480661239
13.916015625,Pz,1.0373702481379928e-12,-11.984066211764434
14.16015625,Pz,9.58678516412263e-13,-12.01832700487879
14.404296875,Pz,9.373688669252697e-13,-12.02808947491128
14.6484375,Pz,8.283803608243006e-13,-12.081770205875566
14.892578125,Pz,8.182342680626685e-13,-12.087122335985438
15.13671875,Pz,8.293541424758129e-13,-12.081259981776796
15.380859375,Pz,9.677684408035513e-13,-12.01422854445962
15.625,Pz,8.767958770584431e-13,-12.057101501030072
15.869140625,Pz,7.983221214679804e-13,-12.097821836282792
16.11328125,Pz,7.978602463451898e-13,-12.098073173256312
16.357421875,Pz,7.050852413306144e-13,-12.151758375772193
16.6015625,Pz,6.589647071000277e-13,-12.181137844771934
16.845703125,Pz,7.051964141826515e-13,-12.151689904689004
17.08984375,Pz,6.379869264798037e-13,-12.195188220676728
17.333984375,Pz,6.617797427314214e-13,-12.179286530851913
17.578125,Pz,6.491459110477488e-13,-12.187657674169468
17.822265625,Pz,6.643841208258684e-13,-12.177580755992036
18.06640625,Pz,6.364199175062965e-13,-12.19625623705858
18.310546875,Pz,6.229863336877922e-13,-12.20552148025749
18.5546875,Pz,5.265823680383868e-13,-12.278533686801984
18.798828125,Pz,5.912770107261167e-13,-12.228209006353309
19.04296875,Pz,5.831281337784465e-13,-12.234236004968967
19.287109375,Pz,4.961294893537275e-13,-12.304404958243047
19.53125,Pz,4.714392470558804e-13,-12.3265742655319
19.775390625,Pz,4.815686606344235e-13,-12.317341783702883
20.01953125,Pz,4.156435497784553e-13,-12.38127895476839
20.263671875,Pz,4.2236933719499166e-13,-12.374307617866242
20.5078125,Pz,4.0363140062924344e-13,-12.394015055047756
20.751953125,Pz,4.1588264292835444e-13,-12.38102920475586
20.99609375,Pz,4.321148622624812e-13,-12.364400796203043
21.240234375,Pz,4.420728388148769e-13,-12.354506167553271
21.484375,Pz,4.4127690346764144e-13,-12.355288803028797
21.728515625,Pz,4.215963467537048e-13,-12.375103161058274
21.97265625,Pz,4.00638981088751e-13,-12.397246797308718
22.216796875,Pz,4.0350488895579314e-13,-12.394151198900621
22.4609375,Pz,4.28102018541996e-13,-12.36845272442081
22.705078125,Pz,3.972904299004603e-13,-12.4008918962874
22.94921875,Pz,3.49374989325734e-13,-12.456708188038267
23.193359375,Pz,3.228999081631518e-13,-12.490932078501706
23.4375,Pz,3.088110839248232e-13,-12.51030712025016
23.681640625,Pz,2.975744333234652e-13,-12.52640438476431
23.92578125,Pz,3.12229258706904e-13,-12.505526402043742
24.169921875,Pz,3.030715347216794e-13,-12.518454851800747
24.4140625,Pz,2.835016564740127e-13,-12.547444399221087
24.658203125,Pz,2.855883901962727e-13,-12.544259451574362
24.90234375,Pz,2.560526840656731e-13,-12.59167066732499
25.146484375,Pz,2.69196299499296e-13,-12.569930914426077
25.390625,Pz,2.851014896746289e-13,-12.545000513466475
25.634765625,Pz,2.5145003348406097e-13,-12.599548302210714
25.87890625,Pz,2.7218539493149946e-13,-12.565135182111487
26.123046875,Pz,2.906307276233648e-13,-12.536658470795784
26.3671875,Pz,2.7344340775743255e-13,-12.563132542243926
26.611328125,Pz,2.531697540820156e-13,-12.596588180249862
26.85546875,Pz,2.6325594587553334e-13,-12.579621811094906
27.099609375,Pz,2.2919554705719433e-13,-12.639793824345464
27.34375,Pz,2.292887755928717e-13,-12.639617204831302
27.587890625,Pz,2.6300102979254737e-13,-12.580042551007029
27.83203125,Pz,2.4690684295457804e-13,-12.607466873550324
28.076171875,Pz,2.396806082734553e-13,-12.620367101804936
28.3203125,Pz,2.43086991789653e-13,-12.614238280749948
28.564453125,Pz,2.291461357518375e-13,-12.639887462162612
28.80859375,Pz,2.1912075242157918e-13,-12.65931648946175
29.052734375,Pz,2.3382445318566974e-13,-12.631110072608429
29.296875,Pz,2.2179114703229231e-13,-12.654055793045996
29.541015625,Pz,2.157920321612211e-13,-12.66596459511325
29.78515625,Pz,2.0798653030353165e-13,-12.681964790057762
30.029296875,Pz,2.2978878154330735e-13,-12.638671177705024
30.2734375,Pz,2.4106114054264175e-13,-12.617872792974197
30.517578125,Pz,2.626510261341334e-13,-12.580620898140822
30.76171875,Pz,2.322796166548819e-13,-12.633988899380606
31.005859375,Pz,2.414918156370788e-13,-12.617097583272242
31.25,Pz,2.0951500988053561e-13,-12.678784858259588
31.494140625,Pz,1.8438917295276357e-13,-12.73426458363444
31.73828125,Pz,1.956471030016666e-13,-12.7085265784288
31.982421875,Pz,1.8748921250028078e-13,-12.727023715063607
32.2265625,Pz,1.869251538690774e-13,-12.72833225318783
32.470703125,Pz,2.09388202118702e-13,-12.679047792089321
32.71484375,Pz,2.1927265279749471e-13,-12.659015529196774
32.958984375,Pz,1.8970267320921145e-13,-12.721926549175494
33.203125,Pz,1.86247799237728e-13,-12.729908850308838
33.447265625,Pz,1.669584994357868e-13,-12.777391467210967
33.69140625,Pz,1.6671670923871418e-13,-12.77802087067887
33.935546875,Pz,1.640766656802305e-13,-12.784953178160109
34.1796875,Pz,1.8628045613378885e-13,-12.729832707307134
34.423828125,Pz,1.5412650393508797e-13,-12.812122672618283
34.66796875,Pz,1.7368065616812982e-13,-12.760248548779456
34.912109375,Pz,1.6812453361082445e-13,-12.774368907415012
35.15625,Pz,1.4729667284117738e-13,-12.831807062953951
35.400390625,Pz,1.3907668345565461e-13,-12.856745674431705
35.64453125,Pz,1.4120047460796404e-13,-12.85016384351599
35.888671875,Pz,1.5780026095758305e-13,-12.801892282924161
36.1328125,Pz,1.3697404626458765e-13,-12.86336171482805
36.376953125,Pz,1.5030329070061486e-13,-12.823031510980131
36.62109375,Pz,1.5629282053080245e-13,-12.806060971280036
36.865234375,Pz,1.5596781620001792e-13,-12.806965008624609
37.109375,Pz,1.4177332313059924e-13,-12.84840548076871
37.353515625,Pz,1.4915642393597918e-13,-12.826358037508964
37.59765625,Pz,1.3467329248607386e-13,-12.870718522138622
37.841796875,Pz,1.2646638640850449e-13,-12.898024890592229
38.0859375,Pz,1.2577821575526514e-13,-12.9003945703098
38.330078125,Pz,1.406161621695653e-13,-12.851964759418196
38.57421875,Pz,1.617605000346877e-13,-12.791127519258206
38.818359375,Pz,1.54915330236579e-13,-12.809905602849472
39.0625,Pz,1.354585468268886e-13,-12.868193587731936
39.306640625,Pz,1.389710830213073e-13,-12.85707555795287
39.55078125,Pz,1.406539675680457e-13,-12.851848012744382
39.794921875,Pz,1.581463683411613e-13,-12.800940776732787
